Step,Train Invar Loss,Train SIGReg Loss,Train Grad Norm,Valid Embed Std,Valid KNN MCC,Valid LogReg MCC
0,,,,0.1624081879854202,0.2342555785488233,0.2667362132494996
10,0.0839839093387126,73.9,18.0335750579834,,,
20,0.0878012306988239,73.75,17.45907402038574,,,
30,0.0923566929996013,71.3,18.83058929443359,,,
40,0.097896683961153,66.925,20.28714561462402,,,
50,0.1022311635315418,60.175,18.39674758911133,,,
60,0.1080655552446842,53.075,16.90464973449707,,,
70,0.1233200646936893,45.1,14.02910995483398,,,
80,0.1451728269457817,37.65,10.22635841369629,,,
90,0.164655889570713,31.425,8.558754920959473,,,
100,0.1972925379872322,25.675,5.90601921081543,,,
110,0.2202118203043938,21.725,4.736443042755127,,,
120,0.2630115509033203,18.35,4.029536247253418,,,
130,0.29799864590168,15.70625,3.600613594055176,,,
140,0.3196924924850464,14.19375,3.270425796508789,,,
150,0.3285358160734176,12.89375,3.036312818527222,,,
160,0.3581224054098129,11.7625,2.337875843048096,,,
170,0.3669579982757568,11.3625,2.61936092376709,,,
180,0.3731782615184784,10.8375,3.056061744689941,,,
190,0.3998994678258896,10.2,3.086142301559448,,,
200,0.4100529879331589,9.5375,2.949187278747559,,,
210,0.4511280685663223,9.028125,2.354785919189453,,,
220,0.4529623985290527,8.31875,3.073228597640991,,,
230,0.4503068596124649,8.10625,2.195929288864136,,,
240,0.4517149418592453,7.8875,2.463872909545898,,,
250,0.4773668825626373,6.753125,1.865879416465759,,,
260,0.4659379869699478,6.81875,1.95007598400116,,,
270,0.4921917498111725,6.2,1.923261046409607,,,
280,0.4820974439382553,6.140625,1.907756209373474,,,
290,0.4892837226390839,6.04375,1.69512951374054,,,
300,0.4814982116222382,5.88125,1.885861277580261,,,
310,0.4666636943817138,6.396875,2.592620611190796,,,
320,0.4832444190979004,5.709375,2.8674252033233643,,,
330,0.4617870718240738,5.884375,2.236322402954102,,,
340,0.4757734090089798,5.471875,1.975390791893005,,,
350,0.4724138200283051,5.740625,2.066298246383667,,,
360,0.4686781227588653,5.415625,2.493102312088013,,,
370,0.4533873051404953,5.528125,2.538194894790649,,,
380,0.4606639951467514,5.20625,2.254133939743042,,,
390,0.4487591415643692,5.503125,1.991968750953674,,,
400,0.4482519298791885,5.225,4.16445255279541,,,
410,0.4514768451452255,5.33125,2.346529960632324,,,
420,0.4286238431930542,5.775,3.755585908889771,,,
430,0.4317372351884842,5.334375,2.066536426544189,,,
440,0.4131145596504212,5.378125,2.961925745010376,,,
450,0.4326355755329132,5.0125,3.260984420776367,,,
460,0.3992130696773529,5.434375,2.557919502258301,,,
470,0.4392017841339111,4.709375,2.406763315200806,,,
480,0.4015513777732849,5.3375,4.092179298400879,,,
490,0.4170619070529938,4.840625,3.876004695892334,,,
500,0.4038006275892257,4.778125,2.7629036903381348,,,
510,0.3971060365438461,4.70625,2.395744562149048,,,
520,0.391618138551712,4.8125,3.600874185562134,,,
530,0.3709026306867599,4.934375,3.066816806793213,,,
540,0.371634778380394,4.6828125,4.961505889892578,,,
550,0.3753552496433258,4.79375,4.695061206817627,,,
560,0.3716558337211609,4.7015625,4.451467037200928,,,
570,0.3747690856456757,4.5390625,1.845048427581787,,,
580,0.3560258537530899,4.353125,4.1827778816223145,,,
590,0.3580649048089981,4.2828125,4.503616809844971,,,
600,0.3583639532327652,4.2890625,5.069470882415771,,,
610,0.3445952743291855,4.275,5.3258957862854,,,
620,0.3627763509750366,4.0828125,6.421439170837402,,,
630,0.3354129195213318,4.2296875,6.574819087982178,,,
640,0.3521111845970154,3.8734375,4.525722026824951,,,
650,0.338548555970192,3.96875,5.170410633087158,,,
660,0.3476822763681412,3.7109375,4.291515827178955,,,
670,0.3361917287111282,3.675,3.4462697505950928,,,
680,0.31417096555233,3.8890625,4.2380900382995605,,,
690,0.340811014175415,3.5375,6.412315845489502,,,
700,0.3249800175428391,3.7484375,3.661649227142334,,,
710,0.3291011154651642,3.328125,3.154690742492676,,,
720,0.3113361656665802,3.5484375,3.9781699180603023,,,
730,0.3153689920902252,3.2375,4.254271984100342,,,
740,0.3262835502624511,3.1625,3.135033130645752,,,
750,0.321381065249443,3.2625,3.235790729522705,,,
760,0.3129493802785873,3.1609375,3.223217248916626,,,
770,0.3175857126712799,3.0640625,3.053657293319702,,,
780,0.314203143119812,3.1921875,5.898196697235107,,,
790,0.322282999753952,2.878125,3.092912912368774,,,
800,0.3051764100790024,3.0546875,4.163723468780518,,,
810,0.3087784796953201,2.8609375,7.5874834060668945,,,
820,0.3043190121650696,2.875,6.565806865692139,,,
830,0.3073172301054001,2.7484375,6.569851875305176,,,
840,0.3018775224685669,2.9875,3.933450937271118,,,
850,0.2995550096035003,2.7390625,3.712773084640503,,,
860,0.3101978093385697,2.54375,5.623179912567139,,,
870,0.3025388658046723,2.3984375,8.157429695129395,,,
880,0.3099689185619354,2.290625,2.862927198410034,,,
890,0.301428484916687,2.496875,4.765085697174072,,,
900,0.3033883213996887,2.290625,7.351458072662354,,,
910,0.2897173941135406,2.28828125,6.622267723083496,,,
920,0.3034676194190979,2.16484375,6.5662102699279785,,,
930,0.3036153972148895,2.1109375,4.282180786132812,,,
940,0.2985478758811951,2.16875,1.782396554946899,,,
950,0.2967132359743118,2.06875,8.083751678466797,,,
960,0.2966454952955246,2.0703125,4.856668949127197,,,
970,0.2980019241571427,1.92734375,5.355635643005371,,,
980,0.3040135145187378,1.98828125,1.764657735824585,,,
990,0.2977584034204483,1.9921875,3.52687931060791,,,
1000,0.2921751588582993,1.99140625,3.805334091186523,0.4476802051067352,0.3030399770174317,0.3775024167074891
1010,0.2911059439182281,1.859375,2.433667421340942,,,
1020,0.28967325091362,1.90859375,6.180249691009521,,,
1030,0.2934937208890915,2.1375,4.95098352432251,,,
1040,0.2937583684921264,1.865625,4.678178787231445,,,
1050,0.2901251316070557,1.92890625,8.180471420288086,,,
1060,0.2884774386882782,2.021875,2.705102920532227,,,
1070,0.2757379233837128,2.05546875,6.819986343383789,,,
1080,0.2850135117769241,1.8890625,5.34201192855835,,,
1090,0.2925649404525757,1.77421875,2.448920965194702,,,
1100,0.2796509206295014,1.88828125,4.412287712097168,,,
1110,0.2893043339252472,1.725,5.396656513214111,,,
1120,0.2788505256175995,1.86015625,2.004311561584473,,,
1130,0.2839486181735992,1.771875,3.841044664382935,,,
1140,0.2879916220903397,1.803125,1.5216172933578491,,,
1150,0.2742702722549438,1.94375,9.132457733154297,,,
1160,0.2769467145204544,1.8203125,7.714694023132324,,,
1170,0.2758007645606995,1.75859375,4.768389701843262,,,
1180,0.2738211840391159,1.7625,6.022321224212646,,,
1190,0.2716458141803741,1.72265625,4.590863227844238,,,
1200,0.2753331571817398,1.73046875,2.929152011871338,,,
1210,0.2674527257680893,1.93359375,10.44862651824951,,,
1220,0.2739562779664994,1.77734375,5.393853187561035,,,
1230,0.2684087380766869,1.7359375,3.168632507324219,,,
1240,0.2629315212368965,1.9625,3.910194635391235,,,
1250,0.2611765667796135,1.7453125,2.736928224563599,,,
1260,0.2633101224899292,1.85625,3.915270328521729,,,
1270,0.2628379836678505,1.77421875,3.044449329376221,,,
1280,0.2595162838697433,1.84296875,5.959766864776611,,,
1290,0.262657918035984,1.65390625,2.967180252075195,,,
1300,0.2518694475293159,1.82890625,2.229793310165405,,,
1310,0.2521061584353447,1.7109375,6.536617279052734,,,
1320,0.2494471669197083,1.77734375,3.560157299041748,,,
1330,0.2551292806863785,1.73828125,3.122848272323608,,,
1340,0.2496029078960419,2.0203125,7.079526424407959,,,
1350,0.2541017308831215,1.790625,1.853515148162842,,,
1360,0.2486291483044624,1.865625,3.854249238967896,,,
1370,0.2516776219010353,1.71484375,1.8486230373382568,,,
1380,0.2510672554373741,1.74296875,5.973971366882324,,,
1390,0.2488009452819824,1.71640625,1.477327942848206,,,
1400,0.2436337798833847,1.796875,5.559249401092529,,,
1410,0.2474835574626923,1.76484375,2.349769830703735,,,
1420,0.2493672832846641,1.6859375,3.565290451049805,,,
1430,0.244987453520298,1.74765625,5.443670272827148,,,
1440,0.2433335244655609,1.6703125,2.534173965454102,,,
1450,0.2443129554390907,1.72109375,5.679879665374756,,,
1460,0.2474259555339813,1.68203125,1.693336606025696,,,
1470,0.2470810949802399,1.72578125,5.224053859710693,,,
1480,0.240992160141468,1.6921875,2.9869918823242188,,,
1490,0.2383395850658417,1.6890625,2.48921012878418,,,
1500,0.2418943837285042,1.59609375,4.194155216217041,,,
1510,0.2381507992744446,1.65625,2.227237701416016,,,
1520,0.2377198934555054,1.7671875,3.5929477214813232,,,
1530,0.2403172120451927,1.6375,3.359089612960815,,,
1540,0.2346239313483238,1.70703125,2.408075094223022,,,
1550,0.2354351326823235,1.78203125,2.689526796340942,,,
1560,0.2382758691906929,1.64921875,6.255322456359863,,,
1570,0.244288632273674,1.66015625,5.210327625274658,,,
1580,0.2363505393266678,1.69765625,5.299008369445801,,,
1590,0.234466427564621,1.63515625,2.000575065612793,,,
1600,0.2367674753069878,1.66640625,1.851509809494019,,,
1610,0.2396429315209389,1.86171875,3.175817966461182,,,
1620,0.2306924790143967,1.790625,4.981536865234375,,,
1630,0.238288339972496,1.65078125,1.565813899040222,,,
1640,0.2238187059760094,1.98203125,3.716623544692993,,,
1650,0.2318778678774834,1.6859375,1.543696999549866,,,
1660,0.234356701374054,1.7234375,2.899461030960083,,,
1670,0.2416855126619339,1.8015625,1.757162809371948,,,
1680,0.239056034386158,1.70546875,6.151126384735107,,,
1690,0.2332339718937874,1.6640625,4.167529106140137,,,
1700,0.2324980929493904,1.7703125,1.813026547431946,,,
1710,0.2329064041376114,1.840625,4.797877311706543,,,
1720,0.2308625847101212,1.5625,3.675775527954102,,,
1730,0.2236122667789459,1.68671875,3.973223686218262,,,
1740,0.2257812589406967,1.8296875,3.490543603897095,,,
1750,0.2317787706851959,1.6875,2.41300106048584,,,
1760,0.2406296297907829,1.6734375,2.458982229232788,,,
1770,0.2240384474396706,1.75078125,3.80428409576416,,,
1780,0.2343123987317085,1.6640625,2.601972103118896,,,
1790,0.2310911118984222,1.71796875,1.513192415237427,,,
1800,0.2310775771737099,1.64765625,1.7779039144515991,,,
1810,0.2243086382746697,1.6703125,3.696949481964111,,,
1820,0.2293590113520622,1.796875,3.5298912525177,,,
1830,0.2241287976503372,1.665625,2.340486288070679,,,
1840,0.2224236667156219,1.77109375,2.674776315689087,,,
1850,0.2241385623812676,1.63984375,3.7631723880767822,,,
1860,0.2298161953687668,1.70078125,2.523227214813232,,,
1870,0.2291427791118622,1.82109375,2.033120155334473,,,
1880,0.230189448595047,1.74140625,3.792895317077637,,,
1890,0.2267232477664947,1.80859375,4.640473365783691,,,
1900,0.2283852204680443,1.71171875,3.594495058059692,,,
1910,0.2253745466470718,1.63203125,1.595672965049744,,,
1920,0.2260767698287964,1.74765625,3.062687635421753,,,
1930,0.2220214143395424,1.63828125,3.254989862442017,,,
1940,0.2253735229372978,1.6328125,4.534113883972168,,,
1950,0.2287812009453773,1.671875,1.47411060333252,,,
1960,0.221733495593071,1.67578125,5.256263732910156,,,
1970,0.2303429037332535,1.6859375,2.204580783843994,,,
1980,0.2228398010134697,1.69453125,1.998398780822754,,,
1990,0.2281965598464012,1.625,1.994478225708008,,,
2000,0.2167666345834732,1.80078125,1.5590112209320068,0.4372599124908447,0.344530564568701,0.4478773110089199
2010,0.2245595157146454,1.703125,2.894842624664307,,,
2020,0.2144499868154526,1.64453125,1.503201961517334,,,
2030,0.2146191850304603,1.68359375,2.408503770828247,,,
2040,0.2203312009572983,1.68671875,1.798085451126099,,,
2050,0.2193410515785217,1.70234375,3.641826152801514,,,
2060,0.2159888014197349,1.71484375,4.188124179840088,,,
2070,0.2207150548696518,1.678125,1.914786696434021,,,
2080,0.2155128657817841,1.57265625,3.344464302062988,,,
2090,0.2124165743589401,1.753125,1.95143735408783,,,
2100,0.215185834467411,1.59140625,1.457098960876465,,,
2110,0.214535591006279,1.70390625,3.010176181793213,,,
2120,0.2136584639549255,1.6828125,4.596191883087158,,,
2130,0.216250242292881,1.7578125,2.700241565704346,,,
2140,0.2182152897119522,1.6921875,2.143515586853027,,,
2150,0.218940569460392,1.76640625,1.502933382987976,,,
2160,0.2153858616948128,1.78671875,2.184811115264893,,,
2170,0.2151016309857368,1.67578125,1.916645288467407,,,
2180,0.2212539732456207,1.6875,1.589973568916321,,,
2190,0.2216967105865479,1.67890625,3.335472106933594,,,
2200,0.2128256380558014,1.634375,4.145622730255127,,,
2210,0.2203819960355759,1.71015625,1.259146332740784,,,
2220,0.2122944489121437,1.66875,3.168110609054565,,,
2230,0.2192440062761307,1.6703125,1.27907121181488,,,
2240,0.2157013267278671,1.60390625,2.087966442108154,,,
2250,0.2165525645017624,1.6640625,2.102711915969849,,,
2260,0.2094920292496681,1.65625,2.03593111038208,,,
2270,0.2170766472816467,1.7234375,3.730637311935425,,,
2280,0.2043690398335457,1.67890625,1.59063196182251,,,
2290,0.215729233622551,1.63828125,3.3843905925750732,,,
2300,0.2100279167294502,1.63046875,2.486531019210815,,,
2310,0.2078655779361725,1.6296875,2.841856241226196,,,
2320,0.20281792730093,1.67890625,1.063079595565796,,,
2330,0.2145299091935158,1.6140625,2.2516226768493652,,,
2340,0.205782262980938,1.66484375,2.509368658065796,,,
2350,0.2140913620591164,1.7796875,4.822304725646973,,,
2360,0.2117647781968117,1.553125,1.398496031761169,,,
2370,0.2079379856586456,1.58046875,1.217997550964355,,,
2380,0.2153654828667641,1.58125,2.503012418746948,,,
2390,0.2135767892003059,1.69375,2.597412824630737,,,
2400,0.2067527443170548,1.6796875,3.275005340576172,,,
2410,0.2145638957619667,1.80859375,2.070392370223999,,,
2420,0.2071087270975113,1.6171875,2.286313533782959,,,
2430,0.2130369365215302,1.67890625,2.266743659973145,,,
2440,0.2095630332827568,1.69921875,3.026530981063843,,,
2450,0.2084791630506516,1.56953125,1.089831590652466,,,
2460,0.2122355431318283,1.72265625,3.105916261672974,,,
2470,0.2083349287509918,1.67578125,1.298861980438232,,,
2480,0.20919389128685,1.59296875,1.678399682044983,,,
2490,0.2085830166935921,1.57109375,2.541742563247681,,,
2500,0.2052652537822723,1.6828125,2.342612981796265,,,
2510,0.2047492563724518,1.684375,1.483410716056824,,,
2520,0.2122977718710899,1.6921875,2.413084745407104,,,
2530,0.2057219669222832,1.671875,2.146796703338623,,,
2540,0.2075407013297081,1.609375,3.136629819869995,,,
2550,0.1997088074684143,1.6203125,2.7887320518493652,,,
2560,0.2104604303836823,1.66640625,4.513852596282959,,,
2570,0.2161144748330116,1.7453125,2.700635194778442,,,
2580,0.2052103564143181,1.60390625,1.265611529350281,,,
2590,0.1977661475539207,1.740625,1.9226065874099731,,,
2600,0.207431173324585,1.53359375,1.391382813453674,,,
2610,0.2009595826268196,1.63203125,2.066655158996582,,,
2620,0.2026947155594826,1.640625,1.747811675071716,,,
2630,0.2077788978815079,1.6875,3.183725357055664,,,
2640,0.207977868616581,1.80859375,1.801998019218445,,,
2650,0.2061294093728065,1.7203125,2.270037412643433,,,
2660,0.2046450510621071,1.64921875,2.694162130355835,,,
2670,0.2072996810078621,1.59765625,3.1737418174743652,,,
2680,0.2096473231911659,1.584375,2.52275562286377,,,
2690,0.2034520849585533,1.64765625,1.676293849945068,,,
2700,0.2071059986948967,1.64921875,2.002981901168823,,,
2710,0.2051418572664261,1.684375,1.198042154312134,,,
2720,0.2011493593454361,1.59453125,3.276985645294189,,,
2730,0.2007667779922485,1.7375,1.981562972068787,,,
2740,0.2048997789621353,1.5984375,1.802587985992432,,,
2750,0.1993102177977562,1.6359375,2.826508283615112,,,
2760,0.2058894827961922,1.56484375,1.213678359985352,,,
2770,0.2042805954813957,1.64453125,1.601617097854614,,,
2780,0.2029943063855171,1.59296875,2.150622129440308,,,
2790,0.2057416677474976,1.6171875,1.431939959526062,,,
2800,0.2066996619105339,1.56796875,1.572543978691101,,,
2810,0.1993083655834198,1.6875,2.539053916931152,,,
2820,0.2004608973860741,1.5484375,1.529531836509705,,,
2830,0.2007523238658905,1.63359375,1.484286308288574,,,
2840,0.2013065159320831,1.625,1.187233567237854,,,
2850,0.2006940230727196,1.5625,2.735078811645508,,,
2860,0.1957991674542427,1.6296875,1.641393184661865,,,
2870,0.2004020750522613,1.6171875,2.053465843200684,,,
2880,0.1978375285863876,1.6109375,1.165042638778687,,,
2890,0.1997773259878159,1.58984375,3.314193964004517,,,
2900,0.2005147114396095,1.59765625,2.229395866394043,,,
2910,0.2016354262828827,1.74765625,2.55244779586792,,,
2920,0.1935775980353355,1.58984375,1.314598441123962,,,
2930,0.2006536841392517,1.7140625,2.100505113601685,,,
2940,0.194823694229126,1.678125,1.267185807228088,,,
2950,0.1990080609917641,1.61875,0.9198356866836548,,,
2960,0.2052371129393578,1.58828125,2.21730375289917,,,
2970,0.2002866089344025,1.596875,1.388616561889648,,,
2980,0.1936574682593346,1.63671875,1.734073281288147,,,
2990,0.2022311493754387,1.60234375,1.772594571113586,,,
3000,0.2073005944490433,1.59375,2.765210390090942,0.4775611460208893,0.3666038948805777,0.473158449258994
3010,0.2015121459960937,1.63203125,2.132503747940063,,,
3020,0.2012295752763748,1.665625,1.94905698299408,,,
3030,0.1928687855601311,1.60625,2.417436838150024,,,
3040,0.1994525983929634,1.57265625,0.91579008102417,,,
3050,0.1951586797833443,1.65,1.162331223487854,,,
3060,0.1990744978189468,1.58828125,1.736686825752258,,,
3070,0.1943920835852623,1.58984375,1.700058460235596,,,
3080,0.1978849425911903,1.628125,2.256098985671997,,,
3090,0.1934167310595512,1.6171875,1.363832592964172,,,
3100,0.1986724704504013,1.57734375,1.221863746643066,,,
3110,0.1976444944739342,1.62109375,1.602330803871155,,,
3120,0.2019487991929054,1.63984375,1.904491662979126,,,
3130,0.1997449144721031,1.603125,2.003668546676636,,,
3140,0.198298542201519,1.65703125,1.3175950050354,,,
3150,0.1916404366493225,1.546875,1.055237054824829,,,
3160,0.1986563459038734,1.5734375,1.180255055427551,,,
3170,0.2049696996808052,1.5546875,1.160315990447998,,,
3180,0.1880924820899963,1.6046875,1.153279662132263,,,
3190,0.195775805413723,1.57265625,1.763223528862,,,
3200,0.1954599991440773,1.65,1.879580855369568,,,
3210,0.1924406111240387,1.61640625,1.681480884552002,,,
3220,0.2028807029128075,1.646875,1.659433126449585,,,
3230,0.1985356420278549,1.6578125,2.020413637161255,,,
3240,0.196163535118103,1.60546875,1.346749901771545,,,
3250,0.1923782452940941,1.64609375,1.262887716293335,,,
3260,0.1963195070624351,1.70390625,2.11503005027771,,,
3270,0.2029500797390938,1.65078125,1.2097247838974,,,
3280,0.195226800441742,1.58671875,2.192716121673584,,,
3290,0.1981434211134911,1.57109375,1.7015494108200069,,,
3300,0.1951532498002052,1.56484375,1.28142237663269,,,
3310,0.1939410537481308,1.59296875,1.739039063453674,,,
3320,0.1914348781108856,1.53515625,1.899587035179138,,,
3330,0.1908905744552612,1.7109375,2.157739162445068,,,
3340,0.191586484014988,1.62265625,1.118666172027588,,,
3350,0.1922523096203804,1.68515625,2.457445383071899,,,
3360,0.193325212597847,1.61015625,1.505415797233582,,,
3370,0.1997083902359009,1.6265625,1.42779016494751,,,
3380,0.1918307989835739,1.5546875,1.578831553459167,,,
3390,0.1889736860990524,1.61328125,1.229528307914734,,,
3400,0.200328479707241,1.53203125,1.205978751182556,,,
3410,0.1938016146421432,1.5515625,1.625070333480835,,,
3420,0.1937273398041725,1.6140625,1.678401470184326,,,
3430,0.1941157847642899,1.5125,1.209979653358459,,,
3440,0.1926467046141624,1.5984375,2.039660930633545,,,
3450,0.1876108005642891,1.590625,1.327709674835205,,,
3460,0.1961937189102173,1.653125,1.149130940437317,,,
3470,0.1966249659657478,1.58125,1.581843495368958,,,
3480,0.1871855482459068,1.55390625,1.173236608505249,,,
3490,0.200725719332695,1.56015625,1.5423986911773682,,,
3500,0.1938115984201431,1.61171875,1.038686037063599,,,
3510,0.1859068274497986,1.60390625,1.650347828865051,,,
3520,0.1962418541312218,1.5140625,1.477396368980408,,,
3530,0.1903621524572373,1.55234375,2.619808435440063,,,
3540,0.190463100373745,1.6171875,1.862385511398315,,,
3550,0.1947113811969757,1.665625,1.931768536567688,,,
3560,0.1905448943376541,1.59921875,1.793260216712952,,,
3570,0.1934182211756706,1.68984375,1.432480573654175,,,
3580,0.188294281065464,1.484375,1.821092009544373,,,
3590,0.1892839938402176,1.596875,1.165942192077637,,,
3600,0.1904683023691177,1.63125,0.939835011959076,,,
3610,0.1874023705720901,1.6015625,1.530124187469482,,,
3620,0.1906744599342346,1.5640625,1.23069179058075,,,
3630,0.1894821763038635,1.56015625,1.567432284355164,,,
3640,0.1922283262014389,1.5046875,1.194765210151672,,,
3650,0.1918371245265007,1.56953125,1.162960529327393,,,
3660,0.1897269010543823,1.59140625,1.410843372344971,,,
3670,0.1855052217841148,1.61484375,1.333875179290771,,,
3680,0.1952884614467621,1.57265625,1.002420783042908,,,
3690,0.1836332246661186,1.5703125,0.8592429757118225,,,
3700,0.1873499736189842,1.64375,1.189690232276917,,,
3710,0.1860089793801308,1.57890625,1.354631662368774,,,
3720,0.1929546594619751,1.5625,1.701868772506714,,,
3730,0.1892753794789314,1.58125,0.8660414814949036,,,
3740,0.1945242702960968,1.575,0.985661804676056,,,
3750,0.1898015663027763,1.53046875,1.299601316452026,,,
3760,0.1883315443992615,1.5578125,1.631392002105713,,,
3770,0.1877864480018616,1.6921875,1.494885921478271,,,
3780,0.1881912231445312,1.5921875,1.194039821624756,,,
3790,0.1875300616025925,1.5359375,1.59673798084259,,,
3800,0.1873467862606049,1.625,1.190261721611023,,,
3810,0.1853514581918717,1.503125,1.860365509986877,,,
3820,0.1876829087734223,1.59609375,1.123727560043335,,,
3830,0.185272853076458,1.47890625,1.071126937866211,,,
3840,0.1857899665832519,1.51328125,0.7933504581451416,,,
3850,0.1902369871735573,1.51171875,1.464889287948608,,,
3860,0.1946801915764809,1.57578125,1.057814121246338,,,
3870,0.1851773202419281,1.54921875,1.3863697052001949,,,
3880,0.1866121649742127,1.49921875,1.1839931011199951,,,
3890,0.1838266998529434,1.57265625,1.32870888710022,,,
3900,0.1843099698424339,1.51875,1.092961192131042,,,
3910,0.1872448742389679,1.55078125,0.914534628391266,,,
3920,0.1888717368245125,1.61328125,1.1961115598678589,,,
3930,0.1853623256087303,1.60390625,0.914053201675415,,,
3940,0.1868712410330772,1.65546875,1.6595227718353271,,,
3950,0.1824931427836418,1.47265625,1.103160858154297,,,
3960,0.1882453963160515,1.5640625,1.545599699020386,,,
3970,0.1887011587619782,1.54453125,1.248135566711426,,,
3980,0.1851453065872192,1.56953125,1.133404016494751,,,
3990,0.1857515260577202,1.5703125,1.374354481697083,,,
4000,0.1860499516129494,1.6046875,1.012731194496155,0.4924989938735962,0.3649308766525286,0.4792249055710913
4010,0.1858010083436966,1.5453125,1.639930725097656,,,
4020,0.1807979792356491,1.525,0.8660163283348083,,,
4030,0.1836874857544899,1.47109375,0.923825740814209,,,
4040,0.1883088141679764,1.51328125,1.054140448570251,,,
4050,0.1801496922969818,1.540625,2.435163736343384,,,
4060,0.1858903542160988,1.50703125,0.9576265811920166,,,
4070,0.181157098710537,1.55234375,1.019110441207886,,,
4080,0.185391391813755,1.57890625,1.403098702430725,,,
4090,0.1845527306199074,1.55390625,1.02112603187561,,,
4100,0.1823914051055908,1.54296875,1.553366661071777,,,
4110,0.1847480669617653,1.55078125,0.8204876184463501,,,
4120,0.1839824631810188,1.65234375,1.068900346755981,,,
4130,0.1862459659576416,1.453125,1.018802642822266,,,
4140,0.1865423202514648,1.5203125,0.8930952548980713,,,
4150,0.1794361263513565,1.5140625,1.028335690498352,,,
4160,0.1809930384159088,1.57578125,1.089670181274414,,,
4170,0.1850210517644882,1.61171875,1.204319715499878,,,
4180,0.1821000382304191,1.54609375,0.9726686477661132,,,
4190,0.1813657328486443,1.59765625,1.249709129333496,,,
4200,0.185705079138279,1.55390625,1.125271320343018,,,
4210,0.1844089463353157,1.559375,1.140168905258179,,,
4220,0.1810936346650124,1.5328125,2.043732166290283,,,
4230,0.1850187852978706,1.57109375,0.8788303136825562,,,
4240,0.1811926573514938,1.63515625,1.296675562858582,,,
4250,0.1814849957823753,1.49765625,0.9607088565826416,,,
4260,0.1815757885575295,1.5234375,1.400413274765015,,,
4270,0.1833356201648712,1.5484375,1.464249849319458,,,
4280,0.1838537827134132,1.53515625,1.710777640342712,,,
4290,0.1860695511102676,1.50546875,1.008626461029053,,,
4300,0.1849040761590004,1.47578125,1.176787734031677,,,
4310,0.184169639647007,1.58359375,1.3966618776321411,,,
4320,0.1810605525970459,1.4703125,0.9349777698516846,,,
4330,0.1764999687671661,1.56484375,1.530578255653381,,,
4340,0.1857125520706177,1.49453125,0.9584004878997804,,,
4350,0.1850798696279526,1.6046875,1.077314615249634,,,
4360,0.1808904245495796,1.5671875,0.9186219573020936,,,
4370,0.1794774740934372,1.58671875,1.312929391860962,,,
4380,0.1793620452284813,1.50859375,1.973121881484985,,,
4390,0.1829458251595497,1.60546875,1.303990006446838,,,
4400,0.1787195712327957,1.51953125,1.197188496589661,,,
4410,0.1824861109256744,1.50703125,0.7121536135673523,,,
4420,0.1853994175791741,1.54140625,1.314884424209595,,,
4430,0.1816053211688995,1.503125,0.8887025713920593,,,
4440,0.180244354903698,1.5109375,1.605075478553772,,,
4450,0.18124198615551,1.56875,1.378664612770081,,,
4460,0.1851920604705811,1.48125,0.9059308767318726,,,
4470,0.1754819005727768,1.60546875,1.202808380126953,,,
4480,0.1797718092799187,1.5640625,1.262940049171448,,,
4490,0.1766061320900917,1.59453125,1.111519455909729,,,
4500,0.1796546295285225,1.55703125,0.8304799795150757,,,
4510,0.1733333557844162,1.5421875,1.021765828132629,,,
4520,0.1769031167030334,1.47109375,1.020065188407898,,,
4530,0.1771312162280083,1.54375,1.270097613334656,,,
4540,0.1748810902237892,1.521875,1.389373064041138,,,
4550,0.1800153717398643,1.4859375,0.9063047766685486,,,
4560,0.1800942361354828,1.484375,0.7524704337120056,,,
4570,0.1833933085203171,1.503125,0.8346257209777832,,,
4580,0.1757944583892822,1.51953125,0.9577872157096864,,,
4590,0.1830777630209923,1.47109375,0.9171592593193054,,,
4600,0.1778421074151993,1.4734375,0.95587158203125,,,
4610,0.1780766859650612,1.59453125,0.9653363823890686,,,
4620,0.1791602715849877,1.6578125,1.238677620887756,,,
4630,0.1759703189134598,1.49765625,0.8614799976348877,,,
4640,0.1743406981229782,1.5796875,1.317209482192993,,,
4650,0.1770260065793991,1.54296875,1.029843091964722,,,
4660,0.172946734726429,1.50859375,1.710201621055603,,,
4670,0.1756069004535675,1.4546875,1.16526210308075,,,
4680,0.1805739715695381,1.53515625,0.8506239056587219,,,
4690,0.1693625673651695,1.53203125,1.359484076499939,,,
4700,0.1811996653676033,1.4828125,1.092223286628723,,,
4710,0.1751012578606606,1.509375,1.099310517311096,,,
4720,0.1737440839409828,1.51484375,0.8385922908782959,,,
4730,0.1809223681688309,1.51484375,0.7488300204277039,,,
4740,0.1785479083657265,1.540625,1.060383319854736,,,
4750,0.1771232396364212,1.45859375,0.8602012991905212,,,
4760,0.1792817980051041,1.5609375,1.326201677322388,,,
4770,0.1704290717840195,1.5515625,0.9875567555427552,,,
4780,0.1786115020513535,1.5,0.7448071837425232,,,
4790,0.1746486142277718,1.54140625,1.219112753868103,,,
4800,0.1780950784683228,1.56796875,1.147875547409058,,,
4810,0.1731294274330139,1.559375,1.250335574150085,,,
4820,0.1716268464922905,1.4734375,1.353894233703613,,,
4830,0.1803341075778007,1.51875,1.832228183746338,,,
4840,0.1691117092967033,1.521875,1.308886647224426,,,
4850,0.1736314758658409,1.50625,0.8305104374885559,,,
4860,0.1805705264210701,1.46328125,1.256017923355103,,,
4870,0.1746700674295426,1.60546875,1.017384886741638,,,
4880,0.1752545714378357,1.51328125,0.8178339004516602,,,
4890,0.1757782101631165,1.56484375,1.122530579566956,,,
4900,0.173429536819458,1.5203125,1.404404520988464,,,
4910,0.1833448141813278,1.6015625,1.328853845596313,,,
4920,0.1764977186918259,1.51953125,0.9134931564331056,,,
4930,0.1712871521711349,1.56171875,0.8582780361175537,,,
4940,0.1751235738396645,1.55625,0.8379859924316406,,,
4950,0.1726038500666618,1.5546875,1.064138770103455,,,
4960,0.1754823669791222,1.5046875,0.9785945415496826,,,
4970,0.1736513763666153,1.55546875,0.7734923958778381,,,
4980,0.1760847479104996,1.51015625,1.284748435020447,,,
4990,0.1746553719043732,1.5140625,1.13647735118866,,,
5000,0.1700278654694557,1.58046875,1.632413983345032,0.5185025334358215,0.3692083772091826,0.5028894042368656
5010,0.176264114677906,1.46015625,1.064335823059082,,,
5020,0.1693471789360046,1.51796875,1.005480408668518,,,
5030,0.1733613967895508,1.4546875,1.029640555381775,,,
5040,0.1700670257210732,1.54375,1.6208511590957642,,,
5050,0.1779450640082359,1.56953125,1.005899310112,,,
5060,0.1679613754153252,1.4265625,0.661597490310669,,,
5070,0.1707875549793244,1.55,1.177355647087097,,,
5080,0.1724184617400169,1.5390625,0.9154993891716005,,,
5090,0.1755630433559418,1.4921875,1.862900853157043,,,
5100,0.1728845685720444,1.48828125,0.948858380317688,,,
5110,0.1754881322383881,1.565625,1.045807480812073,,,
5120,0.1686910286545754,1.49140625,0.7470408082008362,,,
5130,0.1703162148594856,1.51640625,1.016595244407654,,,
5140,0.1696268573403358,1.48125,1.10261082649231,,,
5150,0.1711859121918678,1.534375,0.6990793347358704,,,
5160,0.1684146150946617,1.52734375,0.9322547912597656,,,
5170,0.1691848739981651,1.48203125,0.7676646709442139,,,
5180,0.1696727439761162,1.45703125,0.7107905745506287,,,
5190,0.1677773222327232,1.471875,0.7939419150352478,,,
5200,0.1761348277330398,1.49296875,1.083464026451111,,,
5210,0.1762305840849877,1.44296875,1.304209589958191,,,
5220,0.1761711537837982,1.45078125,1.215119123458862,,,
5230,0.1696188345551491,1.51640625,1.006229281425476,,,
5240,0.1658844769001007,1.5515625,0.7370915412902832,,,
5250,0.1707911089062691,1.48828125,0.9288463592529296,,,
5260,0.173718149960041,1.49296875,1.311482071876526,,,
5270,0.1709006577730179,1.51484375,1.032862067222595,,,
5280,0.173891593515873,1.51875,1.083266735076904,,,
5290,0.1667336031794548,1.465625,0.8832669258117676,,,
5300,0.1756417125463486,1.47265625,0.6529121994972229,,,
5310,0.1725034579634666,1.515625,0.7212795615196228,,,
5320,0.1734756231307983,1.48046875,1.57981264591217,,,
5330,0.1661715641617775,1.4890625,0.7429741024971008,,,
5340,0.1741680517792702,1.4734375,0.7177287340164185,,,
5350,0.1678439930081367,1.490625,1.128514528274536,,,
5360,0.1776464849710465,1.415625,1.139145016670227,,,
5370,0.1707303747534752,1.45078125,0.7486957907676697,,,
5380,0.1741557091474533,1.440625,0.7357610464096069,,,
5390,0.1726660147309303,1.46796875,0.8406159281730652,,,
5400,0.1647627457976341,1.54609375,1.387704014778137,,,
5410,0.1714389085769653,1.4390625,1.08716893196106,,,
5420,0.1687191754579544,1.51796875,1.12554931640625,,,
5430,0.1694006890058518,1.54609375,0.8572536110877991,,,
5440,0.1733296737074852,1.51328125,0.7434765100479126,,,
5450,0.1757937461137772,1.45234375,0.879476010799408,,,
5460,0.1732379660010338,1.54375,0.9199377298355104,,,
5470,0.164677506685257,1.47578125,1.164947032928467,,,
5480,0.1719570860266685,1.45234375,1.058269023895264,,,
5490,0.1678048402070999,1.5265625,0.8037237524986267,,,
5500,0.1709680065512657,1.48359375,0.8090002536773682,,,
5510,0.1624273702502251,1.48125,1.033477783203125,,,
5520,0.1639356389641762,1.4625,0.7541939616203308,,,
5530,0.1699467077851295,1.56171875,1.315295100212097,,,
5540,0.1744543612003326,1.475,1.205421328544617,,,
5550,0.1684534728527069,1.5546875,1.014917969703674,,,
5560,0.1696026295423508,1.49765625,1.277118682861328,,,
5570,0.1693546369671822,1.46796875,0.8046995997428894,,,
5580,0.1640653043985367,1.50859375,0.936386227607727,,,
5590,0.16127869784832,1.58125,0.7128527760505676,,,
5600,0.1662330135703087,1.49609375,1.08847451210022,,,
5610,0.1666447803378105,1.4484375,0.7903339266777039,,,
5620,0.1677574083209038,1.5484375,0.990968644618988,,,
5630,0.1661896869540214,1.5125,0.6947863698005676,,,
5640,0.1680339172482491,1.4625,0.7396578788757324,,,
5650,0.1644255399703979,1.4765625,0.8594788312911987,,,
5660,0.1644486412405968,1.459375,0.9492737054824828,,,
5670,0.166599015891552,1.45,0.9382399916648864,,,
5680,0.17522202283144,1.43515625,0.6553818583488464,,,
5690,0.1644558280706406,1.4359375,0.694898784160614,,,
5700,0.1713267102837563,1.43046875,0.7144050002098083,,,
5710,0.161030350625515,1.4640625,1.127207517623901,,,
5720,0.1762412324547768,1.43515625,1.62516713142395,,,
5730,0.1617787137627602,1.4875,1.440313696861267,,,
5740,0.1738291248679161,1.478125,1.302456021308899,,,
5750,0.1673989772796631,1.4890625,0.7205237746238708,,,
5760,0.1720012381672859,1.396875,0.7739158272743225,,,
5770,0.1652399018406868,1.42890625,0.9799416661262512,,,
5780,0.1669547095894814,1.41796875,0.9427865147590636,,,
5790,0.1693774238228798,1.50546875,0.638824462890625,,,
5800,0.1647198960185051,1.51171875,1.227782607078552,,,
5810,0.1719592615962028,1.44296875,0.9378141760826112,,,
5820,0.165570093691349,1.47265625,0.6395348310470581,,,
5830,0.1650265753269196,1.4828125,0.6739070415496826,,,
5840,0.1634785160422325,1.52890625,1.043469190597534,,,
5850,0.1672598645091057,1.43984375,0.8336256146430969,,,
5860,0.1638833075761795,1.47578125,1.197328686714172,,,
5870,0.1663550779223442,1.453125,1.282365441322327,,,
5880,0.1701705485582352,1.52734375,1.312398076057434,,,
5890,0.1658647522330284,1.46328125,0.7844972610473633,,,
5900,0.1672121152281761,1.39296875,0.7736302614212036,,,
5910,0.1648919284343719,1.41171875,0.7374321818351746,,,
5920,0.1630860075354576,1.44375,0.6343321800231934,,,
5930,0.1642724931240082,1.44375,0.7655486464500427,,,
5940,0.1678495019674301,1.44375,0.913392186164856,,,
5950,0.1619020327925682,1.421875,0.6011660099029541,,,
5960,0.1653698116540909,1.44453125,1.277981758117676,,,
5970,0.1600576415657997,1.38046875,0.7757647633552551,,,
5980,0.1584037825465202,1.4703125,0.9373691082000732,,,
5990,0.1684579566121101,1.49609375,0.972093105316162,,,
6000,0.1718850269913673,1.415625,0.6013606786727905,0.5390288233757019,0.3666189621234946,0.5083382077851017
6010,0.1642444461584091,1.43359375,0.461502879858017,,,
6020,0.1708337485790253,1.46015625,1.091781139373779,,,
6030,0.1647761762142181,1.52421875,0.8222001194953918,,,
6040,0.1695150583982468,1.43046875,0.8474446535110474,,,
6050,0.1720924749970436,1.3828125,0.6189770698547363,,,
6060,0.1625060081481934,1.4125,0.842642605304718,,,
6070,0.1629017829895019,1.43671875,0.7039949297904968,,,
6080,0.1643827021121979,1.4453125,0.9330344200134276,,,
6090,0.1643112629652023,1.36796875,0.8608301281929016,,,
6100,0.1660332649946213,1.49765625,0.8655619025230408,,,
6110,0.1651568651199341,1.40859375,0.7001656293869019,,,
6120,0.1635831072926521,1.425,1.075394153594971,,,
6130,0.1662284821271896,1.4609375,0.8357014060020447,,,
6140,0.1622525006532669,1.4609375,1.092937827110291,,,
6150,0.1629576340317726,1.42890625,0.5341513752937317,,,
6160,0.1618910670280456,1.4359375,0.8779353499412537,,,
6170,0.1663658857345581,1.41484375,0.7627599239349365,,,
6180,0.1584352478384972,1.42109375,0.8412949442863464,,,
6190,0.1607178747653961,1.4671875,0.59832364320755,,,
6200,0.1666784673929214,1.4453125,0.6719350814819336,,,
6210,0.1648498222231865,1.4296875,1.195243954658508,,,
6220,0.1658456653356552,1.41328125,0.6935344934463501,,,
6230,0.1576341822743416,1.43125,1.118296265602112,,,
6240,0.1609730169177055,1.43828125,0.5942608714103699,,,
6250,0.1630729764699936,1.47421875,0.9141016602516174,,,
6260,0.1640450358390808,1.41953125,0.7823723554611206,,,
6270,0.1615749329328537,1.42578125,0.807959258556366,,,
6280,0.1640621915459633,1.4375,0.7013057470321655,,,
6290,0.1599326491355896,1.4390625,1.012789249420166,,,
6300,0.1578803554177284,1.384375,0.7047697901725769,,,
6310,0.1595972374081612,1.43359375,1.458907842636108,,,
6320,0.1592496410012245,1.475,0.9101678133010864,,,
6330,0.1662323206663132,1.40078125,0.557776153087616,,,
6340,0.1593664333224297,1.4234375,0.9811761379241944,,,
6350,0.1617646336555481,1.45078125,0.6557872295379639,,,
6360,0.1620365455746651,1.496875,1.088239312171936,,,
6370,0.1576812714338303,1.48515625,0.7684872150421143,,,
6380,0.1643785789608955,1.4265625,0.6306414008140564,,,
6390,0.1600049987435341,1.459375,1.448091149330139,,,
6400,0.1591308787465096,1.43125,0.8605325222015381,,,
6410,0.1580713793635368,1.45859375,0.776927649974823,,,
6420,0.1630735665559769,1.38125,0.8363271355628967,,,
6430,0.1603194162249565,1.46171875,0.9064701795578004,,,
6440,0.1583080932497978,1.43515625,0.9946788549423218,,,
6450,0.1553810000419617,1.44453125,1.21356987953186,,,
6460,0.1659254312515259,1.43046875,0.8320760726928711,,,
6470,0.1624444618821144,1.43828125,0.895635724067688,,,
6480,0.1597398400306702,1.47734375,0.8964410424232483,,,
6490,0.16796655356884,1.440625,1.112490773200989,,,
6500,0.1602433323860168,1.48515625,1.22129487991333,,,
6510,0.1596189737319946,1.44140625,0.7525290250778198,,,
6520,0.1587508022785187,1.4765625,0.7599827647209167,,,
6530,0.1607932955026627,1.4234375,0.6091922521591187,,,
6540,0.1636246547102928,1.39609375,0.626659095287323,,,
6550,0.1573235124349594,1.42890625,0.6529642939567566,,,
6560,0.1654379844665527,1.45703125,1.117850303649902,,,
6570,0.1637283861637115,1.3953125,1.04890239238739,,,
6580,0.1623532056808472,1.38515625,0.9910338521003724,,,
6590,0.1606466665863991,1.41484375,0.754688560962677,,,
6600,0.1612313359975815,1.3984375,0.8808724880218506,,,
6610,0.1606315597891808,1.3859375,0.7843908667564392,,,
6620,0.159566093981266,1.440625,0.853389322757721,,,
6630,0.1587236106395721,1.4671875,1.044930458068848,,,
6640,0.1604250803589821,1.43359375,0.6462244391441345,,,
6650,0.1562583416700363,1.4296875,0.7454297542572021,,,
6660,0.1608039975166321,1.4078125,0.9370331168174744,,,
6670,0.1588201433420181,1.4234375,1.046661615371704,,,
6680,0.1608372688293457,1.42421875,0.6692395806312561,,,
6690,0.1580988809466362,1.40546875,0.6815904378890991,,,
6700,0.1639135733246803,1.33984375,0.582395076751709,,,
6710,0.1561116352677345,1.41875,0.6155634522438049,,,
6720,0.1582413852214813,1.40859375,0.5160791277885437,,,
6730,0.1608256176114082,1.41875,0.6908819079399109,,,
6740,0.1640946477651596,1.39609375,0.9612499475479126,,,
6750,0.1595551550388336,1.51875,1.07690155506134,,,
6760,0.164175845682621,1.4625,0.9505329728126526,,,
6770,0.1642329424619675,1.503125,0.8189437985420227,,,
6780,0.1635853067040443,1.4390625,0.5356086492538452,,,
6790,0.1636521995067596,1.44609375,0.8315982818603516,,,
6800,0.1575410142540932,1.39609375,0.9557891488075256,,,
6810,0.1603203073143959,1.45234375,0.5450537204742432,,,
6820,0.164376774430275,1.3515625,0.5935031771659851,,,
6830,0.1577502995729446,1.4390625,0.7925505042076111,,,
6840,0.1588821828365326,1.4125,0.6658273339271545,,,
6850,0.1624501913785935,1.3921875,0.7339909076690674,,,
6860,0.1623992294073105,1.3578125,0.7697742581367493,,,
6870,0.1606937870383263,1.3640625,0.6756057143211365,,,
6880,0.1576980099081993,1.39375,0.9735753536224364,,,
6890,0.1606174737215042,1.4125,0.5948480367660522,,,
6900,0.1588728487491608,1.3828125,1.093701362609863,,,
6910,0.1589366868138313,1.3546875,0.6529963612556458,,,
6920,0.1525576412677765,1.43359375,0.6486687660217285,,,
6930,0.1565874949097633,1.36484375,0.7692602872848511,,,
6940,0.1561177060008049,1.4203125,0.8250302672386169,,,
6950,0.153814771771431,1.41328125,0.6236973404884338,,,
6960,0.1580800130963325,1.4015625,1.293594717979431,,,
6970,0.1579444110393524,1.42734375,0.5408655405044556,,,
6980,0.1599929615855217,1.32578125,0.9318870306015016,,,
6990,0.1575387328863144,1.425,0.580735445022583,,,
7000,0.1587618425488472,1.4046875,0.5918228626251221,0.5544936060905457,0.3706917255433054,0.4997331276019537
7010,0.1539292961359024,1.39375,0.6209363341331482,,,
7020,0.1574929043650627,1.4,0.7802637219429016,,,
7030,0.1597000330686569,1.44375,0.7165095210075378,,,
7040,0.1549974590539932,1.45234375,0.7125282883644104,,,
7050,0.1587971776723862,1.38046875,0.7864972949028015,,,
7060,0.1544887080788612,1.3890625,0.7136746048927307,,,
7070,0.1531527802348137,1.40546875,0.8200870752334595,,,
7080,0.1576343953609466,1.37421875,0.5788279175758362,,,
7090,0.1553301259875298,1.40390625,1.045548796653748,,,
7100,0.1548729479312897,1.46953125,0.8594333529472351,,,
7110,0.1526188284158707,1.48515625,1.003697395324707,,,
7120,0.1649455070495605,1.4734375,0.8575100302696228,,,
7130,0.161085070669651,1.45625,0.6390325427055359,,,
7140,0.1578341484069824,1.428125,0.9969244599342346,,,
7150,0.1577649191021919,1.4453125,0.7706202864646912,,,
7160,0.159591743350029,1.41171875,0.606976330280304,,,
7170,0.1586708948016167,1.40390625,0.8991137146949768,,,
7180,0.1585789456963539,1.4375,0.6955373883247375,,,
7190,0.153797897696495,1.42890625,0.7889552116394043,,,
7200,0.1635294884443283,1.3765625,0.4805715680122375,,,
7210,0.1524625927209854,1.409375,0.6596637964248657,,,
7220,0.1620993286371231,1.4390625,0.8232248425483704,,,
7230,0.1569749355316162,1.43828125,0.591705858707428,,,
7240,0.1605535909533501,1.4171875,1.058789968490601,,,
7250,0.1599592581391334,1.39453125,0.6192467212677002,,,
7260,0.1519643947482109,1.40078125,1.029018759727478,,,
7270,0.1662517160177231,1.3859375,0.931415855884552,,,
7280,0.1532325804233551,1.38203125,0.8455711603164673,,,
7290,0.1570406973361969,1.371875,0.7439373731613159,,,
7300,0.1565066754817963,1.43203125,0.7651810646057129,,,
7310,0.157199476659298,1.41796875,0.6681958436965942,,,
7320,0.161566624045372,1.390625,0.6970205903053284,,,
7330,0.155850937962532,1.3390625,0.6411905288696289,,,
7340,0.1575227379798889,1.5421875,1.064531564712524,,,
7350,0.1540575131773949,1.390625,0.7667735815048218,,,
7360,0.157899983227253,1.38125,0.8517141342163086,,,
7370,0.1570304587483406,1.41328125,1.078570485115051,,,
7380,0.154991589486599,1.39765625,0.880483090877533,,,
7390,0.1547276169061661,1.39453125,0.9908861517906188,,,
7400,0.1533650070428848,1.4125,0.6066499352455139,,,
7410,0.1512583896517753,1.36015625,0.7334461212158203,,,
7420,0.153982350230217,1.4453125,0.7115063071250916,,,
7430,0.1534220695495606,1.36875,0.9276123642921448,,,
7440,0.155834399163723,1.44609375,0.6550948023796082,,,
7450,0.1567245021462441,1.42421875,0.7198598980903625,,,
7460,0.1506998881697655,1.38046875,0.5105100870132446,,,
7470,0.1558211222290993,1.31953125,0.5887244343757629,,,
7480,0.1590535998344421,1.41015625,1.048774600028992,,,
7490,0.155226956307888,1.39609375,0.6429497599601746,,,
7500,0.1586871013045311,1.46015625,0.6303528547286987,,,
7510,0.1570546716451645,1.4109375,0.8755544424057007,,,
7520,0.1543214693665504,1.35078125,0.8487763404846191,,,
7530,0.1542134016752243,1.3890625,0.7934346795082092,,,
7540,0.1563381373882294,1.40390625,0.6749435067176819,,,
7550,0.1476687550544739,1.37109375,0.6509994864463806,,,
7560,0.1551332175731659,1.36953125,0.982830047607422,,,
7570,0.1523840844631195,1.37421875,0.6779778003692627,,,
7580,0.1552663534879684,1.3734375,0.4588320255279541,,,
7590,0.1542395547032356,1.33671875,0.572303056716919,,,
7600,0.1579050704836845,1.425,0.8210688233375549,,,
7610,0.147556959092617,1.46875,1.143392205238342,,,
7620,0.1540665224194527,1.4015625,0.5560362935066223,,,
7630,0.1525622308254242,1.41875,0.6772193908691406,,,
7640,0.1567234233021736,1.44375,0.8977577090263367,,,
7650,0.152484056353569,1.384375,0.5926191806793213,,,
7660,0.1493419721722603,1.42109375,0.6426475644111633,,,
7670,0.1587305054068565,1.4375,0.8680961728096008,,,
7680,0.1579841449856758,1.415625,0.8651757836341858,,,
7690,0.1555519551038742,1.40390625,1.2732253074646,,,
7700,0.154926273226738,1.34140625,0.8159767985343933,,,
7710,0.1498782262206078,1.3890625,0.5498950481414795,,,
7720,0.1503803461790085,1.36171875,1.048505306243896,,,
7730,0.1553531154990196,1.37265625,0.6151252388954163,,,
7740,0.1556535243988037,1.45390625,0.6837325096130371,,,
7750,0.1499955460429191,1.434375,0.7040860652923584,,,
7760,0.1542104884982109,1.4203125,0.7711701989173889,,,
7770,0.1513148754835129,1.38671875,0.7864428162574768,,,
7780,0.1513851642608643,1.37421875,0.4674151539802551,,,
7790,0.1525576949119568,1.3890625,0.7485498189926147,,,
7800,0.149963641166687,1.3828125,0.6162561774253845,,,
7810,0.1544874995946884,1.35625,0.6045175790786743,,,
7820,0.1486649036407471,1.36796875,0.5917921662330627,,,
7830,0.1529272258281708,1.37734375,0.6243450045585632,,,
7840,0.1534833192825317,1.3296875,0.5903894305229187,,,
7850,0.1541046693921089,1.4125,0.6034701466560364,,,
7860,0.1535005539655686,1.33984375,0.9941390752792358,,,
7870,0.1509829238057137,1.38203125,0.6844080090522766,,,
7880,0.1490788891911507,1.38359375,0.6033588647842407,,,
7890,0.1508291572332382,1.4015625,0.5852833986282349,,,
7900,0.1529292747378349,1.38984375,0.7950713634490967,,,
7910,0.1568891927599907,1.39609375,0.8147658109664917,,,
7920,0.1536471039056778,1.40859375,1.253728628158569,,,
7930,0.1543629869818687,1.3046875,0.6868992447853088,,,
7940,0.1486807882785797,1.4140625,0.9331093430519104,,,
7950,0.1526543393731117,1.35390625,0.6446762681007385,,,
7960,0.1606283888220787,1.4328125,0.7245466113090515,,,
7970,0.1512971967458725,1.4578125,0.917970895767212,,,
7980,0.1529288351535797,1.40859375,0.745120108127594,,,
7990,0.1536333009600639,1.39921875,0.7075479030609131,,,
8000,0.1528700903058052,1.35703125,0.7514142990112305,0.5655049681663513,0.3821704835279857,0.5232677667269441
8010,0.1572977006435394,1.37421875,0.6245481967926025,,,
8020,0.1520204797387123,1.3765625,0.7179398536682129,,,
8030,0.148181214928627,1.35390625,0.5495097041130066,,,
8040,0.1556892424821854,1.4109375,0.7452417016029358,,,
8050,0.1511145547032356,1.31953125,0.6788076162338257,,,
8060,0.157193087041378,1.3625,0.4843505918979645,,,
8070,0.1522281318902969,1.36875,0.8108025789260864,,,
8080,0.1536064505577087,1.3390625,0.8179349303245544,,,
8090,0.1515782833099365,1.378125,0.7022669911384583,,,
8100,0.1533535599708557,1.390625,0.5312381982803345,,,
8110,0.1512269333004951,1.36640625,1.165695071220398,,,
8120,0.1548345655202866,1.33984375,0.5916591882705688,,,
8130,0.1512100651860237,1.37734375,0.5413949489593506,,,
8140,0.1518516540527344,1.346875,0.7238293290138245,,,
8150,0.147835648059845,1.35390625,0.580351710319519,,,
8160,0.1503277093172073,1.39375,0.7535493969917297,,,
8170,0.1534249812364578,1.35859375,0.8577855825424194,,,
8180,0.1500910639762879,1.43828125,0.73412024974823,,,
8190,0.1526292398571968,1.3890625,0.6300340294837952,,,
8200,0.1509290739893913,1.334375,0.663232147693634,,,
8210,0.1562304362654686,1.3546875,0.626704752445221,,,
8220,0.1495482385158539,1.38671875,0.5439602732658386,,,
8230,0.1525383308529854,1.428125,0.6670381426811218,,,
8240,0.1510842278599739,1.36171875,0.8871338963508606,,,
8250,0.1540313020348549,1.3828125,0.6043046712875366,,,
8260,0.1523613452911377,1.40390625,1.014484882354736,,,
8270,0.1492022976279259,1.3265625,0.5425053834915161,,,
8280,0.1493307575583458,1.35625,0.574876606464386,,,
8290,0.1485852062702179,1.2953125,0.532255232334137,,,
8300,0.148652409017086,1.34921875,0.6893278956413269,,,
8310,0.1501299932599068,1.32890625,0.5267058610916138,,,
8320,0.1502522110939026,1.35078125,0.8157092928886414,,,
8330,0.1497110739350319,1.37890625,0.8073508739471436,,,
8340,0.1517044991254806,1.3640625,0.8671598434448242,,,
8350,0.1557501301169396,1.3484375,0.6283926367759705,,,
8360,0.1488246083259583,1.30546875,0.5600573420524597,,,
8370,0.1558107674121857,1.409375,0.6992787718772888,,,
8380,0.1491015926003456,1.33203125,1.032304644584656,,,
8390,0.1513944298028946,1.403125,0.644131064414978,,,
8400,0.1531312927603722,1.3625,0.5653584599494934,,,
8410,0.1498783767223358,1.4328125,0.8837181925773621,,,
8420,0.1490023344755173,1.3625,0.6901532411575317,,,
8430,0.1525918751955032,1.33515625,0.5620666742324829,,,
8440,0.146757835149765,1.3640625,0.6037205457687378,,,
8450,0.1543019562959671,1.375,0.5774086713790894,,,
8460,0.1431832149624825,1.3953125,0.5796794891357422,,,
8470,0.1518144100904465,1.31875,0.5029423832893372,,,
8480,0.1487745359539986,1.3265625,0.8344748616218567,,,
8490,0.1499446660280228,1.35390625,0.5147538781166077,,,
8500,0.1528860658407211,1.34140625,0.8309016227722168,,,
8510,0.1489709660410881,1.33828125,0.482714831829071,,,
8520,0.1482194349169731,1.3578125,0.8637008666992188,,,
8530,0.1484150424599648,1.3703125,1.035484433174133,,,
8540,0.1495326295495033,1.31484375,0.6174086928367615,,,
8550,0.1508608743548393,1.4,0.6293772459030151,,,
8560,0.1498595014214516,1.3703125,0.8516969084739685,,,
8570,0.1510575965046883,1.3375,0.6646464467048645,,,
8580,0.1508189275860786,1.2984375,0.6161604523658752,,,
8590,0.1464870184659958,1.36171875,0.8178178668022156,,,
8600,0.152003937959671,1.35390625,0.8611276745796204,,,
8610,0.1458362966775894,1.3828125,0.584965705871582,,,
8620,0.148239803314209,1.30390625,0.5640004873275757,,,
8630,0.1522624000906944,1.34453125,0.5611485242843628,,,
8640,0.1421343922615051,1.33671875,0.7369948029518127,,,
8650,0.1491380915045738,1.37734375,0.7561593055725098,,,
8660,0.1492276936769485,1.3953125,0.675335705280304,,,
8670,0.1495208472013473,1.3359375,0.6058253049850464,,,
8680,0.1448932930827141,1.33671875,0.6661050915718079,,,
8690,0.1494135990738869,1.346875,0.6911293268203735,,,
8700,0.1477462515234947,1.32734375,0.6318171620368958,,,
8710,0.1512546494603157,1.30234375,0.4742743074893951,,,
8720,0.154537758231163,1.27890625,0.5771199464797974,,,
8730,0.1457102760672569,1.365625,0.4953945875167847,,,
8740,0.153493620455265,1.321875,0.6951631307601929,,,
8750,0.1513503104448319,1.40078125,0.6468594670295715,,,
8760,0.1483943179249763,1.3578125,0.616291880607605,,,
8770,0.153044381737709,1.35625,0.6514302492141724,,,
8780,0.1518768414855003,1.3734375,0.7988275289535522,,,
8790,0.1489398494362831,1.39296875,0.7837139368057251,,,
8800,0.1508589759469032,1.43359375,0.8366962671279907,,,
8810,0.1502463787794113,1.36015625,0.617719829082489,,,
8820,0.1462158650159836,1.390625,0.5347670316696167,,,
8830,0.1475426346063614,1.29765625,0.6588770151138306,,,
8840,0.1469858407974243,1.33515625,0.7864152193069458,,,
8850,0.1493513807654381,1.35078125,0.5714593529701233,,,
8860,0.1451579168438911,1.396875,0.6074735522270203,,,
8870,0.1454723462462425,1.30390625,1.229186296463013,,,
8880,0.1502273127436638,1.3796875,0.6546199917793274,,,
8890,0.14764104783535,1.3578125,0.820236086845398,,,
8900,0.1465884387493133,1.34609375,0.7830124497413635,,,
8910,0.1489304706454277,1.35703125,0.7473370432853699,,,
8920,0.1443805977702141,1.35234375,0.5665887594223022,,,
8930,0.1492033526301384,1.3203125,0.5168724656105042,,,
8940,0.1422171220183372,1.31875,0.8918222188949585,,,
8950,0.1516195774078369,1.315625,0.6046197414398193,,,
8960,0.1477421253919601,1.353125,0.6024528741836548,,,
8970,0.1455181822180748,1.359375,0.6987001895904541,,,
8980,0.1473942428827286,1.3515625,0.6314109563827515,,,
8990,0.1501102939248085,1.421875,0.9353240132331848,,,
9000,0.143104113638401,1.3859375,0.5358534455299377,0.5848727822303772,0.3618956528279584,0.51461869166891
9010,0.1544256031513214,1.3609375,1.116982460021973,,,
9020,0.144922599196434,1.340625,0.5936119556427002,,,
9030,0.1462886422872543,1.371875,0.9237565994262696,,,
9040,0.1482710257172584,1.45546875,0.7616021037101746,,,
9050,0.1501087501645088,1.33515625,0.5677326917648315,,,
9060,0.1434414386749268,1.3234375,0.4854891896247864,,,
9070,0.1472334250807762,1.29375,0.5253090858459473,,,
9080,0.1496752500534058,1.34140625,0.7052616477012634,,,
9090,0.1429449528455734,1.39375,0.6090066432952881,,,
9100,0.1475297585129738,1.315625,0.7037157416343689,,,
9110,0.1505420848727226,1.33046875,0.4612949788570404,,,
9120,0.140885616838932,1.30078125,0.5799384713172913,,,
9130,0.1480932429432869,1.2875,0.7443006634712219,,,
9140,0.1479623258113861,1.309375,0.6301355361938477,,,
9150,0.1429979622364044,1.2859375,0.5805990099906921,,,
9160,0.1461241394281387,1.37578125,0.8093287348747253,,,
9170,0.145966699719429,1.3390625,1.033502101898193,,,
9180,0.1445571705698967,1.3671875,0.5950361490249634,,,
9190,0.1490660518407822,1.3203125,0.7212982177734375,,,
9200,0.1449817284941673,1.28359375,0.5581052899360657,,,
9210,0.1437787011265755,1.31875,0.7831876873970032,,,
9220,0.1507933363318443,1.32734375,0.5011135339736938,,,
9230,0.1490088164806366,1.384375,0.5482641458511353,,,
9240,0.1477725476026535,1.34296875,0.8822275996208191,,,
9250,0.1479030728340149,1.35,0.6999452114105225,,,
9260,0.1391521781682968,1.3359375,0.5282011032104492,,,
9270,0.1439095705747604,1.3015625,0.4567156732082367,,,
9280,0.1486521303653717,1.32109375,0.6185107827186584,,,
9290,0.1480944380164146,1.2890625,0.7285873889923096,,,
9300,0.1475023254752159,1.3609375,0.6035155057907104,,,
9310,0.1458926692605019,1.33515625,0.8111761808395386,,,
9320,0.1433826804161072,1.34453125,0.66096431016922,,,
9330,0.147038047015667,1.43359375,0.8815383911132812,,,
9340,0.1488569721579552,1.3453125,0.7108244895935059,,,
9350,0.1419893026351929,1.365625,0.4311822056770325,,,
9360,0.1485604420304298,1.34375,0.53251713514328,,,
9370,0.1447257936000824,1.32734375,0.6434146761894226,,,
9380,0.1437010288238526,1.3046875,0.6454779505729675,,,
9390,0.1447414129972458,1.315625,0.6156917214393616,,,
9400,0.1455666378140449,1.353125,0.5327581167221069,,,
9410,0.1446670323610306,1.315625,1.144160509109497,,,
9420,0.1445890247821808,1.3703125,0.9620640277862548,,,
9430,0.1514254420995712,1.3234375,0.5213083624839783,,,
9440,0.1451730266213417,1.24765625,0.7120687961578369,,,
9450,0.1437870919704437,1.31640625,0.5000224113464355,,,
9460,0.1422830983996391,1.36015625,0.8511788845062256,,,
9470,0.1454058215022087,1.31640625,0.5831218361854553,,,
9480,0.1455029755830765,1.34921875,0.6702991127967834,,,
9490,0.1441191747784615,1.33046875,0.4453147053718567,,,
9500,0.145868493616581,1.3546875,0.7805740833282471,,,
9510,0.1496642425656319,1.321875,0.8151899576187134,,,
9520,0.143572872877121,1.35703125,0.6274821758270264,,,
9530,0.1435737982392311,1.3171875,0.7047870755195618,,,
9540,0.1447798609733582,1.33359375,0.5966576337814331,,,
9550,0.1523962363600731,1.309375,0.5053520798683167,,,
9560,0.1474318012595177,1.25859375,0.4407244622707367,,,
9570,0.1421440824866295,1.28984375,0.9268153309822084,,,
9580,0.1394288390874863,1.37578125,0.999012291431427,,,
9590,0.1423437677323818,1.325,0.5243688225746155,,,
9600,0.145642352104187,1.35234375,0.5663002729415894,,,
9610,0.1447488114237785,1.36171875,0.7059862613677979,,,
9620,0.1384872227907181,1.3546875,0.6518968939781189,,,
9630,0.1460121318697929,1.34375,0.6699867844581604,,,
9640,0.1478878363966942,1.28125,0.3570981323719025,,,
9650,0.142885223031044,1.2890625,0.6007527709007263,,,
9660,0.1412053763866425,1.403125,0.739991307258606,,,
9670,0.1410683453083038,1.2609375,0.5841754078865051,,,
9680,0.1399210587143898,1.3328125,0.7399406433105469,,,
9690,0.1456131249666214,1.38125,0.4656881392002106,,,
9700,0.1422420158982277,1.35390625,0.7067736387252808,,,
9710,0.143879759311676,1.296875,0.5412780046463013,,,
9720,0.1474513277411461,1.321875,0.57027667760849,,,
9730,0.1432624101638794,1.2984375,0.5920252203941345,,,
9740,0.146171310544014,1.3234375,0.4215494394302368,,,
9750,0.1451838612556458,1.31875,0.4713771939277649,,,
9760,0.1426356017589569,1.34765625,0.8490149974822998,,,
9770,0.1417033150792122,1.35390625,1.219063282012939,,,
9780,0.1434525728225708,1.3125,0.5369347929954529,,,
9790,0.1430075541138649,1.29921875,0.5293581485748291,,,
9800,0.1412789896130562,1.39375,0.8664215803146362,,,
9810,0.1480124562978745,1.34453125,0.651419997215271,,,
9820,0.1470252454280853,1.290625,0.8757179379463196,,,
9830,0.1487279757857323,1.38203125,0.5217792391777039,,,
9840,0.1412094369530678,1.315625,0.6951894164085388,,,
9850,0.1437906578183174,1.34140625,0.5679425597190857,,,
9860,0.1442266941070557,1.34765625,0.552940309047699,,,
9870,0.1443100243806839,1.34921875,0.5975046753883362,,,
9880,0.1416041351854801,1.36953125,0.5224225521087646,,,
9890,0.1447356104850769,1.3796875,0.4992617070674896,,,
9900,0.1442781314253807,1.359375,0.6598696708679199,,,
9910,0.1414637848734856,1.33984375,0.7747339606285095,,,
9920,0.1451917454600334,1.2828125,0.5626675486564636,,,
9930,0.141197070479393,1.2921875,0.5605621933937073,,,
9940,0.1441282540559769,1.32109375,0.4458498358726501,,,
9950,0.1450126811861992,1.28359375,0.434522271156311,,,
9960,0.1454863265156746,1.32890625,0.6493253111839294,,,
9970,0.1411358326673508,1.35625,0.5415496826171875,,,
9980,0.1452455833554268,1.3296875,0.6230323314666748,,,
9990,0.1437427654862404,1.3359375,0.5142396688461304,,,
10000,0.1425834625959396,1.240625,0.5212581157684326,0.5794287323951721,0.3950728282212703,0.5203612899824482
10010,0.145120832324028,1.34453125,0.6957882046699524,,,
10020,0.1431081205606461,1.41953125,0.9015591740608216,,,
10030,0.146392585337162,1.33125,0.563923716545105,,,
10040,0.1420730635523796,1.32734375,0.5122690796852112,,,
10050,0.1445357695221901,1.36171875,0.6005131006240845,,,
10060,0.1440061077475548,1.29375,1.103046894073486,,,
10070,0.1456326901912689,1.30078125,0.611572265625,,,
10080,0.1438758656382561,1.303125,0.686543345451355,,,
10090,0.140865932404995,1.34140625,0.5166712403297424,,,
10100,0.1399382099509239,1.31015625,0.6734987497329712,,,
10110,0.1430346623063087,1.32578125,0.7523281574249268,,,
10120,0.1464804917573929,1.3484375,0.8798204660415649,,,
10130,0.1430815070867539,1.3546875,0.918578803539276,,,
10140,0.1443829074501991,1.38515625,0.801121175289154,,,
10150,0.1468310102820397,1.26640625,0.8791585564613342,,,
10160,0.1415582478046417,1.34921875,0.569585382938385,,,
10170,0.1437960132956505,1.28125,0.5922739505767822,,,
10180,0.1420421406626701,1.31640625,0.5913987755775452,,,
10190,0.1420547127723694,1.340625,0.8639736771583557,,,
10200,0.1412863716483116,1.35078125,0.4796774983406067,,,
10210,0.1424676492810249,1.29765625,0.5320332646369934,,,
10220,0.1399872288107872,1.34296875,0.628186821937561,,,
10230,0.1436985731124878,1.384375,0.5903047919273376,,,
10240,0.1425113663077354,1.35625,0.720276951789856,,,
10250,0.140414109826088,1.371875,0.7353684902191162,,,
10260,0.1403202444314957,1.2828125,0.8275595903396606,,,
10270,0.1402604877948761,1.31796875,0.8139858841896057,,,
10280,0.1471109747886658,1.3546875,0.6240677237510681,,,
10290,0.1453756704926491,1.31953125,0.5739474296569824,,,
10300,0.1409613981842995,1.2890625,0.5759145617485046,,,
10310,0.1419464081525803,1.38125,0.5447114109992981,,,
10320,0.14378731995821,1.328125,0.6775843501091003,,,
10330,0.1395993143320084,1.34921875,0.6023891568183899,,,
10340,0.1394371971487999,1.2984375,0.7123440504074097,,,
10350,0.147228641808033,1.2984375,0.5954195261001587,,,
10360,0.1402610823512077,1.37421875,0.6840149760246277,,,
10370,0.140669946372509,1.30625,0.4828816950321198,,,
10380,0.1378697477281094,1.30625,0.5749749541282654,,,
10390,0.145091900229454,1.3375,0.594334602355957,,,
10400,0.1431776821613312,1.3984375,0.5486648082733154,,,
10410,0.1411128550767899,1.2828125,0.7654303312301636,,,
10420,0.1459306225180626,1.3234375,0.6123879551887512,,,
10430,0.1451310694217682,1.35703125,0.7139224410057068,,,
10440,0.137883223593235,1.2875,0.5144029259681702,,,
10450,0.14310172945261,1.28125,0.524042546749115,,,
10460,0.1400261551141739,1.2875,0.6933150887489319,,,
10470,0.1384986728429794,1.309375,0.5835222601890564,,,
10480,0.1359016820788383,1.325,0.4953792989253998,,,
10490,0.1429358035326004,1.2453125,0.6060643792152405,,,
10500,0.1435257360339165,1.3859375,0.5968733429908752,,,
10510,0.1412568882107735,1.31875,0.7503803968429565,,,
10520,0.1416613042354584,1.32265625,0.7211359143257141,,,
10530,0.1402200981974602,1.3484375,0.4898615777492523,,,
10540,0.1402145564556122,1.33359375,0.7574169635772705,,,
10550,0.1411566361784935,1.340625,0.5599204301834106,,,
10560,0.1421815201640129,1.36796875,0.5772033929824829,,,
10570,0.1428993508219719,1.36953125,0.7873691320419312,,,
10580,0.1424547761678696,1.2828125,0.4797591269016266,,,
10590,0.1411033943295479,1.321875,0.8113720417022705,,,
10600,0.1406027495861054,1.30390625,0.5196053385734558,,,
10610,0.1411765918135643,1.275,0.8209113478660583,,,
10620,0.1422433122992516,1.25859375,0.5628243684768677,,,
10630,0.1370938703417778,1.3296875,0.5603827834129333,,,
10640,0.1400551706552506,1.35234375,0.7113917469978333,,,
10650,0.1362036518752575,1.31953125,0.6163709759712219,,,
10660,0.1421656176447868,1.33515625,0.514082670211792,,,
10670,0.1415720760822296,1.34609375,0.5443392395973206,,,
10680,0.1519333958625793,1.31171875,0.7823323607444763,,,
10690,0.1407044678926468,1.28203125,0.5595899224281311,,,
10700,0.1404238790273666,1.26953125,0.8663093447685242,,,
10710,0.1427974253892899,1.290625,0.6286163330078125,,,
10720,0.1427568018436432,1.3578125,0.4441639184951782,,,
10730,0.1432736948132515,1.2953125,0.6561093330383301,,,
10740,0.1393903329968453,1.34453125,0.4738739728927612,,,
10750,0.1408407792448997,1.340625,0.4775367975234985,,,
10760,0.1384779289364815,1.33125,0.5536668300628662,,,
10770,0.1413844361901283,1.34921875,0.6817200779914856,,,
10780,0.1403397455811501,1.33359375,0.4297559857368469,,,
10790,0.138340762257576,1.27265625,0.5892552137374878,,,
10800,0.146887369453907,1.2875,1.068359732627869,,,
10810,0.1371149346232414,1.31953125,0.6189611554145813,,,
10820,0.1354876555502415,1.3015625,0.8171371817588806,,,
10830,0.1391983106732368,1.31484375,0.7677291631698608,,,
10840,0.1396558463573456,1.309375,0.7074659466743469,,,
10850,0.1423516854643822,1.3046875,0.4757111966609955,,,
10860,0.13983373939991,1.346875,0.4688896834850311,,,
10870,0.1417417332530022,1.28203125,0.5446650981903076,,,
10880,0.1416924521327019,1.3125,0.4886353015899658,,,
10890,0.1410396754741669,1.30625,0.5532919764518738,,,
10900,0.1361021131277084,1.28203125,0.51920485496521,,,
10910,0.1463895931839943,1.2875,0.4591561257839203,,,
10920,0.1426999568939209,1.290625,0.4379445314407349,,,
10930,0.1416655376553536,1.2484375,0.3759378492832184,,,
10940,0.1418570756912231,1.3046875,0.6234391331672668,,,
10950,0.1455766901373863,1.26328125,0.8529955744743347,,,
10960,0.1410048097372055,1.32265625,0.543634295463562,,,
10970,0.1447535559535026,1.2671875,0.7828534245491028,,,
10980,0.1405337169766426,1.378125,0.4411599040031433,,,
10990,0.1427520006895065,1.29375,0.5793501138687134,,,
11000,0.1396771624684334,1.31484375,0.495223343372345,0.5780288577079773,0.4084095936218827,0.5200200394419804
11010,0.1465413168072701,1.27421875,0.5155230164527893,,,
11020,0.1410399734973908,1.29140625,0.882624089717865,,,
11030,0.135682187974453,1.29375,0.559131383895874,,,
11040,0.1404236704111099,1.27109375,0.5617855191230774,,,
11050,0.1385314129292965,1.37578125,0.6646049618721008,,,
11060,0.1370760455727577,1.321875,0.6234332919120789,,,
11070,0.1409143298864365,1.321875,0.7779601216316223,,,
11080,0.1415666237473488,1.27890625,0.473896324634552,,,
11090,0.1382595390081406,1.25625,0.6013848185539246,,,
11100,0.1377696245908737,1.2953125,0.5986391305923462,,,
11110,0.1361869521439076,1.28046875,0.4499195516109467,,,
11120,0.1400747835636139,1.27578125,0.5171221494674683,,,
11130,0.1387177839875221,1.31796875,0.8463833332061768,,,
11140,0.1382752999663353,1.3046875,0.642397940158844,,,
11150,0.1376205071806908,1.2671875,0.5340061187744141,,,
11160,0.139086951315403,1.2390625,0.5074918866157532,,,
11170,0.1413332089781761,1.315625,0.7382383942604065,,,
11180,0.1370076879858971,1.31796875,0.6864600777626038,,,
11190,0.140312434732914,1.32578125,0.6036519408226013,,,
11200,0.1384606957435608,1.29921875,0.4877862930297852,,,
11210,0.1408891692757606,1.35703125,0.6231014728546143,,,
11220,0.1395007714629173,1.34375,0.4366419017314911,,,
11230,0.1373262189328671,1.31484375,0.5669428110122681,,,
11240,0.1401065543293953,1.29765625,0.5705196857452393,,,
11250,0.1385703280568123,1.26015625,0.9253513216972352,,,
11260,0.1404664382338524,1.2703125,0.5442131757736206,,,
11270,0.1405540451407433,1.3515625,0.6645267009735107,,,
11280,0.1364676922559738,1.29375,0.7984787225723267,,,
11290,0.1401299849152565,1.28359375,0.6415252685546875,,,
11300,0.1362265013158321,1.265625,0.6026360988616943,,,
11310,0.14019565731287,1.3859375,0.9054751992225648,,,
11320,0.1420686155557633,1.33828125,0.5876241326332092,,,
11330,0.1381216645240784,1.32578125,0.6126489639282227,,,
11340,0.1391028761863708,1.26015625,0.5092117786407471,,,
11350,0.1349788434803486,1.334375,0.4338667094707489,,,
11360,0.1380822107195854,1.3078125,0.5932074189186096,,,
11370,0.1407013803720474,1.2796875,0.9539554715156556,,,
11380,0.1414575189352036,1.3453125,0.5068426132202148,,,
11390,0.1411413758993149,1.31875,0.6006921529769897,,,
11400,0.1385095134377479,1.26953125,0.5740374326705933,,,
11410,0.1389193385839462,1.3,0.8457804322242737,,,
11420,0.1408772200345993,1.29453125,0.8566368818283081,,,
11430,0.1347289048135281,1.25546875,0.9313945174217224,,,
11440,0.1364444121718407,1.359375,0.5641385912895203,,,
11450,0.1335043266415596,1.34375,0.7507653832435608,,,
11460,0.1335262186825275,1.23984375,0.5597851872444153,,,
11470,0.1343598298728466,1.30390625,0.5347257256507874,,,
11480,0.1367920234799385,1.25625,0.6603272557258606,,,
11490,0.1380374491214752,1.22421875,0.4740486145019531,,,
11500,0.1373726174235344,1.24765625,0.5375564098358154,,,
11510,0.1343255147337913,1.29453125,0.6831063628196716,,,
11520,0.1386987708508968,1.36171875,0.7786619067192078,,,
11530,0.1384148918092251,1.2484375,0.4393289089202881,,,
11540,0.1425531759858131,1.21796875,0.5952786803245544,,,
11550,0.1356847152113914,1.30625,0.615851104259491,,,
11560,0.1361490681767464,1.33359375,0.4360389411449432,,,
11570,0.1336315929889679,1.3234375,0.6198447346687317,,,
11580,0.136615976691246,1.2765625,0.4603389501571655,,,
11590,0.1382902279496193,1.3078125,0.6368562579154968,,,
11600,0.1348878845572472,1.3234375,0.5763936042785645,,,
11610,0.1427187249064445,1.32109375,0.4848667681217194,,,
11620,0.1360178261995316,1.3203125,0.6411321759223938,,,
11630,0.1382464051246643,1.2828125,0.9303765296936036,,,
11640,0.1371193587779999,1.2578125,0.3921243250370026,,,
11650,0.1380637392401695,1.271875,0.3991138339042664,,,
11660,0.1347523778676987,1.28828125,0.5868632197380066,,,
11670,0.135178005695343,1.30625,0.501966118812561,,,
11680,0.139153316617012,1.27421875,0.6918907165527344,,,
11690,0.1372527658939361,1.278125,0.4831411838531494,,,
11700,0.1377350732684136,1.22578125,0.4335053563117981,,,
11710,0.1417461961507797,1.30625,0.5090121030807495,,,
11720,0.1380229577422142,1.32734375,0.5980539917945862,,,
11730,0.1362969160079956,1.28359375,0.5427228808403015,,,
11740,0.1341030016541481,1.309375,0.6155726909637451,,,
11750,0.1361464470624924,1.265625,0.6451224684715271,,,
11760,0.1340728238224983,1.31015625,0.5629825592041016,,,
11770,0.1391417726874352,1.3875,0.5033449530601501,,,
11780,0.1389982432126999,1.265625,0.5182595252990723,,,
11790,0.1369751542806625,1.30546875,0.4295071065425873,,,
11800,0.1394317612051964,1.31484375,0.6888436675071716,,,
11810,0.142221711575985,1.31484375,0.66008061170578,,,
11820,0.1381280526518822,1.28046875,0.6257684230804443,,,
11830,0.1394310727715492,1.32734375,0.7474950551986694,,,
11840,0.1312032528221607,1.2703125,0.487815260887146,,,
11850,0.1363675653934479,1.29140625,0.431966245174408,,,
11860,0.1419418036937714,1.334375,0.7043370008468628,,,
11870,0.1418242648243904,1.284375,0.5864056348800659,,,
11880,0.1374900683760643,1.25234375,0.5646080374717712,,,
11890,0.1372454345226288,1.25390625,0.4084549248218536,,,
11900,0.1378638923168182,1.2671875,0.4977956116199493,,,
11910,0.135651983320713,1.2734375,0.5014892816543579,,,
11920,0.1385298117995262,1.2421875,0.4598905444145203,,,
11930,0.1425961807370186,1.29765625,0.659103274345398,,,
11940,0.1391504384577274,1.3296875,0.6210516095161438,,,
11950,0.1391815066337586,1.35546875,0.6022831797599792,,,
11960,0.1388223879039288,1.321875,0.5516613125801086,,,
11970,0.1367666140198708,1.221875,0.4535239636898041,,,
11980,0.1332783550024033,1.2828125,0.4346518218517303,,,
11990,0.1354700230062008,1.29375,0.4437393546104431,,,
12000,0.1353488281369209,1.29140625,0.5334522128105164,0.598837673664093,0.3828175549870611,0.5207110594922901
12010,0.1395345941185951,1.3171875,0.4384862780570984,,,
12020,0.1383601158857345,1.28203125,0.9535254240036012,,,
12030,0.1368927374482155,1.23515625,0.4979985356330872,,,
12040,0.1328408837318421,1.290625,0.7182093858718872,,,
12050,0.1358099594712257,1.234375,0.5315746068954468,,,
12060,0.1346650391817093,1.303125,0.3999997079372406,,,
12070,0.13721764087677,1.334375,0.5381857752799988,,,
12080,0.1364071443676949,1.32734375,0.5077757239341736,,,
12090,0.1375744268298149,1.24140625,0.4351190328598022,,,
12100,0.1305995017290115,1.25546875,0.4146906435489655,,,
12110,0.1374522015452385,1.33671875,0.5035237669944763,,,
12120,0.1367170691490173,1.29609375,0.4139672219753265,,,
12130,0.1339671827852726,1.2484375,0.5545470118522644,,,
12140,0.1379366062581539,1.28515625,0.7011227607727051,,,
12150,0.144577357172966,1.2765625,0.5210650563240051,,,
12160,0.1344155162572861,1.29921875,0.575496256351471,,,
12170,0.1367044553160667,1.23359375,0.4324533641338348,,,
12180,0.1361936166882515,1.26796875,0.3300276398658752,,,
12190,0.1398447975516319,1.27890625,0.6667958498001099,,,
12200,0.1340389393270016,1.225,0.4222889840602875,,,
12210,0.1361108340322971,1.28046875,0.6477639079093933,,,
12220,0.1379917085170746,1.28046875,0.4194713830947876,,,
12230,0.13626738935709,1.278125,0.4443077147006989,,,
12240,0.1355319410562515,1.196875,0.4679138958454132,,,
12250,0.1339432410895824,1.29609375,0.4945244193077087,,,
12260,0.1405992105603218,1.2859375,0.5413671135902405,,,
12270,0.1377251341938973,1.2734375,0.6937546133995056,,,
12280,0.1393821448087692,1.2546875,0.5187551975250244,,,
12290,0.1376679480075836,1.27890625,0.5113427639007568,,,
12300,0.1333662942051888,1.25234375,0.5331699252128601,,,
12310,0.136292539536953,1.28203125,0.5449970960617065,,,
12320,0.1365995049476623,1.3140625,0.6221145987510681,,,
12330,0.1336444832384586,1.2390625,0.7258657217025757,,,
12340,0.138581295311451,1.2984375,0.4767310917377472,,,
12350,0.1393560335040092,1.3234375,0.4372745156288147,,,
12360,0.1384876027703285,1.39375,0.5755910873413086,,,
12370,0.1370162963867188,1.271875,0.4879909753799438,,,
12380,0.1319190204143524,1.36640625,0.5672887563705444,,,
12390,0.131709211319685,1.25,0.570196270942688,,,
12400,0.1380235850811005,1.29921875,0.6608107089996338,,,
12410,0.1369251362979412,1.26796875,0.6852666735649109,,,
12420,0.1316983222961426,1.2953125,0.418366551399231,,,
12430,0.1334541402757168,1.303125,0.370269775390625,,,
12440,0.1348400726914406,1.27109375,0.4989349842071533,,,
12450,0.1352059319615364,1.30390625,0.5313426852226257,,,
12460,0.1382149994373321,1.2453125,0.5718818306922913,,,
12470,0.1362128376960755,1.25703125,0.4766203165054321,,,
12480,0.1327828958630562,1.28515625,0.455061286687851,,,
12490,0.140744024515152,1.26953125,0.4684236645698547,,,
12500,0.1311779960989952,1.290625,0.6032535433769226,,,
12510,0.139600832760334,1.27265625,0.4906525611877441,,,
12520,0.1360127612948418,1.24921875,0.4548520147800446,,,
12530,0.1379173621535301,1.240625,0.6246470808982849,,,
12540,0.1390793591737747,1.30078125,0.425620824098587,,,
12550,0.1365340784192085,1.2625,0.5521886944770813,,,
12560,0.1345767430961132,1.3171875,0.6978397965431213,,,
12570,0.1302821718156338,1.25703125,0.6164195537567139,,,
12580,0.1378873080015182,1.28203125,0.6361855268478394,,,
12590,0.1323320202529431,1.27734375,0.5414589643478394,,,
12600,0.1341264948248863,1.2765625,0.4750271439552307,,,
12610,0.1369060777127743,1.265625,0.723856508731842,,,
12620,0.1346025489270687,1.259375,0.5086074471473694,,,
12630,0.1321286544203758,1.271875,0.5169358253479004,,,
12640,0.1368131726980209,1.24375,0.9100003838539124,,,
12650,0.1361117720603943,1.3203125,0.4371661841869354,,,
12660,0.1353599973022938,1.25234375,0.8301961421966553,,,
12670,0.1364059716463089,1.28203125,0.5424498319625854,,,
12680,0.1315589517354965,1.2796875,0.4431492388248444,,,
12690,0.1308086529374123,1.23125,0.4430925250053406,,,
12700,0.1348273023962974,1.29765625,0.6431982517242432,,,
12710,0.1366594806313515,1.29609375,0.4042433500289917,,,
12720,0.1380149498581886,1.2921875,0.6703338623046875,,,
12730,0.1320228233933449,1.28515625,0.491863489151001,,,
12740,0.136885254830122,1.29296875,0.6650099754333496,,,
12750,0.1376762360334396,1.28359375,0.4932613670825958,,,
12760,0.136930114030838,1.26015625,0.4378777146339417,,,
12770,0.1367162525653839,1.28984375,0.458199143409729,,,
12780,0.1282513521611691,1.24453125,0.5325412154197693,,,
12790,0.1388463273644447,1.28671875,0.6092849373817444,,,
12800,0.1316360294818878,1.2609375,0.3858440518379211,,,
12810,0.1334319241344929,1.28984375,0.5839340090751648,,,
12820,0.1318810671567917,1.3015625,0.6284336447715759,,,
12830,0.134304204583168,1.2359375,0.4431347846984863,,,
12840,0.1339671641588211,1.28671875,0.7427617907524109,,,
12850,0.1314942821860313,1.30390625,0.4159424006938934,,,
12860,0.1343183912336826,1.315625,0.5361261367797852,,,
12870,0.1361994653940201,1.2703125,0.6551069617271423,,,
12880,0.1351544588804245,1.275,0.5983793139457703,,,
12890,0.1352682933211327,1.2375,0.6344352960586548,,,
12900,0.1380143716931343,1.2703125,0.3660558462142944,,,
12910,0.1324502147734165,1.28671875,0.306307315826416,,,
12920,0.1329892218112946,1.2203125,0.6868062615394592,,,
12930,0.1378180630505085,1.27890625,0.5182523131370544,,,
12940,0.1311661645770073,1.278125,0.3571334779262543,,,
12950,0.1362961232662201,1.2890625,0.4226204752922058,,,
12960,0.1324668943881989,1.2,0.5625384449958801,,,
12970,0.1385128319263458,1.2640625,0.5294752717018127,,,
12980,0.1313653901219368,1.2578125,0.5156777501106262,,,
12990,0.1304492637515068,1.27109375,0.6026244163513184,,,
13000,0.1364186629652977,1.2796875,0.6985360980033875,0.5837163925170898,0.4145824980465317,0.5321898541209654
13010,0.1358170084655285,1.246875,0.3378316760063171,,,
13020,0.1309464052319527,1.296875,0.315932035446167,,,
13030,0.1338659830391407,1.28984375,0.7450191378593445,,,
13040,0.1262711882591248,1.22734375,0.3879250288009644,,,
13050,0.1351313754916191,1.3171875,0.5942104458808899,,,
13060,0.1351444251835346,1.29296875,0.4990448951721191,,,
13070,0.1348228797316551,1.22265625,0.678700864315033,,,
13080,0.1299949340522289,1.26796875,0.4980066418647766,,,
13090,0.1360109448432922,1.24453125,0.6087372303009033,,,
13100,0.1332410991191864,1.221875,0.6160203218460083,,,
13110,0.135207799077034,1.27109375,0.4286292791366577,,,
13120,0.131687431037426,1.26953125,0.4818525910377502,,,
13130,0.1365901656448841,1.321875,1.024677038192749,,,
13140,0.1272613249719143,1.26953125,0.5759686827659607,,,
13150,0.1310367926955223,1.24921875,0.3921762406826019,,,
13160,0.1327702566981316,1.29140625,0.4170663356781006,,,
13170,0.1263724140822887,1.25390625,0.6467845439910889,,,
13180,0.1289090402424335,1.28125,0.5430618524551392,,,
13190,0.1367392852902412,1.3171875,0.3765710294246674,,,
13200,0.1345405630767345,1.265625,0.6369799971580505,,,
13210,0.1304975733160973,1.346875,0.579189121723175,,,
13220,0.1349678575992584,1.23828125,0.4202161729335785,,,
13230,0.1344513863325119,1.26171875,0.5732324719429016,,,
13240,0.1313823558390141,1.24609375,0.4070245325565338,,,
13250,0.1341619253158569,1.24140625,0.5970662236213684,,,
13260,0.1306518077850342,1.2046875,0.3988312482833862,,,
13270,0.1350741058588028,1.2546875,0.4948008954524994,,,
13280,0.1347578018903732,1.2875,0.5438825488090515,,,
13290,0.1343850120902061,1.30390625,0.5640932321548462,,,
13300,0.1346051827073097,1.22265625,0.5030245184898376,,,
13310,0.1328318431973457,1.29453125,0.6882320642471313,,,
13320,0.1341548122465611,1.26875,0.7797390818595886,,,
13330,0.1303013101220131,1.26875,0.500387966632843,,,
13340,0.1310674570500851,1.22890625,0.4380955100059509,,,
13350,0.1327139563858509,1.246875,0.5381106734275818,,,
13360,0.131197764724493,1.27421875,0.4409470558166504,,,
13370,0.1294369764626026,1.2484375,0.4735731780529022,,,
13380,0.133234566450119,1.2359375,0.5206634998321533,,,
13390,0.1322101831436157,1.25,0.5361212491989136,,,
13400,0.1341272629797459,1.30234375,0.4976075291633606,,,
13410,0.1373087525367737,1.33125,0.710752546787262,,,
13420,0.133356960862875,1.26328125,0.530280351638794,,,
13430,0.1298774152994156,1.259375,0.37443608045578,,,
13440,0.1344894900918007,1.253125,0.6776747107505798,,,
13450,0.1277455784380436,1.23828125,0.4463057816028595,,,
13460,0.1342675872147083,1.246875,0.4347126483917236,,,
13470,0.1295913062989712,1.19296875,0.4623169004917145,,,
13480,0.132072875648737,1.23828125,0.4950429797172546,,,
13490,0.1357244074344635,1.31171875,0.7370602488517761,,,
13500,0.1321515776216984,1.215625,0.6783685684204102,,,
13510,0.1327838569879532,1.26953125,0.5425539612770081,,,
13520,0.1294195927679539,1.2625,0.6580994129180908,,,
13530,0.1294417791068554,1.25390625,0.5537223219871521,,,
13540,0.1329795986413956,1.253125,0.4353205561637878,,,
13550,0.1370767503976822,1.2453125,0.5980516076087952,,,
13560,0.132848933339119,1.2453125,0.7383310794830322,,,
13570,0.133815011382103,1.2609375,0.4425505101680756,,,
13580,0.1314065955579281,1.30859375,0.5115104913711548,,,
13590,0.1259855404496193,1.27109375,0.543941080570221,,,
13600,0.1348230123519897,1.24765625,0.7237495183944702,,,
13610,0.1338768064975739,1.246875,0.629585325717926,,,
13620,0.1349662475287914,1.28671875,0.809158205986023,,,
13630,0.134148833155632,1.26015625,0.6391307711601257,,,
13640,0.1374571718275547,1.196875,0.5713329315185547,,,
13650,0.133046767115593,1.321875,0.811415433883667,,,
13660,0.1319656692445278,1.2359375,0.5880159139633179,,,
13670,0.1323735482990742,1.1921875,0.4096366167068481,,,
13680,0.1313479453325272,1.2140625,0.3886799216270447,,,
13690,0.1332232922315598,1.21875,0.6737613081932068,,,
13700,0.13323088362813,1.2375,0.8532437682151794,,,
13710,0.1359927222132683,1.22734375,0.6268202066421509,,,
13720,0.1292540445923805,1.2609375,0.6075918078422546,,,
13730,0.1318763464689255,1.26328125,0.5474327206611633,,,
13740,0.1344667941331864,1.2484375,0.7239664793014526,,,
13750,0.1326175153255463,1.26171875,0.3970586657524109,,,
13760,0.1340966321527958,1.20078125,0.5131672620773315,,,
13770,0.1285189166665077,1.20625,0.4183886051177979,,,
13780,0.1308773100376129,1.26640625,0.4655865430831909,,,
13790,0.1209289543330669,1.228125,0.6680458784103394,,,
13800,0.1289512403309345,1.234375,0.4834237694740295,,,
13810,0.1301959067583084,1.25390625,0.4917111992835999,,,
13820,0.1251201346516609,1.2671875,0.4889077842235565,,,
13830,0.1324942469596863,1.22265625,0.519507646560669,,,
13840,0.1285120256245136,1.2140625,0.5549305081367493,,,
13850,0.1322334505617619,1.2171875,0.3207606971263885,,,
13860,0.1300055488944054,1.296875,0.4050685167312622,,,
13870,0.1289689511060715,1.29453125,0.6922711730003357,,,
13880,0.1307666450738907,1.2640625,0.492380827665329,,,
13890,0.1345014169812203,1.23984375,0.6211588978767395,,,
13900,0.123901092261076,1.21484375,0.5006666779518127,,,
13910,0.1328854754567146,1.24609375,0.7109701037406921,,,
13920,0.1317432224750519,1.23984375,0.5368562340736389,,,
13930,0.1349333614110947,1.2796875,0.5853185057640076,,,
13940,0.1294658504426479,1.1890625,0.5649935007095337,,,
13950,0.1261352494359017,1.23359375,0.9236918687820436,,,
13960,0.13155647367239,1.25625,0.4378280937671661,,,
13970,0.1286133699119091,1.2484375,0.4478646516799927,,,
13980,0.1299083426594734,1.2890625,0.6383839845657349,,,
13990,0.1302030466496945,1.2359375,0.8829253315925598,,,
14000,0.1261318050324917,1.253125,0.615922212600708,0.596851646900177,0.4045952190919256,0.5276941968044955
14010,0.127858842164278,1.27734375,0.5352773666381836,,,
14020,0.1314164444804192,1.27578125,0.5379839539527893,,,
14030,0.1341521576046944,1.24765625,0.6510968804359436,,,
14040,0.1325263381004333,1.2859375,0.4965500235557556,,,
14050,0.1278527356684208,1.25390625,0.3938935995101929,,,
14060,0.1314640827476978,1.303125,0.7655522227287292,,,
14070,0.1318728223443031,1.22265625,0.5821295976638794,,,
14080,0.1336246326565743,1.2484375,0.359067976474762,,,
14090,0.1286829516291618,1.25703125,0.4624937772750854,,,
14100,0.1276844158768654,1.225,0.3308889269828796,,,
14110,0.1341817766427994,1.2515625,0.381370484828949,,,
14120,0.1221390627324581,1.275,0.3542313277721405,,,
14130,0.1334847889840603,1.2515625,0.7929055094718933,,,
14140,0.1397347345948219,1.271875,0.4434344470500946,,,
14150,0.1281605415046215,1.26796875,0.4850465059280396,,,
14160,0.1288831107318401,1.2671875,0.4541363418102264,,,
14170,0.129958762973547,1.22890625,0.5274214148521423,,,
14180,0.1343642883002758,1.25703125,0.5912678241729736,,,
14190,0.1308316230773926,1.2484375,0.668360710144043,,,
14200,0.125144923478365,1.2265625,0.5304456949234009,,,
14210,0.1284887000918388,1.21953125,0.7503118515014648,,,
14220,0.1349189631640911,1.28359375,0.3923602402210236,,,
14230,0.1301115974783897,1.2625,0.4649562537670135,,,
14240,0.1355775192379952,1.25,0.452266126871109,,,
14250,0.1289541341364384,1.25078125,0.540772557258606,,,
14260,0.1350976973772049,1.24375,0.5230740904808044,,,
14270,0.1344043552875519,1.2765625,0.410189300775528,,,
14280,0.1285922221839428,1.1921875,0.3633058071136475,,,
14290,0.1303909853100777,1.25,0.6952624917030334,,,
14300,0.1288518711924553,1.20859375,0.4005513191223145,,,
14310,0.1266568541526794,1.25625,0.4761532545089722,,,
14320,0.1341845944523811,1.25234375,0.5406534671783447,,,
14330,0.1317681312561035,1.23671875,0.5255064368247986,,,
14340,0.1283509030938149,1.2,0.3625589311122894,,,
14350,0.1289019070565701,1.2484375,0.6751986742019653,,,
14360,0.1316123187541962,1.26484375,0.4460085332393646,,,
14370,0.1324119172990322,1.2484375,0.5165825486183167,,,
14380,0.133885096013546,1.22421875,0.7714647054672241,,,
14390,0.1270170532166958,1.23046875,0.4102394282817841,,,
14400,0.1307078741490841,1.24375,0.4623961448669434,,,
14410,0.1257766969501972,1.25390625,0.5549145340919495,,,
14420,0.133742343634367,1.24296875,0.4001982510089874,,,
14430,0.1266715675592422,1.27109375,0.5065309405326843,,,
14440,0.1326520889997482,1.3484375,0.6206403970718384,,,
14450,0.1284374982118607,1.196875,0.4370337724685669,,,
14460,0.1305695228278637,1.24296875,0.4849514961242676,,,
14470,0.1339394278824329,1.19296875,0.5550059080123901,,,
14480,0.1260711595416069,1.2046875,0.4668101072311401,,,
14490,0.1290441878139973,1.22734375,0.3219701647758484,,,
14500,0.1340550847351551,1.221875,0.3958525359630585,,,
14510,0.1310474738478661,1.175,0.383560836315155,,,
14520,0.1297988012433052,1.22578125,0.3914590179920197,,,
14530,0.1293350793421268,1.290625,0.4977542161941528,,,
14540,0.1299785986542702,1.23125,0.5616741180419922,,,
14550,0.1313498020172119,1.196875,0.4585241079330444,,,
14560,0.1287245936691761,1.225,0.3880476951599121,,,
14570,0.1289441637694836,1.25703125,0.6958786249160767,,,
14580,0.1301226809620857,1.2078125,0.3916577994823456,,,
14590,0.1292573630809784,1.2140625,0.4858175218105316,,,
14600,0.1338511690497398,1.18046875,0.3791732490062714,,,
14610,0.1274029217660427,1.27734375,0.5533798933029175,,,
14620,0.1293625466525555,1.22265625,0.5228853225708008,,,
14630,0.1294303819537163,1.25859375,0.4545498788356781,,,
14640,0.1298116192221642,1.2703125,0.4331836700439453,,,
14650,0.127205466479063,1.26171875,0.4139495193958282,,,
14660,0.1306416265666485,1.17578125,0.3986465334892273,,,
14670,0.1283576719462872,1.25625,0.6714701652526855,,,
14680,0.1277991473674774,1.275,0.5955830216407776,,,
14690,0.1304516762495041,1.225,0.480938732624054,,,
14700,0.1311851419508457,1.21875,0.3837243020534515,,,
14710,0.1270860396325588,1.278125,0.8118332624435425,,,
14720,0.1334238514304161,1.2796875,0.6742585301399231,,,
14730,0.1260771438479424,1.2703125,0.6544972062110901,,,
14740,0.127810800075531,1.259375,0.435794472694397,,,
14750,0.1278823636472225,1.209375,0.5777940154075623,,,
14760,0.1240203186869621,1.2171875,0.3753103613853455,,,
14770,0.1313843362033367,1.25625,0.4434702396392822,,,
14780,0.1271486908197403,1.23828125,0.3684949278831482,,,
14790,0.1264980278909206,1.2546875,0.4817275702953339,,,
14800,0.1286079242825508,1.23515625,0.3601503670215607,,,
14810,0.1332830816507339,1.2765625,0.2857535779476166,,,
14820,0.1300284847617149,1.22265625,0.457036018371582,,,
14830,0.1283562168478966,1.2265625,0.4633299112319946,,,
14840,0.1324076697230339,1.21328125,0.7419534921646118,,,
14850,0.1292115606367588,1.240625,0.4766899347305298,,,
14860,0.1293969504535198,1.23671875,0.3871711194515228,,,
14870,0.1321440488100052,1.21015625,0.5777747631072998,,,
14880,0.1295309960842133,1.240625,0.4311981499195099,,,
14890,0.1283887475728989,1.2203125,0.5581976175308228,,,
14900,0.13174649477005,1.2375,0.4062807559967041,,,
14910,0.1274894177913666,1.2046875,0.3776020407676697,,,
14920,0.1301710642874241,1.225390625,0.6249613761901855,,,
14930,0.1280831702053547,1.27265625,0.6212273836135864,,,
14940,0.1267045132815838,1.2109375,0.4708791673183441,,,
14950,0.1285040065646172,1.20234375,0.4629192650318146,,,
14960,0.1248934924602509,1.20078125,0.6248413920402527,,,
14970,0.1288701727986336,1.217578125,0.5857899785041809,,,
14980,0.1356254830956459,1.23671875,0.3965664803981781,,,
14990,0.128589104861021,1.25625,0.3515588939189911,,,
15000,0.1327061370015144,1.2046875,0.4580126404762268,0.6100291609764099,0.4007146979610874,0.5374222754699104
15010,0.1317696318030357,1.25703125,0.4280419051647186,,,
15020,0.1296268999576569,1.228125,0.3858128190040588,,,
15030,0.1266852654516697,1.24921875,0.5960407853126526,,,
15040,0.1255680307745934,1.19765625,0.4950951039791107,,,
15050,0.1316808640956879,1.23671875,0.4089728891849518,,,
15060,0.1262106195092201,1.2671875,0.5592072010040283,,,
15070,0.1290503039956093,1.24765625,0.3613692820072174,,,
15080,0.126669542491436,1.29140625,0.4500692188739777,,,
15090,0.1268303528428078,1.253125,0.4090939462184906,,,
15100,0.1281115457415581,1.21953125,0.5420641899108887,,,
15110,0.1278845585882664,1.22265625,0.4590712785720825,,,
15120,0.1284257106482983,1.21484375,0.4769919514656067,,,
15130,0.1284940995275974,1.23046875,0.5045868754386902,,,
15140,0.1327856004238129,1.23515625,0.3890048563480377,,,
15150,0.1289312571287155,1.2921875,0.7652977705001831,,,
15160,0.1338652238249779,1.29140625,0.6417694687843323,,,
15170,0.1333747453987598,1.2734375,0.4446115791797638,,,
15180,0.1250112637877464,1.265625,0.5207199454307556,,,
15190,0.128590627014637,1.29296875,0.5023196935653687,,,
15200,0.1248403683304787,1.1890625,0.4545137286186218,,,
15210,0.128978369385004,1.25546875,0.4936440885066986,,,
15220,0.1297405995428562,1.22890625,0.7599827647209167,,,
15230,0.130449441075325,1.21875,0.4641972482204437,,,
15240,0.1277047328650951,1.26171875,0.3408364951610565,,,
15250,0.1283092990517616,1.24765625,0.4452785551548004,,,
15260,0.1268502920866013,1.2671875,0.540647566318512,,,
15270,0.1303959213197231,1.1765625,0.3422828614711761,,,
15280,0.1296625882387161,1.24609375,0.5238620042800903,,,
15290,0.1269553825259209,1.20625,0.4160546064376831,,,
15300,0.1252318002283573,1.21328125,0.3712731301784515,,,
15310,0.1325561456382275,1.20078125,0.4905108213424683,,,
15320,0.1272002100944519,1.23828125,0.5748105049133301,,,
15330,0.1313700929284096,1.25078125,0.7492605447769165,,,
15340,0.1240353628993034,1.22109375,0.801737904548645,,,
15350,0.1298826076090336,1.22734375,0.4975890815258026,,,
15360,0.1299840115010738,1.24375,0.7982562184333801,,,
15370,0.1320740111172199,1.27578125,0.5023411512374878,,,
15380,0.1281568951904774,1.20703125,0.4505763649940491,,,
15390,0.1256287418305874,1.20625,0.6034953594207764,,,
15400,0.1283535204827785,1.18359375,0.5373497009277344,,,
15410,0.131220767647028,1.22265625,0.5575490593910217,,,
15420,0.1309568293392658,1.240625,0.4180646240711212,,,
15430,0.1317297369241714,1.14453125,0.4151304960250854,,,
15440,0.1292043387889862,1.23984375,0.4979141056537628,,,
15450,0.1307275637984276,1.328125,0.5054057836532593,,,
15460,0.1310816556215286,1.2203125,0.7011727094650269,,,
15470,0.1302089981734753,1.25,0.4215692579746246,,,
15480,0.1267856806516647,1.23125,0.6128002405166626,,,
15490,0.1289303451776505,1.24921875,0.4922668039798737,,,
15500,0.1254136465489864,1.3125,0.5667092800140381,,,
15510,0.1237186938524246,1.2390625,0.4671879410743713,,,
15520,0.126319569349289,1.2078125,0.5192320942878723,,,
15530,0.1239551536738873,1.21640625,0.4098019897937775,,,
15540,0.125809246301651,1.2046875,0.4251259863376617,,,
15550,0.1259782910346985,1.2484375,0.5948281288146973,,,
15560,0.1341490067541599,1.19453125,0.424435168504715,,,
15570,0.1244947239756584,1.24296875,0.407907247543335,,,
15580,0.1256015792489052,1.184375,0.2963523864746094,,,
15590,0.1251314394176006,1.228125,0.6466774940490723,,,
15600,0.1264853976666927,1.19296875,0.6258319616317749,,,
15610,0.1253891475498676,1.21328125,0.4547199010848999,,,
15620,0.1275954581797123,1.203125,0.6203176379203796,,,
15630,0.1260678179562092,1.203125,0.3988905549049377,,,
15640,0.1303507253527641,1.20703125,0.4744073152542114,,,
15650,0.124982226639986,1.148046875,0.3321139216423035,,,
15660,0.1272294633090496,1.21953125,0.5914828181266785,,,
15670,0.1249587185680866,1.2046875,0.6269501447677612,,,
15680,0.1244792729616165,1.150390625,0.4560687243938446,,,
15690,0.1184835381805897,1.18515625,0.3317066729068756,,,
15700,0.1255733616650105,1.234375,0.4894358217716217,,,
15710,0.1278041914105415,1.265625,0.701744019985199,,,
15720,0.1256590522825718,1.16015625,0.4543006122112274,,,
15730,0.1276043087244034,1.21015625,0.2896561026573181,,,
15740,0.1217151872813702,1.28828125,0.4879288375377655,,,
15750,0.1274956874549389,1.19296875,0.3883274793624878,,,
15760,0.1305314883589745,1.221875,0.5641288161277771,,,
15770,0.1225737832486629,1.221875,0.5421853065490723,,,
15780,0.1287295803427696,1.24765625,0.3586818873882294,,,
15790,0.1249995946884155,1.21796875,0.6352508068084717,,,
15800,0.1276258856058121,1.24296875,0.5675626993179321,,,
15810,0.1307968258857727,1.246875,0.5644939541816711,,,
15820,0.128694199770689,1.20234375,0.4339470565319061,,,
15830,0.1278164938092232,1.2234375,0.5167892575263977,,,
15840,0.1265615344047546,1.1796875,0.5048729777336121,,,
15850,0.1289556182920933,1.20703125,0.4221296310424805,,,
15860,0.1297283984720707,1.21953125,0.6856778264045715,,,
15870,0.1245826967060566,1.234375,0.3304100632667542,,,
15880,0.1268446147441864,1.209375,0.3861306011676788,,,
15890,0.1216854855418205,1.2140625,0.6537800431251526,,,
15900,0.1245120003819466,1.23203125,0.5955598950386047,,,
15910,0.1268626175820828,1.2484375,0.608170747756958,,,
15920,0.1289741322398186,1.21484375,0.5411310791969299,,,
15930,0.12140132188797,1.275,0.7225129008293152,,,
15940,0.1273630633950233,1.2234375,0.6079169511795044,,,
15950,0.1290938004851341,1.2609375,0.4556883871555328,,,
15960,0.1278038047254086,1.25078125,0.4053238034248352,,,
15970,0.1304290890693665,1.21328125,0.3115198016166687,,,
15980,0.1249197617173195,1.30703125,0.4750773310661316,,,
15990,0.1255712576210499,1.19765625,0.4855028390884399,,,
16000,0.1278785184025764,1.2625,0.4305980503559113,0.5908357501029968,0.4101662647578241,0.5402494321789154
16010,0.1265127524733543,1.25,0.5830071568489075,,,
16020,0.1313672780990601,1.29765625,0.354693204164505,,,
16030,0.1239994443953037,1.2109375,0.4767148792743683,,,
16040,0.1266856104135513,1.2125,0.4511714279651642,,,
16050,0.1227566264569759,1.26015625,0.4518013000488281,,,
16060,0.1267179861664772,1.2046875,0.4607793390750885,,,
16070,0.1201007008552551,1.23046875,0.384462982416153,,,
16080,0.1274379163980484,1.25390625,0.4288808107376099,,,
16090,0.1270624198019505,1.21875,0.5732728242874146,,,
16100,0.1282999917864799,1.23046875,0.4656679928302765,,,
16110,0.1256874598562717,1.24765625,0.3452050685882568,,,
16120,0.1243222154676914,1.1984375,0.7083286643028259,,,
16130,0.1274763762950897,1.25078125,0.5585294365882874,,,
16140,0.1303782612085342,1.2171875,0.5144652128219604,,,
16150,0.1279424585402012,1.240625,0.3735028505325317,,,
16160,0.1265841856598854,1.2,0.3970736563205719,,,
16170,0.1253973230719566,1.19296875,0.3572882115840912,,,
16180,0.1267181821167469,1.18671875,0.4608639180660248,,,
16190,0.1211839273571968,1.26796875,0.6707876324653625,,,
16200,0.1235543213784695,1.2375,0.5208434462547302,,,
16210,0.1252332717180252,1.23515625,0.6727756261825562,,,
16220,0.1287831194698811,1.21640625,0.714279055595398,,,
16230,0.1296403653919697,1.2765625,0.4692986011505127,,,
16240,0.1262158073484898,1.24765625,0.5944763422012329,,,
16250,0.1275177747011185,1.1859375,0.3776486814022064,,,
16260,0.1294133350253105,1.2796875,0.8194773197174072,,,
16270,0.1260930240154266,1.2578125,0.5227479338645935,,,
16280,0.1236847653985023,1.253125,0.4375623166561127,,,
16290,0.127795372158289,1.1984375,0.3814966082572937,,,
16300,0.1266737289726734,1.26328125,0.375025600194931,,,
16310,0.1245357863605022,1.22265625,0.2990107238292694,,,
16320,0.1274119548499584,1.26953125,0.4162720739841461,,,
16330,0.1270180240273476,1.20703125,0.4730370044708252,,,
16340,0.1237467534840107,1.21328125,0.6598218679428101,,,
16350,0.1301863968372345,1.21875,0.4345484375953674,,,
16360,0.1250089831650257,1.18359375,0.5064787268638611,,,
16370,0.1310364052653313,1.21640625,0.5348294973373413,,,
16380,0.1224267370998859,1.2109375,0.5572658777236938,,,
16390,0.1200410313904285,1.20234375,0.4320707321166992,,,
16400,0.1270370572805405,1.23515625,0.4772230684757233,,,
16410,0.1265636026859283,1.19921875,0.4347095191478729,,,
16420,0.1247737020254135,1.190625,0.5802658796310425,,,
16430,0.1275822132825851,1.2875,0.3637593388557434,,,
16440,0.1281715996563434,1.234375,0.4724232852458954,,,
16450,0.1181261211633682,1.2375,0.4112395048141479,,,
16460,0.1216925531625748,1.19296875,0.3627179861068726,,,
16470,0.1289062716066837,1.2375,0.3587548434734344,,,
16480,0.1265355154871941,1.184375,0.4900378584861755,,,
16490,0.1311055265367031,1.24765625,0.7093009948730469,,,
16500,0.1218040801584721,1.25390625,0.5004900097846985,,,
16510,0.1274694994091988,1.20390625,0.515241265296936,,,
16520,0.1236647263169289,1.21015625,0.3896575272083282,,,
16530,0.1249809041619301,1.17109375,0.5261314511299133,,,
16540,0.1242057889699936,1.221875,0.6643230319023132,,,
16550,0.1259038224816322,1.23046875,0.4780654013156891,,,
16560,0.1242203794419765,1.221875,0.4460234045982361,,,
16570,0.1257416650652886,1.20625,0.4547769725322723,,,
16580,0.1264038473367691,1.209375,0.452070027589798,,,
16590,0.123281043022871,1.24609375,0.7323164939880371,,,
16600,0.1258253842592239,1.1890625,0.4687976241111755,,,
16610,0.1219396635890007,1.22421875,0.4848067164421082,,,
16620,0.1241010755300522,1.19453125,0.7028347253799438,,,
16630,0.1241159096360207,1.18828125,0.5675122737884521,,,
16640,0.1244151175022125,1.2171875,0.3185912668704987,,,
16650,0.1272993974387646,1.1609375,0.3957912921905518,,,
16660,0.1245076633989811,1.27734375,0.5058084726333618,,,
16670,0.1270060449838638,1.1609375,0.704565167427063,,,
16680,0.1268484175205231,1.25390625,0.415691614151001,,,
16690,0.1229393728077412,1.20390625,0.3466870188713074,,,
16700,0.1261953212320805,1.26015625,0.4427306056022644,,,
16710,0.1277157060801983,1.25234375,0.5724388360977173,,,
16720,0.1233801916241646,1.2140625,0.4232220351696014,,,
16730,0.1259534448385239,1.25390625,0.341062605381012,,,
16740,0.1222381085157394,1.20625,0.45575150847435,,,
16750,0.1285305164754391,1.23515625,0.4306032359600067,,,
16760,0.1254845269024372,1.184375,0.5479350090026855,,,
16770,0.1206442676484585,1.2578125,0.561796247959137,,,
16780,0.1233341589570045,1.2203125,0.6259406208992004,,,
16790,0.124558948725462,1.16953125,0.4652919173240662,,,
16800,0.1249561257660389,1.1796875,0.4304700493812561,,,
16810,0.1239876367151737,1.19140625,0.3700401484966278,,,
16820,0.1253330372273922,1.2453125,0.3861468434333801,,,
16830,0.1271924525499344,1.21796875,0.6713302135467529,,,
16840,0.1217177867889404,1.20078125,0.4616467356681824,,,
16850,0.1269733913242817,1.24296875,0.470642477273941,,,
16860,0.1232484497129917,1.1734375,0.5304113626480103,,,
16870,0.1303939044475556,1.21328125,0.4043139815330505,,,
16880,0.1228875979781151,1.253125,0.6889450550079346,,,
16890,0.1244518436491489,1.21953125,0.4839973449707031,,,
16900,0.1245609559118748,1.16015625,0.4968162775039673,,,
16910,0.1194465592503548,1.22578125,0.7448282241821289,,,
16920,0.1296346575021744,1.19765625,0.4585074484348297,,,
16930,0.1275099501013756,1.26171875,0.447486013174057,,,
16940,0.125990629196167,1.1953125,0.3264249563217163,,,
16950,0.1270321346819401,1.18359375,0.5905497670173645,,,
16960,0.1251674637198448,1.25859375,0.5090255737304688,,,
16970,0.124780859798193,1.27421875,0.5577173233032227,,,
16980,0.1279865495860577,1.23203125,0.4980628192424774,,,
16990,0.1248469933867455,1.246875,0.3023161292076111,,,
17000,0.1264200709760189,1.24140625,0.3968659937381744,0.6116450428962708,0.4112484015651127,0.5316973807396739
17010,0.1231438226997852,1.19765625,0.4512023627758026,,,
17020,0.123468104749918,1.179296875,0.8189082145690918,,,
17030,0.122132283449173,1.19609375,0.4418753683567047,,,
17040,0.1215552799403667,1.18359375,0.3805935978889465,,,
17050,0.1262727051973343,1.169140625,0.3768508732318878,,,
17060,0.1255516737699509,1.22421875,0.424465537071228,,,
17070,0.1236793100833893,1.17734375,0.4751934111118317,,,
17080,0.1238777540624142,1.190625,0.367433488368988,,,
17090,0.1285827629268169,1.178125,0.5585668087005615,,,
17100,0.1298827543854713,1.20234375,0.3229689598083496,,,
17110,0.124924186617136,1.1859375,0.3584672510623932,,,
17120,0.1229588016867638,1.148046875,0.6020400524139404,,,
17130,0.128119919449091,1.190625,0.4338524043560028,,,
17140,0.121959526091814,1.228125,0.9132195115089417,,,
17150,0.1181422233581543,1.153125,0.4222469925880432,,,
17160,0.1253276646137237,1.19921875,0.4800525009632111,,,
17170,0.1226084910333157,1.1671875,0.3943880200386047,,,
17180,0.1230081096291542,1.18984375,0.5434029698371887,,,
17190,0.1233037292957306,1.23671875,0.4796519875526428,,,
17200,0.120864363014698,1.23359375,0.5126219987869263,,,
17210,0.127071089297533,1.23046875,0.5379303693771362,,,
17220,0.1240041136741638,1.2328125,0.5152488350868225,,,
17230,0.1266693450510502,1.2578125,0.6838902831077576,,,
17240,0.1251124888658524,1.20703125,0.6312510967254639,,,
17250,0.1256567992269993,1.16640625,0.4257417321205139,,,
17260,0.1230134271085262,1.21484375,0.4911585748195648,,,
17270,0.1245587326586246,1.25625,0.4592234790325165,,,
17280,0.1243931151926518,1.2203125,0.5367398262023926,,,
17290,0.1226847141981125,1.20703125,0.4180574119091034,,,
17300,0.1255057096481323,1.22734375,0.3753684759140015,,,
17310,0.1218558445572853,1.20390625,0.6547870635986328,,,
17320,0.1270911648869514,1.21484375,0.6745463609695435,,,
17330,0.1193704828619957,1.22109375,0.2918983101844788,,,
17340,0.1257937885820866,1.23203125,0.3962840437889099,,,
17350,0.1337125055491924,1.12578125,0.3554656505584717,,,
17360,0.122423205524683,1.18828125,0.3959631621837616,,,
17370,0.1256199911236763,1.209375,0.5141637921333313,,,
17380,0.1214266560971737,1.13828125,0.4057102203369141,,,
17390,0.1259095191955567,1.2359375,0.3857856094837189,,,
17400,0.1207446575164795,1.16328125,0.3689107298851013,,,
17410,0.1276408657431602,1.15390625,0.7695667147636414,,,
17420,0.1272549331188202,1.211328125,0.340690404176712,,,
17430,0.1249286472797394,1.228125,0.5496816039085388,,,
17440,0.1270936168730259,1.196875,0.4258459210395813,,,
17450,0.1246036313474178,1.212890625,0.4780736565589905,,,
17460,0.1256811700761318,1.25234375,0.3585047125816345,,,
17470,0.1248029969632626,1.16171875,0.3637957572937012,,,
17480,0.1232043705880642,1.18125,0.4166250228881836,,,
17490,0.1199142754077911,1.19609375,0.3481363356113434,,,
17500,0.1245270922780037,1.22578125,0.5457228422164917,,,
17510,0.1227265298366547,1.15,0.3320955634117126,,,
17520,0.1210531920194626,1.22578125,0.3320232033729553,,,
17530,0.1264460436999798,1.197265625,0.5665367245674133,,,
17540,0.1247042663395405,1.23203125,0.4499638974666595,,,
17550,0.1211305193603039,1.1859375,0.5863043069839478,,,
17560,0.125433537364006,1.23984375,0.360833615064621,,,
17570,0.1261653646826744,1.22109375,0.564315676689148,,,
17580,0.1244732484221458,1.17109375,0.6424911022186279,,,
17590,0.1228915974497795,1.221875,0.3300583064556122,,,
17600,0.1237003408372402,1.16875,0.4718457460403442,,,
17610,0.1202510081231594,1.159375,0.3592585027217865,,,
17620,0.1239989064633846,1.2375,0.5121370553970337,,,
17630,0.1294276304543018,1.2140625,0.2950380742549896,,,
17640,0.1262487784028053,1.196875,0.3773094415664673,,,
17650,0.1226664580404759,1.20625,0.3152226209640503,,,
17660,0.1215820826590061,1.23046875,0.8255605101585388,,,
17670,0.1226370811462402,1.203125,0.4218598604202271,,,
17680,0.1214944593608379,1.22421875,0.4521613121032715,,,
17690,0.1225695848464966,1.228125,0.5501238107681274,,,
17700,0.1249818347394466,1.22734375,0.4736438393592834,,,
17710,0.1232434444129467,1.2234375,0.4612284600734711,,,
17720,0.125408274680376,1.26015625,0.5070225596427917,,,
17730,0.1266608007252216,1.21640625,0.5063276886940002,,,
17740,0.1246227785944939,1.209375,0.4033192694187164,,,
17750,0.1185703180730343,1.21171875,0.4870529472827911,,,
17760,0.1238247752189636,1.23984375,0.3388338088989258,,,
17770,0.1202164359390736,1.20546875,0.5854556560516357,,,
17780,0.1227402746677399,1.190625,0.4936507344245911,,,
17790,0.1275611110031605,1.19609375,0.3548731505870819,,,
17800,0.1223407559096813,1.25390625,0.3812431991100311,,,
17810,0.1202211812138557,1.14765625,0.515234112739563,,,
17820,0.1229007191956043,1.1984375,0.3269175589084625,,,
17830,0.1235153004527092,1.2046875,0.4729038774967194,,,
17840,0.1253719225525856,1.2078125,0.3733261525630951,,,
17850,0.1190881252288818,1.23515625,0.5548746585845947,,,
17860,0.1156737223267555,1.1359375,0.3873578310012817,,,
17870,0.122683546692133,1.18828125,0.6907435059547424,,,
17880,0.120427130907774,1.18046875,0.330365777015686,,,
17890,0.1204553090035915,1.22265625,0.3626596927642822,,,
17900,0.1236454255878925,1.228125,0.6127752661705017,,,
17910,0.1235503539443016,1.2765625,0.406392902135849,,,
17920,0.1240696504712105,1.175,0.5945619344711304,,,
17930,0.1295837081968784,1.209375,0.3848220705986023,,,
17940,0.124625363945961,1.24765625,0.513149082660675,,,
17950,0.1258160330355167,1.13984375,0.4763635098934174,,,
17960,0.125617441534996,1.2078125,0.3536167442798615,,,
17970,0.1188994728028774,1.21015625,0.4949068427085876,,,
17980,0.1226938337087631,1.2109375,0.6260321736335754,,,
17990,0.1211202323436737,1.1640625,0.3239497244358063,,,
18000,0.1232742413878441,1.21875,0.4193873107433319,0.6109378933906555,0.4094279565036675,0.5337315944525018
18010,0.1233070947229862,1.24765625,0.3973618447780609,,,
18020,0.1220522485673428,1.21875,0.4289594292640686,,,
18030,0.1182606294751167,1.19609375,0.3166361153125763,,,
18040,0.1219819597899914,1.21953125,0.3899525701999664,,,
18050,0.1239178203046322,1.225,0.4084598422050476,,,
18060,0.1236425966024399,1.24609375,0.4448049068450928,,,
18070,0.1243651747703552,1.20703125,0.3877066373825073,,,
18080,0.1215990282595158,1.1859375,0.4256760776042938,,,
18090,0.1187449060380459,1.171875,0.3063735961914062,,,
18100,0.1210949011147022,1.21484375,0.3887616097927094,,,
18110,0.1224360667169094,1.17578125,0.4146043956279755,,,
18120,0.1252611070871353,1.175,0.3238614797592163,,,
18130,0.1264450281858444,1.25234375,0.3869976401329041,,,
18140,0.1209280401468277,1.18671875,0.4084521234035492,,,
18150,0.120839137583971,1.2421875,0.3839112520217896,,,
18160,0.1187950529158115,1.2453125,0.4099862575531006,,,
18170,0.1218534268438816,1.2375,0.4885644912719727,,,
18180,0.1179733403027058,1.2,0.4356883764266968,,,
18190,0.1216832265257835,1.171875,0.4791082441806793,,,
18200,0.1230102524161339,1.17265625,0.3513943254947662,,,
18210,0.1236917108297348,1.1734375,0.5428633689880371,,,
18220,0.1219495937228203,1.25234375,0.3991434574127197,,,
18230,0.1224619001150131,1.2296875,0.3862184882164001,,,
18240,0.121558153629303,1.2203125,0.3008967339992523,,,
18250,0.1193739168345928,1.16484375,0.429529219865799,,,
18260,0.1228434704244137,1.22734375,0.5459873080253601,,,
18270,0.124851493537426,1.203125,0.4260550737380981,,,
18280,0.1225531131029129,1.24296875,0.3119638562202454,,,
18290,0.1238409198820591,1.13984375,0.4765631556510925,,,
18300,0.1202860102057457,1.27890625,0.5586554408073425,,,
18310,0.1196306996047497,1.17265625,0.4905936419963837,,,
18320,0.1245121411979198,1.196875,0.3488491177558899,,,
18330,0.1219980545341968,1.21953125,0.4931307435035706,,,
18340,0.1221626996994019,1.22109375,0.3384189307689667,,,
18350,0.1219259612262249,1.171875,0.4216372668743134,,,
18360,0.1182766601443291,1.21953125,0.4437228441238403,,,
18370,0.1239655621349812,1.1671875,0.3223750591278076,,,
18380,0.1219201765954494,1.18359375,0.4477340281009674,,,
18390,0.125793419778347,1.19140625,0.4679855406284332,,,
18400,0.1261397935450077,1.20078125,0.3580693006515503,,,
18410,0.1241686850786209,1.1609375,0.366805762052536,,,
18420,0.1210918299853802,1.2375,0.4139637053012848,,,
18430,0.1279893912374973,1.1796875,0.4956637322902679,,,
18440,0.1225423492491245,1.215625,0.5216516256332397,,,
18450,0.1238213501870632,1.1578125,0.5099436640739441,,,
18460,0.1219517655670643,1.1640625,0.3963821530342102,,,
18470,0.1189655914902687,1.175,0.3705739080905914,,,
18480,0.1207089826464653,1.18125,0.5729207992553711,,,
18490,0.1170621447265148,1.20625,0.4188717603683472,,,
18500,0.122955359518528,1.1796875,0.3147797882556915,,,
18510,0.1215192727744579,1.20234375,0.5285718441009521,,,
18520,0.1237731821835041,1.2234375,0.3432078063488007,,,
18530,0.1196798756718636,1.18203125,0.4370096027851105,,,
18540,0.11915602684021,1.18984375,0.4661897420883179,,,
18550,0.1228537395596504,1.2203125,0.5000144243240356,,,
18560,0.1146894611418247,1.16875,0.4800994098186493,,,
18570,0.1202070087194443,1.1953125,0.3594788610935211,,,
18580,0.1188873790204525,1.2,0.9697712063789368,,,
18590,0.1219102382659912,1.1828125,0.297928512096405,,,
18600,0.1248396933078766,1.16875,0.2980124652385712,,,
18610,0.116390248388052,1.23984375,0.6045923829078674,,,
18620,0.1227618016302586,1.17734375,0.359110951423645,,,
18630,0.1244094684720039,1.1984375,0.3425751328468323,,,
18640,0.1241194069385529,1.196875,0.4983440041542053,,,
18650,0.1207008846104145,1.25078125,0.3402784168720245,,,
18660,0.1221810765564442,1.184375,0.3503928184509277,,,
18670,0.1223551481962204,1.1609375,0.3708138167858124,,,
18680,0.1249439179897308,1.20625,0.4808131754398346,,,
18690,0.1204592615365982,1.228125,0.3927237987518311,,,
18700,0.1201347023248673,1.1703125,0.4686045944690704,,,
18710,0.1189230382442474,1.20078125,0.33869469165802,,,
18720,0.1246229641139507,1.18984375,0.2834055125713348,,,
18730,0.118603652715683,1.1828125,0.3476711511611938,,,
18740,0.1206943400204182,1.228125,0.4730164110660553,,,
18750,0.1200423009693623,1.23984375,0.661949634552002,,,
18760,0.1248417779803276,1.25234375,0.3957577645778656,,,
18770,0.1259659670293331,1.16171875,0.4895423054695129,,,
18780,0.1229697458446026,1.19140625,0.6009066104888916,,,
18790,0.1254243537783623,1.2546875,0.3506105840206146,,,
18800,0.1224920891225338,1.15234375,0.4404849708080292,,,
18810,0.1243637248873711,1.20234375,0.4574228823184967,,,
18820,0.1219973377883434,1.19140625,0.3770772516727448,,,
18830,0.1216475456953049,1.1890625,0.6732969284057617,,,
18840,0.1216275714337826,1.27265625,0.7004718780517578,,,
18850,0.1223830386996269,1.1671875,0.3751572668552399,,,
18860,0.1228216342628002,1.2109375,0.6527532339096069,,,
18870,0.1198472440242767,1.20234375,0.3415624499320984,,,
18880,0.1176546841859818,1.18828125,0.3290988802909851,,,
18890,0.123979651927948,1.20625,0.4139065146446228,,,
18900,0.1170415081083775,1.19609375,0.4091526865959167,,,
18910,0.1180204644799232,1.19765625,0.6097740530967712,,,
18920,0.1192252308130264,1.15078125,0.3078249990940094,,,
18930,0.1220306187868118,1.2265625,0.4043127298355103,,,
18940,0.1195681750774384,1.13359375,0.5993971824645996,,,
18950,0.1280331090092659,1.22265625,0.4857025742530823,,,
18960,0.1212434969842434,1.2234375,0.3954508006572723,,,
18970,0.1199859619140625,1.1765625,0.5069171786308289,,,
18980,0.1243640877306461,1.1734375,0.2911328673362732,,,
18990,0.1202785857021809,1.225,0.5791787505149841,,,
19000,0.1210492290556431,1.1984375,0.2511928975582123,0.6178298592567444,0.4293104193012729,0.5406501568320881
19010,0.1190337993204594,1.165625,0.4599039554595947,,,
19020,0.1214466817677021,1.20078125,0.2981820106506348,,,
19030,0.1242750413715839,1.15,0.2956922948360443,,,
19040,0.12336395829916,1.190625,0.5668540000915527,,,
19050,0.1190117314457893,1.18359375,0.3615313470363617,,,
19060,0.1191480249166489,1.19375,0.3479776978492737,,,
19070,0.1215139880776405,1.23984375,0.3327213823795319,,,
19080,0.1218868508934975,1.162890625,0.3702481687068939,,,
19090,0.1207382492721081,1.16953125,0.5314319133758545,,,
19100,0.1180791154503822,1.1921875,0.3119861483573914,,,
19110,0.1239669770002365,1.21171875,0.5142967104911804,,,
19120,0.12624227181077,1.234375,0.5640894770622253,,,
19130,0.1217409238219261,1.16796875,0.3935952484607697,,,
19140,0.127154003828764,1.184375,0.4519204199314117,,,
19150,0.1164260409772396,1.265625,0.5110180974006653,,,
19160,0.1178559541702271,1.165625,0.3814981579780579,,,
19170,0.119224339723587,1.16484375,0.4215053915977478,,,
19180,0.1185838721692562,1.18046875,0.4736618101596832,,,
19190,0.1190596647560596,1.18984375,0.6328935027122498,,,
19200,0.1246310144662857,1.22890625,0.4665042757987976,,,
19210,0.1213184744119644,1.14609375,0.6380423307418823,,,
19220,0.1212992757558823,1.174609375,0.4459528625011444,,,
19230,0.1232788234949112,1.20078125,0.4188715517520905,,,
19240,0.11948516741395,1.19296875,0.4541530907154083,,,
19250,0.1261866427958012,1.221875,0.3763425946235657,,,
19260,0.1191860131919384,1.17265625,0.3746339082717896,,,
19270,0.1194841399788857,1.18203125,0.5274372100830078,,,
19280,0.1204230852425098,1.16328125,0.3316937386989594,,,
19290,0.1210504926741123,1.14921875,0.2993543744087219,,,
19300,0.1246856316924095,1.234375,0.4910803735256195,,,
19310,0.1257811576128006,1.18203125,0.4501803517341614,,,
19320,0.1258303590118885,1.20078125,0.5808398723602295,,,
19330,0.1205024898052216,1.19140625,0.4937008619308472,,,
19340,0.1205433756113052,1.14375,0.4431486129760742,,,
19350,0.1255611464381218,1.1453125,0.4120111763477325,,,
19360,0.1246060431003571,1.22265625,0.2737516164779663,,,
19370,0.1193126656115055,1.183984375,0.37358358502388,,,
19380,0.1196642152965069,1.17578125,0.3387310802936554,,,
19390,0.1179126210510731,1.16328125,0.2391335666179657,,,
19400,0.1150677733123302,1.16171875,0.5431904196739197,,,
19410,0.116533462703228,1.115625,0.4409568011760712,,,
19420,0.1208185233175754,1.15234375,0.4885008633136749,,,
19430,0.1196432940661907,1.19140625,0.7116416692733765,,,
19440,0.118563649058342,1.120703125,0.3410235941410065,,,
19450,0.1186069928109646,1.2078125,0.5733492970466614,,,
19460,0.1172861225903034,1.1890625,0.6037420034408569,,,
19470,0.1218025170266628,1.18515625,0.3697277903556824,,,
19480,0.1198130317032337,1.1859375,0.490228146314621,,,
19490,0.1264927782118321,1.196875,0.300407737493515,,,
19500,0.1197204224765301,1.1671875,0.4561755955219269,,,
19510,0.1216609045863151,1.21328125,0.397165060043335,,,
19520,0.1148457936942577,1.1578125,0.3247942328453064,,,
19530,0.128457910567522,1.18984375,0.5677899718284607,,,
19540,0.1210499636828899,1.18671875,0.4562374353408813,,,
19550,0.1189522810280323,1.18359375,0.3824894726276398,,,
19560,0.1177254632115364,1.1796875,0.3468417823314667,,,
19570,0.1217035010457039,1.19375,0.3842895925045013,,,
19580,0.1257545545697212,1.128515625,0.3026023209095001,,,
19590,0.1197016566991806,1.19765625,0.38283371925354,,,
19600,0.1202506013214588,1.1890625,0.3667578399181366,,,
19610,0.1231463305652142,1.163671875,0.3541786372661591,,,
19620,0.1180905289947987,1.1859375,0.6272009015083313,,,
19630,0.1224158257246017,1.16953125,0.5464256405830383,,,
19640,0.1218535616993904,1.180078125,0.3080244660377502,,,
19650,0.1198956921696663,1.17578125,0.4402517974376678,,,
19660,0.1217671766877174,1.18203125,0.4560304284095764,,,
19670,0.1186105228960514,1.18046875,0.3142299056053162,,,
19680,0.1249212332069874,1.15078125,0.3587917387485504,,,
19690,0.1228959016501903,1.21796875,0.3067100644111633,,,
19700,0.1189182557165623,1.17265625,0.3622677624225616,,,
19710,0.1183166988193989,1.178125,0.3915623724460602,,,
19720,0.1201926380395889,1.165625,0.3001117706298828,,,
19730,0.1216677121818066,1.18203125,0.5697445869445801,,,
19740,0.120054679363966,1.228125,0.4822413623332977,,,
19750,0.1172594092786312,1.18828125,0.578923225402832,,,
19760,0.118722552806139,1.19140625,0.2651349008083344,,,
19770,0.1208144441246986,1.17578125,0.6870685815811157,,,
19780,0.1188113570213318,1.20390625,0.4908137619495392,,,
19790,0.1140991598367691,1.1359375,0.2517987191677094,,,
19800,0.1212209224700928,1.19375,0.3645837903022766,,,
19810,0.1166148841381073,1.21953125,0.4082718789577484,,,
19820,0.1217948347330093,1.17265625,0.5901696085929871,,,
19830,0.1181764118373394,1.15546875,0.41129270195961,,,
19840,0.1213512800633907,1.1890625,0.4155470132827759,,,
19850,0.1151824600994587,1.18515625,0.5083513259887695,,,
19860,0.1171851195394993,1.153125,0.7110370993614197,,,
19870,0.1147392027080059,1.1625,0.3083300888538361,,,
19880,0.115835964679718,1.14921875,0.3644344508647919,,,
19890,0.1149010248482227,1.1828125,0.4831708073616028,,,
19900,0.118939608335495,1.16875,0.476047158241272,,,
19910,0.1211376495659351,1.21328125,0.2991735935211182,,,
19920,0.1172730907797813,1.215625,0.500697672367096,,,
19930,0.1176453426480293,1.159375,0.371974915266037,,,
19940,0.1200390249490738,1.153125,0.288269579410553,,,
19950,0.1202406696975231,1.2359375,0.3542799055576324,,,
19960,0.1246167242527008,1.16484375,0.3699710667133331,,,
19970,0.1221510715782642,1.221875,0.365329921245575,,,
19980,0.1224593564867973,1.14609375,0.5816471576690674,,,
19990,0.1163660883903503,1.21328125,0.5513029098510742,,,
20000,0.1228949770331383,1.178125,0.5326846837997437,0.6223308444023132,0.4072324284049649,0.5443653489615273
20010,0.1187305986881256,1.149609375,0.400461345911026,,,
20020,0.1203221142292023,1.203125,0.7600044012069702,,,
20030,0.1232039801776409,1.1859375,0.5226729512214661,,,
20040,0.1210518449544907,1.23828125,0.3004754483699799,,,
20050,0.1185014180839062,1.2171875,0.3878794312477112,,,
20060,0.1243583880364895,1.14921875,0.3221575021743774,,,
20070,0.1174523293972015,1.2046875,0.4194492399692535,,,
20080,0.1171931818127632,1.175,0.304399311542511,,,
20090,0.1174617551267147,1.2125,0.3561268746852875,,,
20100,0.1165212988853455,1.184375,0.5877987146377563,,,
20110,0.1245697267353535,1.12421875,0.5040956139564514,,,
20120,0.120657467842102,1.17421875,0.4911236166954041,,,
20130,0.1172891616821289,1.179296875,0.3840264976024628,,,
20140,0.1276277422904968,1.16796875,0.3936944901943207,,,
20150,0.1220664769411087,1.25390625,0.4776313304901123,,,
20160,0.1262895166873932,1.179296875,0.4277627170085907,,,
20170,0.1240029953420162,1.17578125,0.2909289300441742,,,
20180,0.1158434107899666,1.190625,0.4354203641414642,,,
20190,0.1192859873175621,1.1375,0.5079795718193054,,,
20200,0.1176669627428055,1.156640625,0.4925446808338165,,,
20210,0.1193528041243553,1.234375,0.5786817073822021,,,
20220,0.1187327414751053,1.159375,0.5159825682640076,,,
20230,0.1173556737601757,1.22421875,0.5754267573356628,,,
20240,0.1192654222249985,1.1828125,0.352977991104126,,,
20250,0.121186613291502,1.240625,0.5980176329612732,,,
20260,0.1221854396164417,1.2421875,0.3891307413578033,,,
20270,0.1216065049171448,1.12265625,0.3629206120967865,,,
20280,0.1197696335613728,1.1890625,0.3460507392883301,,,
20290,0.1196900643408298,1.19921875,0.2924312353134155,,,
20300,0.1216069377958775,1.19765625,0.6056613922119141,,,
20310,0.1223171152174473,1.18359375,0.3542353510856628,,,
20320,0.1148466221988201,1.15234375,0.4065291881561279,,,
20330,0.1229188717901707,1.18203125,0.2923119068145752,,,
20340,0.1214820422232151,1.15859375,0.3058298826217651,,,
20350,0.1160604655742645,1.1453125,0.3048034310340881,,,
20360,0.1172749981284142,1.1828125,0.3981198668479919,,,
20370,0.1202131144702435,1.2125,0.3238783478736877,,,
20380,0.1235730864107609,1.20078125,0.576427698135376,,,
20390,0.1196745336055756,1.221875,0.3459741175174713,,,
20400,0.1177718333899975,1.16796875,0.4841881394386292,,,
20410,0.119138377904892,1.142578125,0.871187686920166,,,
20420,0.1139348082244396,1.1390625,0.3515849113464355,,,
20430,0.1206523485481739,1.22578125,0.4160134494304657,,,
20440,0.1218387328088284,1.23125,0.575749933719635,,,
20450,0.1211331456899643,1.1703125,0.4957617223262787,,,
20460,0.1162333071231842,1.13984375,0.4251127541065216,,,
20470,0.1188086025416851,1.14296875,0.6236596703529358,,,
20480,0.11672358289361,1.180859375,0.4706089496612549,,,
20490,0.1214886866509914,1.1890625,0.4003170728683472,,,
20500,0.120777402818203,1.15390625,0.3950873017311096,,,
20510,0.1221283204853535,1.21328125,0.3612882196903229,,,
20520,0.1198168255388737,1.221875,0.6750165820121765,,,
20530,0.1240375861525536,1.2109375,0.5360734462738037,,,
20540,0.1184209667146206,1.165625,0.451245129108429,,,
20550,0.1254249386489391,1.184375,0.544904351234436,,,
20560,0.116849322617054,1.1921875,0.4872634410858154,,,
20570,0.1207518488168716,1.2078125,0.8589131236076355,,,
20580,0.1170432575047016,1.127734375,0.6756506562232971,,,
20590,0.1196547172963619,1.19921875,0.3486873209476471,,,
20600,0.1209703266620636,1.1984375,0.5057625770568848,,,
20610,0.120283030718565,1.21484375,0.625647246837616,,,
20620,0.1156956575810909,1.1875,0.2760165333747864,,,
20630,0.1221596620976925,1.20234375,0.6219114661216736,,,
20640,0.1190026544034481,1.1703125,0.4450220167636871,,,
20650,0.1187026724219322,1.13984375,0.4020200967788696,,,
20660,0.11917829439044,1.209375,0.3627350032329559,,,
20670,0.1174130849540234,1.17421875,0.5689071416854858,,,
20680,0.1175905019044876,1.215625,0.3604049980640411,,,
20690,0.1198207207024097,1.1453125,0.3505494296550751,,,
20700,0.1197536163032055,1.15390625,0.3560253977775574,,,
20710,0.1139044895768166,1.190625,0.3786898553371429,,,
20720,0.1203259974718094,1.153125,0.4661251902580261,,,
20730,0.1179776012897491,1.15234375,0.4203963279724121,,,
20740,0.1192878298461437,1.1375,0.4488020539283752,,,
20750,0.123425605148077,1.2171875,0.6056151390075684,,,
20760,0.1191218912601471,1.1359375,0.4487941265106201,,,
20770,0.1177093550562859,1.1921875,0.5569155216217041,,,
20780,0.1160313442349434,1.2046875,0.4643111228942871,,,
20790,0.1212327510118485,1.19453125,0.3995694220066071,,,
20800,0.1219079971313477,1.2046875,0.3212244808673859,,,
20810,0.1155785761773586,1.15078125,0.3364023864269257,,,
20820,0.1214243724942207,1.20234375,0.5417174100875854,,,
20830,0.1174027301371098,1.176953125,0.2718675434589386,,,
20840,0.1190009072422981,1.2140625,0.2680426239967346,,,
20850,0.1170379735529423,1.18671875,0.7270247340202332,,,
20860,0.1176187932491302,1.1890625,0.2720327079296112,,,
20870,0.1209182694554329,1.16015625,0.3684775233268738,,,
20880,0.1189251855015755,1.15078125,0.321931391954422,,,
20890,0.1187533669173717,1.165625,0.5390061736106873,,,
20900,0.1181246414780617,1.16484375,0.3368639349937439,,,
20910,0.1215778894722462,1.18671875,0.5985869765281677,,,
20920,0.1146659485995769,1.21640625,0.3155724704265594,,,
20930,0.1191367581486702,1.17734375,0.4936315715312958,,,
20940,0.120944581925869,1.1578125,0.5043485164642334,,,
20950,0.1143210202455521,1.23359375,0.3746939301490784,,,
20960,0.1192997090518475,1.15390625,0.3086855411529541,,,
20970,0.1182220734655857,1.158203125,0.3206806182861328,,,
20980,0.1139584712684154,1.1734375,0.3200613856315613,,,
20990,0.1211681917309761,1.15546875,0.2832315266132355,,,
21000,0.1165165714919567,1.12578125,0.2895566523075104,0.619920015335083,0.4027523023135945,0.5475676935692023
21010,0.1166537709534168,1.1546875,0.4872216582298279,,,
21020,0.1187046110630035,1.2375,0.4633711278438568,,,
21030,0.1176927216351032,1.178125,0.2582293450832367,,,
21040,0.1161404959857464,1.1765625,0.4001001715660095,,,
21050,0.1274506665766239,1.1609375,0.2899295687675476,,,
21060,0.1172407791018486,1.173046875,0.3756360113620758,,,
21070,0.1180988304316997,1.18046875,0.7941357493400574,,,
21080,0.1198078669607639,1.17890625,0.5521393418312073,,,
21090,0.116377429664135,1.14375,0.2752465605735779,,,
21100,0.115312173217535,1.171875,0.436365157365799,,,
21110,0.1195677004754543,1.1828125,0.3663300573825836,,,
21120,0.1221353381872177,1.15859375,0.4333657920360565,,,
21130,0.1155075922608376,1.17421875,0.5208874940872192,,,
21140,0.1172413170337677,1.196875,0.254804939031601,,,
21150,0.116280259937048,1.125,0.294207364320755,,,
21160,0.1152921609580517,1.152734375,0.4332257211208344,,,
21170,0.1189159952104092,1.1421875,0.4770599007606506,,,
21180,0.1163976676762104,1.14921875,0.2795373201370239,,,
21190,0.1148426532745361,1.18984375,0.4058159291744232,,,
21200,0.1193096727132797,1.22890625,0.3502553701400757,,,
21210,0.1181628048419952,1.18984375,0.7284250259399414,,,
21220,0.1203042663633823,1.16328125,0.2882704436779022,,,
21230,0.1164044611155987,1.13515625,0.3245849013328552,,,
21240,0.1227709971368313,1.21328125,0.6160084009170532,,,
21250,0.1165074340999126,1.182421875,0.3332231044769287,,,
21260,0.1182338580489159,1.153125,0.6114076972007751,,,
21270,0.1175289556384087,1.1984375,0.3732744753360748,,,
21280,0.1179717428982258,1.18828125,0.4750631153583527,,,
21290,0.1172670051455498,1.1828125,0.4294047951698303,,,
21300,0.1154161401093006,1.2140625,0.3670987784862518,,,
21310,0.1199518457055092,1.21484375,0.3300920724868774,,,
21320,0.117350423336029,1.10859375,0.3340607583522797,,,
21330,0.1235068194568157,1.190625,0.2438632100820541,,,
21340,0.1162152417004108,1.20703125,0.4178478121757507,,,
21350,0.1213738903403282,1.19921875,0.3828594088554382,,,
21360,0.1196524865925312,1.203125,0.607847273349762,,,
21370,0.1197769612073898,1.18125,0.2839959263801575,,,
21380,0.1175795659422874,1.2140625,0.4059825241565704,,,
21390,0.1199424751102924,1.18984375,0.4369155764579773,,,
21400,0.1206666186451912,1.13046875,0.309738427400589,,,
21410,0.1178898938000202,1.13203125,0.4797520935535431,,,
21420,0.1182071678340435,1.16953125,0.6635133028030396,,,
21430,0.1179464861750603,1.15859375,0.5472179055213928,,,
21440,0.1227414570748806,1.190625,0.5377863645553589,,,
21450,0.1202082015573978,1.24765625,0.3895909786224365,,,
21460,0.1147890537977219,1.196875,0.3369683027267456,,,
21470,0.1199140913784504,1.19140625,0.3653972148895264,,,
21480,0.1186898112297058,1.140625,0.3447726964950562,,,
21490,0.113865489512682,1.22890625,0.5050435066223145,,,
21500,0.1169265240430832,1.18125,0.443645179271698,,,
21510,0.1213714264333248,1.18359375,0.3643415868282318,,,
21520,0.1166164301335812,1.24375,0.2894792556762695,,,
21530,0.1176308177411556,1.096875,0.5197402238845825,,,
21540,0.1154876336455345,1.17578125,0.5023559331893921,,,
21550,0.1194932118058205,1.2109375,0.5055644512176514,,,
21560,0.1162540875375271,1.090234375,0.3113562166690826,,,
21570,0.1147508792579174,1.25703125,0.4234343469142914,,,
21580,0.1217574216425419,1.196875,0.6111427545547485,,,
21590,0.1222488448023796,1.1984375,0.418903112411499,,,
21600,0.1171176061034203,1.15546875,0.3305933177471161,,,
21610,0.1183277003467083,1.1625,0.5556514859199524,,,
21620,0.1222059302031994,1.18125,0.4050423502922058,,,
21630,0.1174797251820564,1.15703125,0.7066434621810913,,,
21640,0.1190576672554016,1.16328125,0.3754842281341553,,,
21650,0.1162630334496498,1.14296875,0.4011902511119843,,,
21660,0.1156410969793797,1.209375,0.3313774466514587,,,
21670,0.1199771866202354,1.1609375,0.4133240878582001,,,
21680,0.1135652996599674,1.169140625,0.4465573728084564,,,
21690,0.1156112529337406,1.19140625,0.4380711913108826,,,
21700,0.1195313543081284,1.141015625,0.4870113730430603,,,
21710,0.1189253807067871,1.1578125,0.38405442237854,,,
21720,0.1177477292716503,1.17265625,0.3475734293460846,,,
21730,0.114868076890707,1.1375,0.4157998263835907,,,
21740,0.1204647213220596,1.146875,0.3391638100147247,,,
21750,0.1177216723561287,1.17109375,0.3694849610328674,,,
21760,0.1187947422266006,1.20546875,0.3271933794021606,,,
21770,0.1200697191059589,1.159375,0.2775758504867554,,,
21780,0.1124307006597519,1.2265625,0.4754442870616913,,,
21790,0.1271004050970078,1.104296875,0.4823305606842041,,,
21800,0.1167052008211613,1.18828125,0.2949848771095276,,,
21810,0.1152024894952774,1.17890625,0.3619866967201233,,,
21820,0.1226362846791744,1.19453125,0.4787590205669403,,,
21830,0.1206872671842575,1.18984375,0.576374888420105,,,
21840,0.1165117107331753,1.15859375,0.4735759496688843,,,
21850,0.1184321962296963,1.15625,0.3425098061561584,,,
21860,0.1162822812795639,1.1984375,0.6227940320968628,,,
21870,0.1156808130443096,1.20859375,0.3566281199455261,,,
21880,0.1126850217580795,1.16953125,0.5262982249259949,,,
21890,0.1187571778893471,1.1390625,0.488854706287384,,,
21900,0.1175550997257233,1.20078125,0.4777086973190308,,,
21910,0.1150898039340973,1.14140625,0.4889073669910431,,,
21920,0.1172825619578362,1.165625,0.5352362394332886,,,
21930,0.1163786374032497,1.15,0.3010157942771912,,,
21940,0.1214855894446373,1.16953125,0.3357982039451599,,,
21950,0.1174663111567497,1.1453125,0.348431795835495,,,
21960,0.1179328471422195,1.21953125,0.3750095069408417,,,
21970,0.1191487580537796,1.16328125,0.4172074496746063,,,
21980,0.1152220897376537,1.16796875,0.3247872889041901,,,
21990,0.1177141055464745,1.21484375,0.3121627569198608,,,
22000,0.1174803256988525,1.16171875,0.4317459166049957,0.6175952553749084,0.4212039560335123,0.5504323443632672
22010,0.1162280231714249,1.1734375,0.4692220091819763,,,
22020,0.1207104057073593,1.149609375,0.3992054164409637,,,
22030,0.1197207294404507,1.1578125,0.4657435119152069,,,
22040,0.1192888662219048,1.15859375,0.3528423607349396,,,
22050,0.114894362539053,1.13203125,0.4887973964214325,,,
22060,0.1175691284239292,1.118359375,0.5447576642036438,,,
22070,0.1170785754919052,1.134375,0.3830890953540802,,,
22080,0.1156910970807075,1.180078125,0.3439160287380219,,,
22090,0.1168700598180294,1.153125,0.3864555954933167,,,
22100,0.1163490526378155,1.171875,0.3200573623180389,,,
22110,0.1165329799056053,1.15234375,0.3129792511463165,,,
22120,0.1165507979691029,1.16875,0.2805044651031494,,,
22130,0.118226532638073,1.128515625,0.309080183506012,,,
22140,0.1179196760058403,1.16640625,0.3164699375629425,,,
22150,0.1153790570795536,1.175,0.3102917373180389,,,
22160,0.1156073085963726,1.10859375,0.2575623691082001,,,
22170,0.1159904845058918,1.184375,0.3995028138160706,,,
22180,0.1161469608545303,1.16484375,0.395255982875824,,,
22190,0.1163043729960918,1.116015625,0.2978152930736542,,,
22200,0.1162418067455292,1.1234375,0.4798084497451782,,,
22210,0.1193304501473904,1.175,0.3387110829353333,,,
22220,0.1187665194272995,1.1703125,0.3403973281383514,,,
22230,0.1159055091440678,1.1796875,0.2698704898357391,,,
22240,0.1166317611932755,1.1265625,0.2984631657600403,,,
22250,0.1162138603627682,1.117578125,0.3128069043159485,,,
22260,0.1156332962214947,1.17890625,0.480435848236084,,,
22270,0.1166760802268982,1.147265625,0.2929242253303528,,,
22280,0.1181096233427525,1.1875,0.5713106393814087,,,
22290,0.1181738823652267,1.18203125,0.4208159446716309,,,
22300,0.1139349885284901,1.15390625,0.6192308664321899,,,
22310,0.1096401318907738,1.17890625,0.2747774124145508,,,
22320,0.1165340006351471,1.139453125,0.347345381975174,,,
22330,0.1114354558289051,1.1625,0.2777923941612244,,,
22340,0.117892849445343,1.1625,0.2593329548835754,,,
22350,0.120670185983181,1.1890625,0.3459667861461639,,,
22360,0.1195144332945347,1.19375,0.4215461909770966,,,
22370,0.1170060396194458,1.18046875,0.3943420648574829,,,
22380,0.1151414044201374,1.1890625,0.6011788249015808,,,
22390,0.1185883291065693,1.13203125,0.3018756210803986,,,
22400,0.1164861798286438,1.13203125,0.5290991067886353,,,
22410,0.1112071737647057,1.14296875,0.3927499055862427,,,
22420,0.1188035547733307,1.1640625,0.4004032611846924,,,
22430,0.1136813879013061,1.1578125,0.5183310508728027,,,
22440,0.117157232016325,1.1640625,0.2553863227367401,,,
22450,0.1206709928810596,1.16015625,0.5179853439331055,,,
22460,0.1191023156046867,1.1890625,0.416342705488205,,,
22470,0.1157151475548744,1.178125,0.4381825029850006,,,
22480,0.1134595297276974,1.1875,0.4059759974479675,,,
22490,0.1164260745048523,1.159375,0.3240874111652374,,,
22500,0.1154576696455479,1.1609375,0.4088869094848633,,,
22510,0.1190657004714012,1.13046875,0.5524278879165649,,,
22520,0.118502040207386,1.096875,0.3654398918151855,,,
22530,0.116075249761343,1.18203125,0.2722547054290771,,,
22540,0.1168762043118477,1.18828125,0.3826692998409271,,,
22550,0.1148309208452702,1.168359375,0.421148419380188,,,
22560,0.1186428993940353,1.151953125,0.4530066549777985,,,
22570,0.1193744704127312,1.18828125,0.4981374740600586,,,
22580,0.1163993060588837,1.09140625,0.3259071409702301,,,
22590,0.1155667178332806,1.1671875,0.2834595739841461,,,
22600,0.1212465934455395,1.15859375,0.2801591753959656,,,
22610,0.1187618270516396,1.1171875,0.3934716880321503,,,
22620,0.1163261950016022,1.1609375,0.335938960313797,,,
22630,0.1137977808713913,1.1375,0.2744010090827942,,,
22640,0.1114011384546757,1.18671875,0.2651740610599518,,,
22650,0.1182107381522655,1.1640625,0.3229656219482422,,,
22660,0.1171059124171734,1.1515625,0.4248626530170441,,,
22670,0.117359683662653,1.196875,0.4379682242870331,,,
22680,0.1135689236223698,1.148046875,0.2537273466587067,,,
22690,0.1161441043019295,1.20625,0.4644885957241058,,,
22700,0.1186005279421806,1.166015625,0.2643202543258667,,,
22710,0.1160946153104305,1.190625,0.8861875534057617,,,
22720,0.1163618497550487,1.20078125,0.3705925941467285,,,
22730,0.1149016126990318,1.16875,0.5478200912475586,,,
22740,0.1203620739281177,1.17109375,0.2926309406757355,,,
22750,0.114737331867218,1.2015625,0.3436850905418396,,,
22760,0.1166482970118523,1.1625,0.456657886505127,,,
22770,0.1166077546775341,1.17109375,0.3560605645179749,,,
22780,0.1135158538818359,1.221875,0.3459811806678772,,,
22790,0.114554537832737,1.121875,0.4087426066398621,,,
22800,0.1171653002500534,1.1171875,0.2506947815418243,,,
22810,0.1125978119671345,1.19453125,0.4222292900085449,,,
22820,0.1175060741603375,1.12265625,0.3522370755672455,,,
22830,0.1212766699492931,1.176953125,0.4104006886482239,,,
22840,0.1140054263174534,1.16796875,0.4751689434051514,,,
22850,0.1195263221859932,1.1125,0.374196857213974,,,
22860,0.1118408270180225,1.17734375,0.4327982366085052,,,
22870,0.1192883402109146,1.16171875,0.2720041573047638,,,
22880,0.1203912071883678,1.13828125,0.2605827748775482,,,
22890,0.1194019064307213,1.21875,0.4040493369102478,,,
22900,0.1170366011559963,1.17421875,0.4370158016681671,,,
22910,0.119025644659996,1.17734375,0.3972814083099365,,,
22920,0.121302654594183,1.190625,0.4966171681880951,,,
22930,0.1127321377396584,1.2,0.4371705055236816,,,
22940,0.1171362996101379,1.14609375,0.4252001643180847,,,
22950,0.117720128595829,1.2015625,0.4992107152938843,,,
22960,0.1216754049062729,1.15859375,0.3479068279266357,,,
22970,0.1164803236722946,1.109375,0.3655405342578888,,,
22980,0.1166720472276211,1.140625,0.3749353587627411,,,
22990,0.1130300350487232,1.15,0.3555231392383575,,,
23000,0.1160164825618267,1.165625,0.3508623838424683,0.630879819393158,0.4290285479913168,0.5479867175323443
23010,0.1160425156354904,1.1234375,0.4431213140487671,,,
23020,0.1162814021110535,1.1578125,0.274697333574295,,,
23030,0.1169192008674145,1.10390625,0.6066261529922485,,,
23040,0.1167295902967453,1.16875,0.2925112247467041,,,
23050,0.1162969186902046,1.162109375,0.3953191041946411,,,
23060,0.1109913483262062,1.13828125,0.3846050500869751,,,
23070,0.1138738833367825,1.2,0.3204196691513062,,,
23080,0.1177066668868065,1.13125,0.6766453385353088,,,
23090,0.1143968105316162,1.133984375,0.3358669281005859,,,
23100,0.1158710971474648,1.171875,0.2780878841876984,,,
23110,0.1142783336341381,1.19375,0.2614969313144684,,,
23120,0.1151289530098438,1.203125,0.4401298761367798,,,
23130,0.1201183646917343,1.159375,0.3889621496200562,,,
23140,0.1142179489135742,1.2125,0.3052047789096832,,,
23150,0.1187187001109123,1.10703125,0.5011379718780518,,,
23160,0.1162471354007721,1.165625,0.346908837556839,,,
23170,0.1123001471161842,1.20703125,0.3539604544639587,,,
23180,0.1146781593561172,1.15234375,0.4795905947685242,,,
23190,0.1160374864935875,1.1484375,0.5452342629432678,,,
23200,0.1186147026717663,1.17578125,0.3654784262180328,,,
23210,0.1161506235599518,1.12734375,0.5346013307571411,,,
23220,0.1142276518046856,1.17109375,0.2291690409183502,,,
23230,0.1155367664992809,1.1125,0.314850777387619,,,
23240,0.1146208576858044,1.15546875,0.3706358373165131,,,
23250,0.1170334331691265,1.16875,0.3155438005924225,,,
23260,0.1196593254804611,1.17109375,0.4190539121627808,,,
23270,0.1190338172018528,1.2015625,0.7024071216583252,,,
23280,0.1133375287055969,1.1296875,0.5767315030097961,,,
23290,0.1162131048738956,1.16953125,0.2921364307403564,,,
23300,0.1160767272114754,1.2109375,0.5089393854141235,,,
23310,0.115575198084116,1.12578125,0.2338607162237167,,,
23320,0.1122739911079407,1.144921875,0.3523752689361572,,,
23330,0.1160341836512089,1.1546875,0.4353295564651489,,,
23340,0.1129528418183327,1.18515625,0.3368913531303406,,,
23350,0.1136278256773949,1.18984375,0.4380649030208588,,,
23360,0.1139707803726196,1.15234375,0.5095421075820923,,,
23370,0.1124815307557583,1.2,0.2459686100482941,,,
23380,0.1151285551488399,1.118359375,0.6381557583808899,,,
23390,0.1127770610153675,1.21796875,0.3680230379104614,,,
23400,0.117223533987999,1.175,0.4341322779655457,,,
23410,0.116157653182745,1.16328125,0.3719994723796844,,,
23420,0.11685970723629,1.190625,0.5064207315444946,,,
23430,0.1171140007674694,1.18125,0.3527909219264984,,,
23440,0.1128447860479355,1.1421875,0.2735971212387085,,,
23450,0.1164901457726955,1.18359375,0.3656026721000671,,,
23460,0.1170326672494411,1.17421875,0.2540060579776764,,,
23470,0.1139574162662029,1.129296875,0.2537751793861389,,,
23480,0.116694350540638,1.1203125,0.4909018278121948,,,
23490,0.1224086888134479,1.15859375,0.3726916909217834,,,
23500,0.1203402563929558,1.17109375,0.7408183813095093,,,
23510,0.1126606844365597,1.1703125,0.3800154626369476,,,
23520,0.1176398746669292,1.13515625,0.434209018945694,,,
23530,0.1109021961688995,1.111328125,0.5176394581794739,,,
23540,0.1158136151731014,1.21640625,0.3608109652996063,,,
23550,0.1116994887590408,1.1015625,0.3415209054946899,,,
23560,0.1089286260306835,1.15859375,0.4083279073238373,,,
23570,0.1123823538422584,1.1578125,0.3869113922119141,,,
23580,0.1173070691525936,1.178125,0.2115055620670319,,,
23590,0.1151942782104015,1.128125,0.2333487123250961,,,
23600,0.1142691202461719,1.1390625,0.4992808997631073,,,
23610,0.1176567018032074,1.14765625,0.4121087491512299,,,
23620,0.1128884688019753,1.17890625,0.2861679494380951,,,
23630,0.1197918757796288,1.19296875,0.5062139630317688,,,
23640,0.1114065751433373,1.146875,0.4813665449619293,,,
23650,0.1156103789806366,1.1609375,0.3571601212024689,,,
23660,0.115184461325407,1.1796875,0.5044910311698914,,,
23670,0.1157354228198528,1.14296875,0.2767669558525085,,,
23680,0.1157815411686897,1.16875,0.3106565475463867,,,
23690,0.1112397991120815,1.175,0.253675788640976,,,
23700,0.1180887803435326,1.1484375,0.2816815972328186,,,
23710,0.1133976630866528,1.18671875,0.4976693987846375,,,
23720,0.1129788354039192,1.1765625,0.37353515625,,,
23730,0.1117032542824745,1.17109375,0.6652923822402954,,,
23740,0.1136862464249134,1.187890625,0.4931452572345734,,,
23750,0.1144629739224911,1.10859375,0.4005361199378967,,,
23760,0.1144287578761578,1.19140625,0.3000535666942596,,,
23770,0.1131925247609615,1.15078125,0.3895117342472076,,,
23780,0.1135829299688339,1.126953125,0.257593184709549,,,
23790,0.1154062300920486,1.1828125,0.4972361028194427,,,
23800,0.1168832056224346,1.1703125,0.4974173307418823,,,
23810,0.1145659878849983,1.15703125,0.3449002206325531,,,
23820,0.1163690693676472,1.1859375,0.7291062474250793,,,
23830,0.1083044603466988,1.12265625,0.5317679643630981,,,
23840,0.1145790278911591,1.1546875,0.3824590444564819,,,
23850,0.1171873822808266,1.16015625,0.3645617961883545,,,
23860,0.1123434819281101,1.171875,0.3360054492950439,,,
23870,0.1155133724212647,1.14609375,0.5490239858627319,,,
23880,0.1167198300361633,1.1578125,0.3144061863422394,,,
23890,0.117662587761879,1.18359375,0.3983785510063171,,,
23900,0.1157569408416748,1.08828125,0.311556488275528,,,
23910,0.1158577144145966,1.171875,0.6056568622589111,,,
23920,0.1111944250762463,1.1390625,0.2984647452831268,,,
23930,0.1148805007338524,1.16875,0.4964248239994049,,,
23940,0.1164866767823696,1.14140625,0.3080676794052124,,,
23950,0.1175622701644898,1.17890625,0.3193247020244598,,,
23960,0.1156455725431442,1.11328125,0.4187619090080261,,,
23970,0.1158986069262028,1.15546875,0.3207938969135284,,,
23980,0.1111703626811504,1.079296875,0.2971007823944092,,,
23990,0.1124009303748608,1.16171875,0.3109783530235291,,,
24000,0.11415184289217,1.1671875,0.36626136302948,0.6264781355857849,0.4170682045756773,0.5532714054927302
24010,0.1160824917256832,1.169140625,0.3839702904224396,,,
24020,0.114141483604908,1.10234375,0.2998670041561127,,,
24030,0.1158022731542587,1.18515625,0.2478554248809814,,,
24040,0.1139260776340962,1.1734375,0.3894214332103729,,,
24050,0.1185694426298141,1.15078125,0.2796311378479004,,,
24060,0.1113306418061256,1.09453125,0.595022976398468,,,
24070,0.1126166127622128,1.16484375,0.2292173951864243,,,
24080,0.1160417139530182,1.190625,0.4316921234130859,,,
24090,0.1142837390303612,1.175,0.4386458694934845,,,
24100,0.1133050352334976,1.128125,0.4366287291049957,,,
24110,0.1143492668867111,1.1734375,0.3047067224979401,,,
24120,0.1158476315438747,1.12109375,0.4170612692832947,,,
24130,0.1130220726132393,1.1984375,0.5558217167854309,,,
24140,0.1149278104305267,1.149609375,0.2862803339958191,,,
24150,0.114033829420805,1.171484375,0.4727585911750793,,,
24160,0.1150570042431354,1.127734375,0.342447817325592,,,
24170,0.1142905600368977,1.168359375,0.2543214857578278,,,
24180,0.1162216298282146,1.138671875,0.5988358855247498,,,
24190,0.1156684882938862,1.15546875,0.3458369076251984,,,
24200,0.1123472794890404,1.18046875,0.2551713585853577,,,
24210,0.1149939574301243,1.1828125,0.5182772874832153,,,
24220,0.1149424336850643,1.14921875,0.4314083456993103,,,
24230,0.1120131999254227,1.15390625,0.3383824229240417,,,
24240,0.117353368550539,1.21953125,0.4001061022281647,,,
24250,0.1179999299347401,1.128125,0.3127154111862183,,,
24260,0.1157418020069599,1.14453125,0.3046646118164062,,,
24270,0.112497578561306,1.153515625,0.363539069890976,,,
24280,0.1155109077692032,1.146875,0.3367609977722168,,,
24290,0.1172922864556313,1.141015625,0.3099390864372253,,,
24300,0.1165264591574669,1.16640625,0.2925831973552704,,,
24310,0.1201192423701286,1.16640625,0.3522655367851257,,,
24320,0.1123802378773689,1.1796875,0.6394939422607422,,,
24330,0.1147840671241283,1.13125,0.2956149578094482,,,
24340,0.114178279787302,1.1515625,0.2980203628540039,,,
24350,0.1110279463231564,1.096875,0.2747394144535065,,,
24360,0.1165746845304966,1.15859375,0.3021723330020905,,,
24370,0.1156392760574818,1.1578125,0.3616274297237396,,,
24380,0.118287381529808,1.16953125,0.570387065410614,,,
24390,0.1153375044465065,1.0953125,0.3610049188137054,,,
24400,0.1068105101585388,1.12109375,0.3507177829742432,,,
24410,0.1164762012660503,1.160546875,0.3527594208717346,,,
24420,0.1133001320064068,1.14140625,0.3495362102985382,,,
24430,0.1082417242228985,1.143359375,0.3230071663856506,,,
24440,0.1175456061959267,1.1296875,0.5163969993591309,,,
24450,0.1155482575297356,1.088671875,0.2731825709342957,,,
24460,0.1135006755590439,1.1765625,0.3211203813552856,,,
24470,0.1146471850574017,1.15625,0.5580708384513855,,,
24480,0.1148691549897194,1.1328125,0.2683851718902588,,,
24490,0.1173159405589104,1.16796875,0.1997582614421844,,,
24500,0.11572245657444,1.1515625,0.5015883445739746,,,
24510,0.1141005419194698,1.15390625,0.2772445976734161,,,
24520,0.1115868262946606,1.1625,0.3520985543727875,,,
24530,0.1129308149218559,1.16640625,0.3036448955535889,,,
24540,0.116755847632885,1.159375,0.3803987503051758,,,
24550,0.1168851122260094,1.15078125,0.2547794282436371,,,
24560,0.1139704085886478,1.15078125,0.4702920615673065,,,
24570,0.111803225427866,1.15390625,0.6889463663101196,,,
24580,0.1123903468251228,1.1515625,0.4324693381786346,,,
24590,0.1158099539577961,1.2234375,0.583635687828064,,,
24600,0.1198574058711529,1.1796875,0.2799472212791443,,,
24610,0.1169436000287533,1.140625,0.5981583595275879,,,
24620,0.1163635440170765,1.1453125,0.5607706308364868,,,
24630,0.1114641822874546,1.12421875,0.4220208823680878,,,
24640,0.1127038925886154,1.092578125,0.3369344472885132,,,
24650,0.1110227309167385,1.1859375,0.3116527199745178,,,
24660,0.1176404342055321,1.1734375,0.4224873781204224,,,
24670,0.1112944848835468,1.140625,0.2612629532814026,,,
24680,0.114440905302763,1.13515625,0.5241312384605408,,,
24690,0.1141509458422661,1.146875,0.5448399782180786,,,
24700,0.1123729690909386,1.1515625,0.4434628486633301,,,
24710,0.1161732889711857,1.16015625,0.2723393142223358,,,
24720,0.1104459084570408,1.155859375,0.510901927947998,,,
24730,0.1135570518672466,1.158203125,0.4489377737045288,,,
24740,0.1136042967438698,1.190625,0.7403823733329773,,,
24750,0.1163979008793831,1.19609375,0.3716230392456055,,,
24760,0.1144918501377106,1.115234375,0.2754581570625305,,,
24770,0.116904604434967,1.153125,0.5607991218566895,,,
24780,0.1140844382345676,1.11796875,0.3180888593196869,,,
24790,0.1149234160780907,1.103515625,0.3905741572380066,,,
24800,0.1146228514611721,1.14140625,0.3548938632011414,,,
24810,0.1210960976779461,1.15390625,0.3422249555587769,,,
24820,0.1130651548504829,1.136328125,0.323750764131546,,,
24830,0.1080298379063606,1.20078125,0.5481843948364258,,,
24840,0.1173206865787506,1.13515625,0.3236748576164246,,,
24850,0.1146917827427387,1.13515625,0.5481982231140137,,,
24860,0.1107635132968426,1.14765625,0.3055104613304138,,,
24870,0.1127636604011059,1.100390625,0.3638053238391876,,,
24880,0.1186954200267792,1.1671875,0.3021799623966217,,,
24890,0.1149906449019909,1.117578125,0.2673758566379547,,,
24900,0.1147690445184708,1.14609375,0.4652968049049377,,,
24910,0.1105583243072033,1.1296875,0.6390407681465149,,,
24920,0.1156971856951714,1.121875,0.2780316472053528,,,
24930,0.1142105095088482,1.121875,0.2601627111434937,,,
24940,0.1133100129663944,1.13984375,0.3785587549209595,,,
24950,0.1136730588972568,1.17734375,0.456991583108902,,,
24960,0.117925251275301,1.102734375,0.2869138717651367,,,
24970,0.1149965643882751,1.16875,0.306811660528183,,,
24980,0.110377699136734,1.19921875,0.5448328852653503,,,
24990,0.1120579563081265,1.16328125,0.3654828071594238,,,
25000,0.1153138592839241,1.16015625,0.3243494629859924,0.6301483511924744,0.4007406665069429,0.5479980631943419
25010,0.1163509927690029,1.153125,0.3534370064735413,,,
25020,0.1100999318063259,1.1515625,0.4317493140697479,,,
25030,0.110651408135891,1.12421875,0.385342925786972,,,
25040,0.1147851213812828,1.146875,0.3459124267101288,,,
25050,0.1112293928861618,1.1359375,0.4197776913642883,,,
25060,0.1137740559875965,1.19609375,0.2592349052429199,,,
25070,0.1145755305886269,1.17890625,0.3023737967014313,,,
25080,0.1158752270042896,1.16328125,0.4553275108337402,,,
25090,0.1145288996398449,1.140234375,0.4933015704154968,,,
25100,0.1156690679490566,1.13515625,0.5568259954452515,,,
25110,0.1105701543390751,1.14453125,0.2782554030418396,,,
25120,0.114916917681694,1.145703125,0.2802686393260956,,,
25130,0.1133087277412415,1.09453125,0.29722860455513,,,
25140,0.1140429131686687,1.21328125,0.2889643013477325,,,
25150,0.1144940473139286,1.109375,0.2661761045455933,,,
25160,0.1150982782244682,1.153125,0.2714940905570984,,,
25170,0.1123546905815601,1.13515625,0.3693509101867676,,,
25180,0.1143929556012154,1.14375,0.5252925157546997,,,
25190,0.1115363352000713,1.16171875,0.3312454521656036,,,
25200,0.1118487678468227,1.1546875,0.6320101022720337,,,
25210,0.1133436433970928,1.16484375,0.4709861576557159,,,
25220,0.1184214763343334,1.14609375,0.3612075448036194,,,
25230,0.113561787456274,1.16015625,0.347241073846817,,,
25240,0.1128306806087494,1.12109375,0.4622132182121277,,,
25250,0.1159890346229076,1.12265625,0.4539236426353455,,,
25260,0.1136219620704651,1.1609375,0.324865996837616,,,
25270,0.1117471858859062,1.18046875,0.362313985824585,,,
25280,0.1193024173378944,1.133203125,0.5351907014846802,,,
25290,0.1127400621771812,1.1578125,0.6284488439559937,,,
25300,0.1122212305665016,1.103515625,0.6215053200721741,,,
25310,0.1151650853455067,1.1546875,0.4974314272403717,,,
25320,0.1136899940669537,1.112890625,0.3454725444316864,,,
25330,0.1138189442455769,1.120703125,0.4141204059123993,,,
25340,0.1128873243927956,1.103515625,0.3085688650608063,,,
25350,0.1130520805716515,1.16171875,0.3678468465805054,,,
25360,0.1098216108977795,1.15625,0.5233725905418396,,,
25370,0.1143337205052376,1.106640625,0.2558696269989014,,,
25380,0.1157820142805576,1.133984375,0.2831176817417145,,,
25390,0.1153343945741653,1.1890625,0.5079752802848816,,,
25400,0.1142522878944874,1.1078125,0.557403564453125,,,
25410,0.1163499243557453,1.09296875,0.3114634156227112,,,
25420,0.1104918420314789,1.11484375,0.2682050168514252,,,
25430,0.1145885080099106,1.16796875,0.5729257464408875,,,
25440,0.1122264422476292,1.16171875,0.2539166510105133,,,
25450,0.1112483128905296,1.1328125,0.4026089012622833,,,
25460,0.1137793026864529,1.133984375,0.3046821057796478,,,
25470,0.1120969012379646,1.10546875,0.373548150062561,,,
25480,0.1147741168737411,1.15703125,0.4555128812789917,,,
25490,0.1150761924684048,1.14609375,0.5620895624160767,,,
25500,0.1168104715645313,1.12890625,0.3290539979934692,,,
25510,0.1150392062962055,1.13984375,0.3792220056056976,,,
25520,0.1130490399897099,1.1578125,0.3226740956306458,,,
25530,0.1164646737277508,1.17265625,0.2722449004650116,,,
25540,0.1110009498894215,1.178125,0.6276952028274536,,,
25550,0.1159704349935055,1.18125,0.3694250285625458,,,
25560,0.1089827835559845,1.1390625,0.2736929059028625,,,
25570,0.1138049677014351,1.14921875,0.2506752908229828,,,
25580,0.1126743979752064,1.10078125,0.2678795456886292,,,
25590,0.1136927172541618,1.09375,0.2615404725074768,,,
25600,0.1124768070876598,1.18828125,0.321625828742981,,,
25610,0.1102990992367268,1.17421875,0.3327215015888214,,,
25620,0.1119911529123783,1.100390625,0.4265810549259186,,,
25630,0.1100725203752518,1.125390625,0.3114780187606812,,,
25640,0.1154790259897709,1.119140625,0.4006452858448029,,,
25650,0.1140951491892338,1.14453125,0.4552205502986908,,,
25660,0.113728978484869,1.13046875,0.2811308205127716,,,
25670,0.1148590281605721,1.1625,0.3560366630554199,,,
25680,0.1138943143188953,1.16953125,0.5103915929794312,,,
25690,0.1120857425034046,1.12578125,0.3449063897132874,,,
25700,0.1135378435254097,1.17890625,0.4921326637268066,,,
25710,0.1113054245710373,1.1640625,0.2940815091133118,,,
25720,0.1138609424233437,1.149609375,0.3580450415611267,,,
25730,0.1100751586258411,1.147265625,0.449888676404953,,,
25740,0.1182852171361446,1.1375,0.2752969264984131,,,
25750,0.1132950097322464,1.14609375,0.3626921772956848,,,
25760,0.1185916267335415,1.20546875,0.3986631035804749,,,
25770,0.1132902719080448,1.14296875,0.5673915147781372,,,
25780,0.1173655778169632,1.15234375,0.6425076127052307,,,
25790,0.1060243554413319,1.13515625,0.3804009556770325,,,
25800,0.1159361146390438,1.13125,0.4355757832527161,,,
25810,0.1116616412997246,1.115234375,0.3695490062236786,,,
25820,0.1141519859433174,1.10234375,0.4394203424453735,,,
25830,0.1154905200004578,1.134375,0.3738616406917572,,,
25840,0.1149004630744457,1.1859375,0.341056227684021,,,
25850,0.1115810453891754,1.128125,0.3859848380088806,,,
25860,0.1087572142481804,1.16953125,0.3775358498096466,,,
25870,0.1111736305058002,1.16171875,0.3319985568523407,,,
25880,0.1171049170196056,1.140625,0.4745317697525024,,,
25890,0.1131676785647869,1.16015625,0.379554271697998,,,
25900,0.1116296969354153,1.13515625,0.2657970786094666,,,
25910,0.1099759414792061,1.12734375,0.3981532752513885,,,
25920,0.1133291885256767,1.12109375,0.320605605840683,,,
25930,0.1142353966832161,1.12421875,0.4797410368919373,,,
25940,0.1089985407888889,1.1125,0.4319911003112793,,,
25950,0.1143046200275421,1.18046875,0.2264647632837296,,,
25960,0.1156893491744995,1.146875,0.2690761685371399,,,
25970,0.1115371651947498,1.1,0.765541136264801,,,
25980,0.1143855385482311,1.134375,0.261433333158493,,,
25990,0.1153528586030006,1.1515625,0.2874271869659424,,,
26000,0.1154658190906048,1.1625,0.7019932866096497,0.6345388889312744,0.4072324284049649,0.5414919053512305
26010,0.1071439929306507,1.09453125,0.3731499314308167,,,
26020,0.1093099400401115,1.11953125,0.4296786487102509,,,
26030,0.1109007894992828,1.1796875,0.4683223068714142,,,
26040,0.1156870543956757,1.11171875,0.3275859355926514,,,
26050,0.1147908858954906,1.178125,0.2835150063037872,,,
26060,0.1169410109519959,1.15625,0.3879466652870178,,,
26070,0.1162720784544945,1.13046875,0.4069980382919312,,,
26080,0.1131917782127857,1.119140625,0.3630775809288025,,,
26090,0.1132018998265266,1.21015625,0.2696481645107269,,,
26100,0.1136858649551868,1.15546875,0.3968724310398102,,,
26110,0.1130302481353283,1.20859375,0.40838423371315,,,
26120,0.1130577445030212,1.15546875,0.5091294050216675,,,
26130,0.1106710076332092,1.1625,0.450560986995697,,,
26140,0.1144466683268547,1.1265625,0.4728733003139496,,,
26150,0.1170298732817173,1.1828125,0.5638822317123413,,,
26160,0.110979113727808,1.144921875,0.2609599828720093,,,
26170,0.1130548015236855,1.14375,0.4499484002590179,,,
26180,0.116868756711483,1.159375,0.2840101420879364,,,
26190,0.1144922330975533,1.159765625,0.2770855724811554,,,
26200,0.1145771563053131,1.146875,0.4732324481010437,,,
26210,0.1117486782371998,1.134375,0.316690593957901,,,
26220,0.1155224584043026,1.1609375,0.4181505739688873,,,
26230,0.1127157621085644,1.126171875,0.4562076926231384,,,
26240,0.1133091904222965,1.1421875,0.4302134215831757,,,
26250,0.1109582990407944,1.174609375,0.358671635389328,,,
26260,0.1088543713092804,1.098046875,0.412217915058136,,,
26270,0.1127655074000359,1.1015625,0.4106046259403229,,,
26280,0.1112799070775509,1.1359375,0.3967414200305939,,,
26290,0.1086554311215878,1.1421875,0.3335620164871216,,,
26300,0.1150730632245541,1.20390625,0.5646045804023743,,,
26310,0.1137490525841713,1.1515625,0.4307151734828949,,,
26320,0.1149977952241898,1.1203125,0.3648240268230438,,,
26330,0.1153108090162277,1.17109375,0.296781986951828,,,
26340,0.1149144716560841,1.1703125,0.4165508151054382,,,
26350,0.1174455255270004,1.112890625,0.3710532486438751,,,
26360,0.1088921315968037,1.18203125,0.3820981085300446,,,
26370,0.1188798420131207,1.16015625,0.3804992437362671,,,
26380,0.1126386433839798,1.13203125,0.254702627658844,,,
26390,0.1202462024986744,1.178125,0.259308248758316,,,
26400,0.1124939538538456,1.1609375,0.3322353959083557,,,
26410,0.1146430753171444,1.10703125,0.2758550047874451,,,
26420,0.1152561888098717,1.1515625,0.2423749417066574,,,
26430,0.1141712717711925,1.1890625,0.7432774901390076,,,
26440,0.1149981983006001,1.13046875,0.2914959490299225,,,
26450,0.1097396269440651,1.16328125,0.4337517023086548,,,
26460,0.1108397476375103,1.13046875,0.4169131219387054,,,
26470,0.1123181119561195,1.16484375,0.3212738633155823,,,
26480,0.1160384699702263,1.159375,0.4639435410499573,,,
26490,0.1111743554472923,1.184375,0.3577200770378113,,,
26500,0.1107751406729221,1.1796875,0.4403520822525024,,,
26510,0.1162264704704285,1.11015625,0.5045651197433472,,,
26520,0.1119799338281155,1.125,0.303521066904068,,,
26530,0.1129115901887417,1.103125,0.3206762969493866,,,
26540,0.1132400527596474,1.18515625,0.372859001159668,,,
26550,0.1147590897977352,1.11875,0.6586711406707764,,,
26560,0.11225745677948,1.20234375,0.2852341830730438,,,
26570,0.1106681205332279,1.156640625,0.547462522983551,,,
26580,0.1138080149888992,1.1390625,0.3137500286102295,,,
26590,0.1146093122661114,1.1375,0.3906444311141968,,,
26600,0.1171332865953445,1.13671875,0.4045074880123138,,,
26610,0.1136112168431282,1.10625,0.3597852289676666,,,
26620,0.1166995510458946,1.1375,0.4012553095817566,,,
26630,0.11160599142313,1.137109375,0.4011723399162292,,,
26640,0.1105453886091709,1.13359375,0.3463107645511627,,,
26650,0.1150460906326771,1.10234375,0.3039199113845825,,,
26660,0.1103951029479504,1.14375,0.3078181743621826,,,
26670,0.1121296465396881,1.13203125,0.2749168574810028,,,
26680,0.1127736799418926,1.1140625,0.2683900594711304,,,
26690,0.1136921316385269,1.10625,0.4189195334911346,,,
26700,0.1072519086301327,1.12265625,0.3333977162837982,,,
26710,0.1138008482754231,1.14453125,0.3418100774288177,,,
26720,0.1141094051301479,1.18125,0.4532265663146973,,,
26730,0.1177215814590454,1.15078125,0.3960171937942505,,,
26740,0.1062368921935558,1.128125,0.3216405212879181,,,
26750,0.1077813439071178,1.123046875,0.409486323595047,,,
26760,0.1131449185311794,1.138671875,0.4849523305892944,,,
26770,0.1129424639046192,1.16171875,0.3898521661758423,,,
26780,0.1108829356729984,1.1609375,0.2670791149139404,,,
26790,0.1164127424359322,1.154296875,0.4204108715057373,,,
26800,0.1121179707348347,1.17734375,0.3195039629936218,,,
26810,0.1104460246860981,1.1109375,0.3391533493995667,,,
26820,0.1174525536596775,1.19765625,0.3876460790634155,,,
26830,0.11209966391325,1.16953125,0.3468166291713715,,,
26840,0.1087236359715462,1.12890625,0.3549829721450806,,,
26850,0.1109570443630219,1.128125,0.3954746425151825,,,
26860,0.11148651689291,1.11484375,0.3101863265037537,,,
26870,0.1127241805195808,1.12421875,0.3214351236820221,,,
26880,0.1150147929787636,1.101171875,0.336061418056488,,,
26890,0.116508287936449,1.10546875,0.4115097224712372,,,
26900,0.1113916054368019,1.2015625,0.5082101225852966,,,
26910,0.112271149456501,1.10703125,0.3344933390617371,,,
26920,0.1153915375471115,1.1671875,0.3000374436378479,,,
26930,0.1148803502321243,1.128125,0.2879101037979126,,,
26940,0.109613474458456,1.14140625,0.6805222034454346,,,
26950,0.1105187706649303,1.1703125,0.3928325772285461,,,
26960,0.1094327747821808,1.1078125,0.2519004046916962,,,
26970,0.1106405429542065,1.1703125,0.3081611692905426,,,
26980,0.1097393542528153,1.14765625,0.2737326323986053,,,
26990,0.1070904910564423,1.140625,0.2770397365093231,,,
27000,0.1129464879631996,1.15703125,0.4117345213890076,0.6366526484489441,0.4283462774033672,0.5443178687500945
27010,0.1135111294686794,1.13984375,0.262438029050827,,,
27020,0.1076698407530785,1.16640625,0.3423816561698914,,,
27030,0.1104827411472797,1.1390625,0.2541009783744812,,,
27040,0.113801720738411,1.1953125,0.5530160665512085,,,
27050,0.1134878672659397,1.125390625,0.4587737023830414,,,
27060,0.1090385228395462,1.15,0.3272354006767273,,,
27070,0.110458043217659,1.08359375,0.4470099210739136,,,
27080,0.1133368425071239,1.125,0.2832484841346741,,,
27090,0.1101896032691002,1.1578125,0.3298113644123077,,,
27100,0.1122734226286411,1.16171875,0.3182079195976257,,,
27110,0.1130039274692535,1.159765625,0.3331754505634308,,,
27120,0.1156378418207169,1.13203125,0.3774805963039398,,,
27130,0.1083856530487537,1.153125,0.3203921020030975,,,
27140,0.1163649447262287,1.135546875,0.5174331665039062,,,
27150,0.1112866327166557,1.1,0.3683863878250122,,,
27160,0.1086020983755589,1.18203125,0.3986515700817108,,,
27170,0.1097721807658672,1.16484375,0.4482923150062561,,,
27180,0.112127560377121,1.12578125,0.3009251058101654,,,
27190,0.110477077960968,1.15703125,0.3899098932743073,,,
27200,0.1107054494321346,1.146875,0.346856564283371,,,
27210,0.1099749222397804,1.099609375,0.4125106036663055,,,
27220,0.1109391666948795,1.14140625,0.3881198763847351,,,
27230,0.1063484355807304,1.102734375,0.4621631801128387,,,
27240,0.1120077677071094,1.17890625,0.310657262802124,,,
27250,0.1127362065017223,1.1265625,0.3370088934898376,,,
27260,0.1120473124086857,1.095703125,0.3738990426063538,,,
27270,0.1130769371986389,1.13046875,0.3500594198703766,,,
27280,0.1091197185218334,1.1640625,0.3076720833778381,,,
27290,0.111979740858078,1.11328125,0.3288628160953522,,,
27300,0.1166438639163971,1.16796875,0.3492530286312103,,,
27310,0.1154683694243431,1.137890625,0.3572913408279419,,,
27320,0.1113180607557297,1.15546875,0.8306396007537842,,,
27330,0.1127254493534565,1.1375,0.4389044046401978,,,
27340,0.1132769860327244,1.15078125,0.4287926256656647,,,
27350,0.1103520557284355,1.1125,0.306659460067749,,,
27360,0.1087201423943043,1.134375,0.3935894966125488,,,
27370,0.1114317625761032,1.16171875,0.5809283256530762,,,
27380,0.1105734147131443,1.13359375,0.3147476017475128,,,
27390,0.1144739121198654,1.1109375,0.4968946874141693,,,
27400,0.1143157981336117,1.1546875,0.4757052659988403,,,
27410,0.11203198954463,1.13359375,0.3556719720363617,,,
27420,0.1110143132507801,1.153515625,0.3472414910793304,,,
27430,0.1144135467708111,1.1203125,0.320561945438385,,,
27440,0.1138476125895977,1.1359375,0.3235835134983063,,,
27450,0.1113693758845329,1.13203125,0.3220565915107727,,,
27460,0.1114975482225418,1.119921875,0.2090511322021484,,,
27470,0.1128485672175884,1.115625,0.3095170557498932,,,
27480,0.108076074719429,1.15625,0.2401321232318878,,,
27490,0.110321082174778,1.1234375,0.6354498863220215,,,
27500,0.1098987899720669,1.12734375,0.8504878878593445,,,
27510,0.1138047553598881,1.1578125,0.2953681945800781,,,
27520,0.1107072494924068,1.199609375,0.5266835689544678,,,
27530,0.1132534600794315,1.18671875,0.3279214203357697,,,
27540,0.1089913636445999,1.1390625,0.2272053807973862,,,
27550,0.1079691372811794,1.129296875,0.3271554708480835,,,
27560,0.1138096749782562,1.1140625,0.3536866307258606,,,
27570,0.1126945607364178,1.09921875,0.3033731281757355,,,
27580,0.1086387246847153,1.1359375,0.2809537053108215,,,
27590,0.1121591083705425,1.088671875,0.283003181219101,,,
27600,0.111638779938221,1.084375,0.3383039534091949,,,
27610,0.1099462240934372,1.159375,0.4385048151016235,,,
27620,0.111979615688324,1.16171875,0.4461200535297394,,,
27630,0.1109936870634556,1.13671875,0.284190446138382,,,
27640,0.1123062543570995,1.15859375,0.3438803553581238,,,
27650,0.1131545595824719,1.13046875,0.4645803868770599,,,
27660,0.1125743046402931,1.1,0.4209217727184296,,,
27670,0.1120093494653702,1.151171875,0.3949485719203949,,,
27680,0.1127659060060978,1.146484375,0.402093768119812,,,
27690,0.1113875590264797,1.088671875,0.274610161781311,,,
27700,0.1080596536397934,1.16875,0.3213292062282562,,,
27710,0.1142141342163086,1.148828125,0.4044512212276459,,,
27720,0.114651408046484,1.159375,0.3113565444946289,,,
27730,0.1126623541116714,1.13046875,0.2328325062990189,,,
27740,0.1115746170282364,1.148046875,0.5266033411026001,,,
27750,0.1106593757867813,1.12421875,0.2996305525302887,,,
27760,0.1130816407501698,1.1328125,0.3173145651817322,,,
27770,0.1146794192492962,1.1203125,0.2930841743946075,,,
27780,0.1123049147427082,1.13671875,0.5687389373779297,,,
27790,0.1118982881307602,1.11484375,0.3242207467556,,,
27800,0.1072540007531643,1.1359375,0.3878341615200043,,,
27810,0.1107327416539192,1.15078125,0.3642252683639526,,,
27820,0.1092360638082027,1.1203125,0.4327851533889771,,,
27830,0.110632399469614,1.10625,0.6753902435302734,,,
27840,0.112114967405796,1.1234375,0.3546172082424164,,,
27850,0.1095234803855419,1.10234375,0.3968731462955475,,,
27860,0.1132298991084099,1.105859375,0.4382319152355194,,,
27870,0.1134612739086151,1.1203125,0.2597395479679108,,,
27880,0.1134418793022633,1.097265625,0.516788125038147,,,
27890,0.1087788164615631,1.16484375,0.4493049085140228,,,
27900,0.1130826316773891,1.113671875,0.7489157915115356,,,
27910,0.1120168074965477,1.159375,0.3527097702026367,,,
27920,0.107520566880703,1.114453125,0.3783684372901917,,,
27930,0.119408955425024,1.18515625,0.5472515225410461,,,
27940,0.1105589114129543,1.1734375,0.2621831595897675,,,
27950,0.1169823460280895,1.153515625,0.301333874464035,,,
27960,0.1102432698011398,1.1390625,0.3430835902690887,,,
27970,0.1106925413012505,1.075390625,0.3339743316173553,,,
27980,0.1078130997717381,1.1296875,0.4185748696327209,,,
27990,0.1083205223083496,1.11328125,0.2601310014724731,,,
28000,0.1084209002554417,1.1203125,0.3300604820251465,0.6288419961929321,0.4238894541315707,0.5422767058064875
28010,0.1132456913590431,1.16640625,0.4176211059093475,,,
28020,0.1098950855433941,1.121875,0.2632325291633606,,,
28030,0.1114485718309879,1.101171875,0.2526402473449707,,,
28040,0.1123896867036819,1.08671875,0.2858792841434479,,,
28050,0.1127198576927185,1.125,0.2823801338672638,,,
28060,0.1110179141163826,1.08203125,0.2436081767082214,,,
28070,0.115149399638176,1.118359375,0.3480675220489502,,,
28080,0.1071319378912449,1.12109375,0.3030043840408325,,,
28090,0.1129816494882107,1.1234375,0.3152945339679718,,,
28100,0.1128693141043186,1.14140625,0.5198221206665039,,,
28110,0.1100594572722912,1.1328125,0.3175885379314423,,,
28120,0.1158090204000473,1.1765625,0.7420136332511902,,,
28130,0.1086613982915878,1.13359375,0.4215235710144043,,,
28140,0.1101605579257011,1.12890625,0.2472271323204041,,,
28150,0.1098006203770638,1.15703125,0.3677481710910797,,,
28160,0.1104386024177074,1.13359375,0.3885704874992371,,,
28170,0.1111252494156361,1.11171875,0.3645918965339661,,,
28180,0.1099144048988819,1.1171875,0.3025901317596436,,,
28190,0.1077391803264618,1.15390625,0.3200072944164276,,,
28200,0.1121865965425968,1.136328125,0.2312888354063034,,,
28210,0.1109471380710602,1.16171875,0.3840072453022003,,,
28220,0.1093539178371429,1.115625,0.5011695027351379,,,
28230,0.1114231325685978,1.18046875,0.3918756544589996,,,
28240,0.1111421406269073,1.13125,0.3014748394489288,,,
28250,0.1096991367638111,1.146875,0.3167168200016022,,,
28260,0.1105436898767948,1.11171875,0.2689517140388489,,,
28270,0.1111356012523174,1.11796875,0.2745179235935211,,,
28280,0.1094650529325008,1.16484375,0.2549161016941071,,,
28290,0.1075264990329742,1.10625,0.3683997690677643,,,
28300,0.1155342236161232,1.15703125,0.3289620876312256,,,
28310,0.110021173208952,1.15546875,0.5841653943061829,,,
28320,0.1111005008220673,1.1265625,0.3142822980880737,,,
28330,0.1085579745471477,1.10234375,0.4755423367023468,,,
28340,0.111258902400732,1.08359375,0.2661195993423462,,,
28350,0.1104381524026394,1.108984375,0.2706659436225891,,,
28360,0.1074272647500038,1.1046875,0.2459768652915955,,,
28370,0.1092183403670788,1.143359375,0.4001511931419373,,,
28380,0.1067514538764954,1.1140625,0.3071882724761963,,,
28390,0.1035107359290123,1.096484375,0.2117500305175781,,,
28400,0.1120283715426922,1.1265625,0.3897098004817963,,,
28410,0.1122784942388535,1.11328125,0.2568636834621429,,,
28420,0.1129478961229324,1.135546875,0.2797304391860962,,,
28430,0.1114020593464375,1.129296875,0.2705439329147339,,,
28440,0.1100436508655548,1.079296875,0.3069821894168854,,,
28450,0.1092515215277672,1.13125,0.3221357762813568,,,
28460,0.1089222304522991,1.09453125,0.2181496322154999,,,
28470,0.1098954647779465,1.11328125,0.3354530930519104,,,
28480,0.1162094630300999,1.140625,0.3217288851737976,,,
28490,0.1113595619797707,1.100390625,0.3563613891601562,,,
28500,0.1129444062709808,1.14140625,0.3642901182174683,,,
28510,0.1120800741016865,1.143359375,0.265660285949707,,,
28520,0.1092737250030041,1.109375,0.4839330613613129,,,
28530,0.1143683172762394,1.1375,0.3068952858448029,,,
28540,0.1102327600121498,1.15390625,0.4584715068340302,,,
28550,0.1156015478074551,1.1515625,0.32817542552948,,,
28560,0.1071094453334808,1.1046875,0.3738442063331604,,,
28570,0.107830885797739,1.1390625,0.284420907497406,,,
28580,0.111603195220232,1.116796875,0.3219641447067261,,,
28590,0.1176339410245419,1.125,0.2033963203430176,,,
28600,0.1101459577679634,1.12109375,0.4608831107616425,,,
28610,0.108205184340477,1.13515625,0.4241784512996674,,,
28620,0.1113108694553375,1.09375,0.340790718793869,,,
28630,0.1109445638954639,1.10390625,0.3069589734077454,,,
28640,0.1116266645491123,1.134765625,0.4600164592266083,,,
28650,0.1099060326814651,1.153125,0.2464890778064728,,,
28660,0.1089004695415497,1.13203125,0.4322419464588165,,,
28670,0.1107119128108025,1.156640625,0.468010425567627,,,
28680,0.1078595981001854,1.16171875,0.3138761520385742,,,
28690,0.1132523231208324,1.16171875,0.2613038420677185,,,
28700,0.1119574904441833,1.128125,0.3021684885025024,,,
28710,0.1105888083577156,1.08359375,0.3843984305858612,,,
28720,0.1119086600840092,1.14140625,0.430089145898819,,,
28730,0.1090139515697956,1.12890625,0.5723645687103271,,,
28740,0.1078501671552658,1.13046875,0.2736874520778656,,,
28750,0.1109418414533138,1.154296875,0.3498161435127258,,,
28760,0.1106547310948372,1.115625,0.3522936105728149,,,
28770,0.1128560781478882,1.126953125,0.3613098859786987,,,
28780,0.1074174717068672,1.10390625,0.2786944210529327,,,
28790,0.1080158598721027,1.11328125,0.3564718067646027,,,
28800,0.1056338973343372,1.12109375,0.5013278126716614,,,
28810,0.1084668956696987,1.21953125,0.5127637386322021,,,
28820,0.1100088246166706,1.083203125,0.2920054495334625,,,
28830,0.1093232199549675,1.1609375,0.2421510815620422,,,
28840,0.1051277823746204,1.109375,0.3438431322574615,,,
28850,0.1071913346648216,1.13203125,0.343842625617981,,,
28860,0.1118024334311485,1.13515625,0.2754766941070557,,,
28870,0.1108267694711685,1.13203125,0.3407566845417023,,,
28880,0.1134423837065697,1.09765625,0.4155119061470032,,,
28890,0.1104780085384846,1.15859375,0.3948109447956085,,,
28900,0.1090201072394848,1.1484375,0.3159937560558319,,,
28910,0.1121114462614059,1.0953125,0.217209205031395,,,
28920,0.1095148153603077,1.13125,0.4732473492622375,,,
28930,0.1128603681921959,1.155859375,0.4429360330104828,,,
28940,0.113876885175705,1.07890625,0.3191557824611664,,,
28950,0.1100033238530159,1.18359375,0.4189797937870026,,,
28960,0.1098621256649494,1.13359375,0.3564678728580475,,,
28970,0.1107804447412491,1.196875,0.3913103640079498,,,
28980,0.1146116271615028,1.09921875,0.546790361404419,,,
28990,0.1095102965831757,1.108203125,0.2366435527801514,,,
29000,0.1095389291644096,1.137109375,0.4272021949291229,0.6355303525924683,0.4195113423659032,0.5483896140999075
29010,0.1145396523177624,1.134375,0.2715000808238983,,,
29020,0.110988562554121,1.1703125,0.3930759131908417,,,
29030,0.1107506200671196,1.1015625,0.2868332862854004,,,
29040,0.1139276228845119,1.130859375,0.5837518572807312,,,
29050,0.1083137460052967,1.1671875,0.2515713274478912,,,
29060,0.1139335446059704,1.14453125,0.484952986240387,,,
29070,0.1078196138143539,1.1546875,0.2913030683994293,,,
29080,0.1139699459075928,1.154296875,0.4592738151550293,,,
29090,0.1127150274813175,1.140625,0.5543836951255798,,,
29100,0.1090984046459198,1.1625,0.3700283765792847,,,
29110,0.1122483633458614,1.127734375,0.2930034101009369,,,
29120,0.1115963481366634,1.0921875,0.3617218136787415,,,
29130,0.1062046647071838,1.15234375,0.3368651568889618,,,
29140,0.1137921907007694,1.140625,0.2650368511676788,,,
29150,0.1142745532095432,1.109765625,0.2686559855937958,,,
29160,0.1154683046042919,1.123046875,0.3485768437385559,,,
29170,0.1125492624938488,1.097265625,0.4130228757858276,,,
29180,0.1095682360231876,1.112109375,0.3163959980010986,,,
29190,0.1102350413799286,1.10859375,0.4429676532745361,,,
29200,0.1081937715411186,1.11953125,0.2283673286437988,,,
29210,0.1083349704742432,1.12109375,0.3696905374526978,,,
29220,0.1089597426354885,1.09609375,0.2892179489135742,,,
29230,0.10811667740345,1.15234375,0.3794756531715393,,,
29240,0.1095257490873337,1.09609375,0.3562895655632019,,,
29250,0.1111388295888901,1.071484375,0.3398163914680481,,,
29260,0.1116034850478172,1.121484375,0.5369513034820557,,,
29270,0.1095766738057136,1.13671875,0.437184602022171,,,
29280,0.1069202810525894,1.10625,0.4105993211269379,,,
29290,0.1069788493216038,1.08671875,0.509887158870697,,,
29300,0.109890116751194,1.091796875,0.4474411010742188,,,
29310,0.1086059108376503,1.1484375,0.4897337555885315,,,
29320,0.109909700602293,1.14921875,0.3199847638607025,,,
29330,0.1063955418765545,1.13046875,0.2066141068935394,,,
29340,0.1069265119731426,1.12890625,0.4363415241241455,,,
29350,0.1096545100212097,1.095703125,0.3592992722988129,,,
29360,0.1146885067224503,1.105078125,0.2704617083072662,,,
29370,0.111638930439949,1.14375,0.2290023863315582,,,
29380,0.1070703648030758,1.102734375,0.2619361877441406,,,
29390,0.1099067471921444,1.090625,0.2321545481681824,,,
29400,0.1057986132800579,1.147265625,0.2993107438087463,,,
29410,0.112181843817234,1.11328125,0.2630646526813507,,,
29420,0.1107487313449383,1.171875,0.5030053853988647,,,
29430,0.1071479946374893,1.1171875,0.4252204596996307,,,
29440,0.1093082025647163,1.09375,0.2375904619693756,,,
29450,0.1093440912663937,1.14453125,0.3727858364582062,,,
29460,0.1107741482555866,1.12109375,0.4351167678833008,,,
29470,0.1089895345270634,1.13515625,0.2562084197998047,,,
29480,0.1095157384872436,1.1546875,0.3031913936138153,,,
29490,0.11238609328866,1.14375,0.3870836198329926,,,
29500,0.1085608176887035,1.142578125,0.2760477066040039,,,
29510,0.1103760793805122,1.11953125,0.4373989999294281,,,
29520,0.1050424888730049,1.116796875,0.5674753189086914,,,
29530,0.1105915300548077,1.13984375,0.2535916566848755,,,
29540,0.1075301736593246,1.086328125,0.3154126107692719,,,
29550,0.1091971851885319,1.12421875,0.3793318867683411,,,
29560,0.1064217001199722,1.15,0.3018327653408051,,,
29570,0.1121527686715126,1.10078125,0.3466437757015228,,,
29580,0.1123433209955692,1.15703125,0.261461466550827,,,
29590,0.1075481437146664,1.1640625,0.2901079654693604,,,
29600,0.107042134553194,1.08828125,0.2611908912658691,,,
29610,0.1075812764465809,1.097265625,0.3670782148838043,,,
29620,0.1111065447330475,1.121875,0.3090164959430695,,,
29630,0.1098878040909767,1.1015625,0.4571138620376587,,,
29640,0.1105876110494137,1.1234375,0.4123567938804626,,,
29650,0.1101459540426731,1.112890625,0.2556242048740387,,,
29660,0.10713961571455,1.137890625,0.3262821435928345,,,
29670,0.1085606105625629,1.07109375,0.2743619978427887,,,
29680,0.1118610478937626,1.13359375,0.3338900506496429,,,
29690,0.1123602129518986,1.19765625,0.3770781457424164,,,
29700,0.1108798801898956,1.117578125,0.2317891865968704,,,
29710,0.1098856918513775,1.076171875,0.2668765783309937,,,
29720,0.1084644928574562,1.100390625,0.3561717569828033,,,
29730,0.1105770222842693,1.146875,0.3073972463607788,,,
29740,0.1075409360229969,1.074609375,0.343646913766861,,,
29750,0.106954400986433,1.17109375,0.387790709733963,,,
29760,0.1094538100063801,1.14765625,0.4408763647079468,,,
29770,0.1080166518688202,1.11953125,0.304505318403244,,,
29780,0.1074777841567993,1.1140625,0.3953787386417389,,,
29790,0.1143219612538815,1.1453125,0.3567070960998535,,,
29800,0.1086239881813526,1.116796875,0.2985389828681946,,,
29810,0.1097545556724071,1.17890625,0.3430902361869812,,,
29820,0.1110013477504253,1.115234375,0.4412829279899597,,,
29830,0.1163702465593815,1.1453125,0.3086190223693848,,,
29840,0.1126822538673878,1.10703125,0.25757697224617,,,
29850,0.111734215170145,1.1125,0.3270530700683594,,,
29860,0.1064231269061565,1.1125,0.2553924024105072,,,
29870,0.1119174040853977,1.083203125,0.3205184936523438,,,
29880,0.1100817635655403,1.15859375,0.3639412820339203,,,
29890,0.1079188361763954,1.065234375,0.2386247515678406,,,
29900,0.1085433982312679,1.099609375,0.3711569905281067,,,
29910,0.1101661540567875,1.103125,0.4159700870513916,,,
29920,0.1155211865901947,1.1078125,0.347265362739563,,,
29930,0.1122695282101631,1.18828125,0.4121326208114624,,,
29940,0.1078066200017929,1.1171875,0.3436332643032074,,,
29950,0.11069720312953,1.13984375,0.2758511006832123,,,
29960,0.1148835971951485,1.11796875,0.2139429748058319,,,
29970,0.1116348162293434,1.12734375,0.3941172063350677,,,
29980,0.1076987497508526,1.1078125,0.454305112361908,,,
29990,0.1118525438010693,1.130859375,0.424121081829071,,,
30000,0.1101713165640831,1.09140625,0.1959885805845261,0.6353932023048401,0.4206250624484937,0.5431621130159919
30010,0.1136200346052647,1.12734375,0.4321726858615875,,,
30020,0.1088748551905155,1.11484375,0.3331423103809357,,,
30030,0.1098270051181316,1.17578125,0.3649606704711914,,,
30040,0.1091667085886002,1.1328125,0.5303953289985657,,,
30050,0.1075258828699589,1.08203125,0.3253375887870789,,,
30060,0.1085081562399864,1.082421875,0.3534089922904968,,,
30070,0.1093322142958641,1.1046875,0.4360246360301971,,,
30080,0.1120174892246723,1.12421875,0.2652045786380768,,,
30090,0.1112082667648792,1.115625,0.2854142189025879,,,
30100,0.1125410430133343,1.11328125,0.2918665111064911,,,
30110,0.1081859655678272,1.1546875,0.2710934281349182,,,
30120,0.1133006043732166,1.1609375,0.5766249299049377,,,
30130,0.111415234208107,1.122265625,0.3447293043136597,,,
30140,0.1084458217024803,1.120703125,0.3010794520378113,,,
30150,0.1103188827633858,1.0984375,0.2985315322875977,,,
30160,0.1085837945342064,1.13359375,0.276080846786499,,,
30170,0.1118934534490108,1.067578125,0.3470904231071472,,,
30180,0.1089202560484409,1.09453125,0.2092276364564896,,,
30190,0.1116243563592434,1.153125,0.2772910296916962,,,
30200,0.1119404293596745,1.12578125,0.3504637479782104,,,
30210,0.10934978723526,1.055859375,0.3651582598686218,,,
30220,0.1077106729149818,1.083984375,0.4397237300872803,,,
30230,0.1112622380256653,1.10625,0.3345257043838501,,,
30240,0.1086942836642265,1.1,0.5504450798034668,,,
30250,0.1108186535537243,1.10859375,0.2497905939817429,,,
30260,0.1045858435332775,1.09296875,0.259853184223175,,,
30270,0.1104460790753365,1.107421875,0.3625935614109039,,,
30280,0.1109104178845882,1.13203125,0.4388920962810516,,,
30290,0.1125618942081928,1.18046875,0.3657214641571045,,,
30300,0.1087355092167854,1.11796875,0.310677170753479,,,
30310,0.1109499737620354,1.112109375,0.5879349112510681,,,
30320,0.1068261526525021,1.21875,0.2605072557926178,,,
30330,0.1093105718493462,1.05703125,0.3400599956512451,,,
30340,0.1073372013866901,1.11328125,0.2227838784456253,,,
30350,0.1048518970608711,1.15078125,0.4268435537815094,,,
30360,0.1065018549561501,1.1625,0.4070653319358826,,,
30370,0.1076898105442524,1.091015625,0.4193010330200195,,,
30380,0.1079197324812412,1.111328125,0.2242011725902557,,,
30390,0.108473215252161,1.090625,0.3254838883876801,,,
30400,0.1112187713384628,1.16171875,0.383605420589447,,,
30410,0.110246828943491,1.09140625,0.2654014229774475,,,
30420,0.1120305448770523,1.083203125,0.2354574501514435,,,
30430,0.1097795464098454,1.1375,0.4610085189342499,,,
30440,0.1113070227205753,1.1390625,0.2980929315090179,,,
30450,0.1097508236765861,1.16953125,0.2263422459363937,,,
30460,0.1123077414929867,1.137109375,0.5415229201316833,,,
30470,0.110721281170845,1.10546875,0.4374628961086273,,,
30480,0.1126455552875996,1.137109375,0.2677418291568756,,,
30490,0.1093023888766766,1.13203125,0.4503291547298431,,,
30500,0.1069515712559223,1.119921875,0.2874663174152374,,,
30510,0.1119241401553154,1.13203125,0.4205232858657837,,,
30520,0.1051307797431946,1.11640625,0.3338417708873749,,,
30530,0.1055246531963348,1.090234375,0.2627440690994263,,,
30540,0.1100384429097176,1.134375,0.2471001744270325,,,
30550,0.1051256954669952,1.13828125,0.3984315395355225,,,
30560,0.1105680420994759,1.16875,0.3642043471336365,,,
30570,0.106731229275465,1.09375,0.4431614875793457,,,
30580,0.1113947227597237,1.140625,0.434803307056427,,,
30590,0.1085502773523331,1.13125,0.2712104916572571,,,
30600,0.1138768747448921,1.1140625,0.243579775094986,,,
30610,0.1076100379228592,1.11640625,0.2615151107311249,,,
30620,0.1104391373693943,1.15390625,0.2933107912540436,,,
30630,0.108701328933239,1.10625,0.2100730836391449,,,
30640,0.1040677063167095,1.09453125,0.2928050458431244,,,
30650,0.1046018205583095,1.129296875,0.3102525472640991,,,
30660,0.104648844897747,1.165625,0.5515168309211731,,,
30670,0.1112999558448791,1.137890625,0.3027619421482086,,,
30680,0.1053292937576771,1.12265625,0.2696655094623566,,,
30690,0.1095557197928429,1.16796875,0.4810048341751099,,,
30700,0.1099713183939457,1.10859375,0.3654956519603729,,,
30710,0.1111468583345413,1.117578125,0.3182738125324249,,,
30720,0.1087998628616333,1.1046875,0.2469398528337479,,,
30730,0.1048562280833721,1.1046875,0.4346748888492584,,,
30740,0.1130993895232677,1.103125,0.2631105780601501,,,
30750,0.1098999910056591,1.1390625,0.3640963137149811,,,
30760,0.1085678055882454,1.1484375,0.2853869199752808,,,
30770,0.1046090207993984,1.09609375,0.272004246711731,,,
30780,0.1066050678491592,1.1140625,0.2626643776893616,,,
30790,0.1067934960126877,1.13046875,0.413064569234848,,,
30800,0.1102324269711971,1.053515625,0.2550227344036102,,,
30810,0.1101671569049358,1.1671875,0.4140526354312897,,,
30820,0.1088463425636292,1.1203125,0.3500596284866333,,,
30830,0.1060891680419445,1.13671875,0.47357577085495,,,
30840,0.1097691938281059,1.15390625,0.6416043043136597,,,
30850,0.1107726648449898,1.1328125,0.2241031527519226,,,
30860,0.1095308110117912,1.08125,0.2519548237323761,,,
30870,0.1080316513776779,1.17421875,0.3644419610500336,,,
30880,0.1120500616729259,1.15234375,0.4509544670581818,,,
30890,0.1097315162420273,1.09609375,0.2814264595508575,,,
30900,0.1078177325427532,1.13671875,0.4560222327709198,,,
30910,0.1089424259960651,1.13125,0.3949315249919891,,,
30920,0.1086507596075535,1.1265625,0.3781838417053223,,,
30930,0.1087612517178059,1.160546875,0.765933632850647,,,
30940,0.1087938942015171,1.153125,0.2379114031791687,,,
30950,0.1087183408439159,1.180078125,0.4827774465084076,,,
30960,0.1072986416518688,1.09765625,0.4723063111305237,,,
30970,0.1122325360774994,1.039453125,0.4316838979721069,,,
30980,0.1068903759121895,1.134765625,0.339047372341156,,,
30990,0.1135453619062901,1.1421875,0.5969153046607971,,,
31000,0.1106100186705589,1.1328125,0.4083992838859558,0.6396569609642029,0.4218407796256979,0.5463464016061806
31010,0.1126593977212906,1.13984375,0.4745474457740784,,,
31020,0.1150355257093906,1.108203125,0.3468473255634308,,,
31030,0.1113667562603951,1.13828125,0.2101318389177322,,,
31040,0.1076414696872234,1.108203125,0.4965193569660187,,,
31050,0.1123429991304874,1.10703125,0.3463228642940521,,,
31060,0.1083154387772083,1.1484375,0.3665847480297089,,,
31070,0.1054918646812439,1.11015625,0.5049524307250977,,,
31080,0.1107152387499809,1.130859375,0.5208625197410583,,,
31090,0.1065319396555424,1.13671875,0.438551664352417,,,
31100,0.1055786050856113,1.0578125,0.4392270743846893,,,
31110,0.1066609278321266,1.159375,0.2525104880332947,,,
31120,0.112873549759388,1.1296875,0.2962422072887421,,,
31130,0.1108549259603024,1.121875,0.2535153925418854,,,
31140,0.1105873957276344,1.16875,0.5977699756622314,,,
31150,0.1082517705857754,1.1265625,0.3490097224712372,,,
31160,0.1086814776062965,1.15,0.3447335064411163,,,
31170,0.1131046675145626,1.176171875,0.5496254563331604,,,
31180,0.1080229535698891,1.076953125,0.29886594414711,,,
31190,0.1070300243794918,1.14296875,0.4129666984081268,,,
31200,0.1085818350315094,1.089453125,0.390132874250412,,,
31210,0.1075179450213909,1.1484375,0.5288904309272766,,,
31220,0.1078291825950146,1.107421875,0.2599847614765167,,,
31230,0.1115112587809563,1.1203125,0.294757753610611,,,
31240,0.1057711854577064,1.1671875,0.3307353556156158,,,
31250,0.1095004692673683,1.072265625,0.3718044757843018,,,
31260,0.1090424977242947,1.091015625,0.2455357164144516,,,
31270,0.1052747085690498,1.109375,0.2555516362190247,,,
31280,0.1105649173259735,1.11328125,0.491002231836319,,,
31290,0.1101661719381809,1.107421875,0.3847152292728424,,,
31300,0.1085125550627708,1.19296875,0.5116416215896606,,,
31310,0.1093999274075031,1.0765625,0.2603037059307098,,,
31320,0.1053748153150082,1.0953125,0.2318888455629349,,,
31330,0.1056055396795273,1.146484375,0.2259813994169235,,,
31340,0.1113143511116505,1.14375,0.2762240171432495,,,
31350,0.1106112994253635,1.086328125,0.3062807023525238,,,
31360,0.1114569343626499,1.11484375,0.2872951924800873,,,
31370,0.1107816480100155,1.10234375,0.3728916347026825,,,
31380,0.1107786454260349,1.124609375,0.3435068130493164,,,
31390,0.110770072042942,1.146484375,0.3246522545814514,,,
31400,0.1093240953981876,1.102734375,0.4048309624195099,,,
31410,0.1082178011536598,1.1421875,0.3506104052066803,,,
31420,0.1135720171034336,1.16640625,0.3361102938652039,,,
31430,0.1098498441278934,1.109375,0.3461934924125671,,,
31440,0.1071205720305443,1.11796875,0.3359847068786621,,,
31450,0.1101923108100891,1.16171875,0.2721478044986725,,,
31460,0.1102615542709827,1.11640625,0.4685910642147064,,,
31470,0.1082194738090038,1.11640625,0.3011179268360138,,,
31480,0.1078723214566708,1.11640625,0.3978030681610107,,,
31490,0.1068188324570656,1.139453125,0.4582192003726959,,,
31500,0.1059461429715157,1.107421875,0.324207603931427,,,
31510,0.1074052207171917,1.14375,0.4571890830993652,,,
31520,0.1115995667874813,1.090625,0.3708360195159912,,,
31530,0.1099453441798687,1.12734375,0.3219410181045532,,,
31540,0.1118066042661667,1.10390625,0.4821760356426239,,,
31550,0.1061971113085747,1.1375,0.2408067882061005,,,
31560,0.1076455265283585,1.14453125,0.2022378146648407,,,
31570,0.112626538425684,1.12734375,0.6233305335044861,,,
31580,0.106836948543787,1.065234375,0.3313998878002167,,,
31590,0.1064980909228325,1.064453125,0.2305729985237122,,,
31600,0.1065909445285797,1.075,0.2644839584827423,,,
31610,0.1067619897425175,1.10625,0.2767760157585144,,,
31620,0.1058504648506641,1.08671875,0.3072686791419983,,,
31630,0.1092550918459892,1.074609375,0.2550239264965057,,,
31640,0.1056460179388523,1.13359375,0.5190024375915527,,,
31650,0.1082045055925846,1.118359375,0.4852556586265564,,,
31660,0.1058228127658367,1.126171875,0.2861258983612061,,,
31670,0.1100244879722595,1.05625,0.2773661315441132,,,
31680,0.1119217529892921,1.113671875,0.4823625087738037,,,
31690,0.1070957101881504,1.171484375,0.2159357368946075,,,
31700,0.1109545394778252,1.15390625,0.4643684029579163,,,
31710,0.1064174301922321,1.08359375,0.3978060483932495,,,
31720,0.1110893979668617,1.11875,0.763283908367157,,,
31730,0.1107530124485493,1.1765625,0.3743205368518829,,,
31740,0.1089462958276272,1.13984375,0.288147360086441,,,
31750,0.1126791715621948,1.14609375,0.3212389647960663,,,
31760,0.1119661875069141,1.103125,0.4141119718551636,,,
31770,0.1062748521566391,1.087890625,0.2839505076408386,,,
31780,0.1068425007164478,1.1609375,0.2894847393035889,,,
31790,0.1049942001700401,1.08984375,0.4278712272644043,,,
31800,0.1043941602110863,1.096875,0.4905159771442413,,,
31810,0.1064585790038109,1.1296875,0.2811785936355591,,,
31820,0.1093012444674969,1.144921875,0.3752390444278717,,,
31830,0.1056373707950115,1.072265625,0.267125129699707,,,
31840,0.1058096021413803,1.1140625,0.2737749814987183,,,
31850,0.1099917016923428,1.129296875,0.1989690512418747,,,
31860,0.1081071294844151,1.09375,0.3774398863315582,,,
31870,0.1064631126821041,1.15,0.3258052170276642,,,
31880,0.1071636207401752,1.081640625,0.3065926432609558,,,
31890,0.1085208579897881,1.1,0.3896502256393433,,,
31900,0.1081464529037476,1.1109375,0.4398464262485504,,,
31910,0.1083471417427063,1.12734375,0.2306796163320541,,,
31920,0.10934898853302,1.071484375,0.4615347683429718,,,
31930,0.1119928434491158,1.18515625,0.284605085849762,,,
31940,0.1102277636528015,1.130078125,0.4926019310951233,,,
31950,0.1111917935311794,1.143359375,0.3142653405666351,,,
31960,0.1047366991639137,1.12265625,0.2730304896831512,,,
31970,0.1090063825249672,1.118359375,0.509218156337738,,,
31980,0.1067648589611054,1.101171875,0.2178349047899246,,,
31990,0.1058133102953434,1.11875,0.2496967017650604,,,
32000,0.1108443282544613,1.18828125,0.4355179667472839,0.6361002326011658,0.4283561946505307,0.5459414956278289
32010,0.1094858981668949,1.116796875,0.4703025221824646,,,
32020,0.1114622063934803,1.12109375,0.3139707446098328,,,
32030,0.1070641346275806,1.14453125,0.2397443205118179,,,
32040,0.1120247699320316,1.1390625,0.2679776251316071,,,
32050,0.1065339259803295,1.058984375,0.2626512944698334,,,
32060,0.1097905799746513,1.1234375,0.407250702381134,,,
32070,0.1025274433195591,1.08125,0.6225582361221313,,,
32080,0.1031537309288979,1.101171875,0.2803002297878265,,,
32090,0.1098949313163757,1.109765625,0.5462937951087952,,,
32100,0.1102069348096848,1.15234375,0.5447010397911072,,,
32110,0.1086541943252087,1.119921875,0.2478107661008835,,,
32120,0.1046752862632275,1.14375,0.481705367565155,,,
32130,0.1118468746542931,1.1265625,0.3783242106437683,,,
32140,0.1096612557768822,1.13046875,0.2240397185087204,,,
32150,0.1088804833590984,1.072265625,0.2578150928020477,,,
32160,0.1091206707060337,1.12421875,0.3344330787658691,,,
32170,0.1087124787271023,1.0875,0.3381323218345642,,,
32180,0.1081607289612293,1.133984375,0.2886960506439209,,,
32190,0.1087385028600693,1.1,0.2271259278059006,,,
32200,0.112165866792202,1.1109375,0.2292029112577438,,,
32210,0.1085332959890366,1.100390625,0.2566199898719788,,,
32220,0.1095031529664993,1.11640625,0.3409722745418549,,,
32230,0.1101158380508423,1.115234375,0.394489973783493,,,
32240,0.1055625706911087,1.14375,0.2646864056587219,,,
32250,0.1056427903473377,1.1375,0.3330120444297791,,,
32260,0.1068962298333645,1.1109375,0.1949034631252289,,,
32270,0.107922138273716,1.10546875,0.3284634351730347,,,
32280,0.1056893050670624,1.089453125,0.449601948261261,,,
32290,0.1064828477799892,1.1078125,0.5734913349151611,,,
32300,0.1080532059073448,1.115234375,0.2984594106674194,,,
32310,0.108060472458601,1.1453125,0.3818134665489197,,,
32320,0.1094401426613331,1.115625,0.27134770154953,,,
32330,0.1094491563737392,1.16171875,0.4276486337184906,,,
32340,0.1057137653231621,1.1265625,0.4598923027515411,,,
32350,0.109020335227251,1.108984375,0.270776629447937,,,
32360,0.1093429319560528,1.14140625,0.4503963887691498,,,
32370,0.108472067117691,1.1234375,0.3639849126338959,,,
32380,0.1124888882040977,1.12421875,0.3437104523181915,,,
32390,0.109387181699276,1.134375,0.4130394458770752,,,
32400,0.1064396031200886,1.09921875,0.313699334859848,,,
32410,0.1057564713060856,1.14921875,0.4054248929023743,,,
32420,0.1034629374742508,1.064453125,0.370330274105072,,,
32430,0.108110923320055,1.13359375,0.2800283432006836,,,
32440,0.1095401778817177,1.13046875,0.2929877638816833,,,
32450,0.1070108287036419,1.105859375,0.3821326792240143,,,
32460,0.109396293759346,1.048046875,0.2783591151237488,,,
32470,0.1082410633563995,1.13828125,0.4246357083320618,,,
32480,0.1062546238303184,1.08515625,0.3064083158969879,,,
32490,0.1084599539637566,1.13828125,0.2758449912071228,,,
32500,0.104582205414772,1.08203125,0.3223091065883636,,,
32510,0.1093844830989838,1.11328125,0.2450971305370331,,,
32520,0.1054082356393337,1.0796875,0.3259209394454956,,,
32530,0.1058495700359345,1.1578125,0.3201592862606049,,,
32540,0.1074366815388203,1.11328125,0.3209444284439087,,,
32550,0.1085542321205139,1.0703125,0.3659297227859497,,,
32560,0.1119088739156723,1.134375,0.3365694880485535,,,
32570,0.1072645992040634,1.113671875,0.43437260389328,,,
32580,0.1080164685845375,1.09375,0.2971963584423065,,,
32590,0.1087482996284962,1.13125,0.4510582387447357,,,
32600,0.1070798188447952,1.1796875,0.4329161942005157,,,
32610,0.109993801265955,1.091015625,0.3031696379184723,,,
32620,0.1066366575658321,1.076171875,0.4091233015060425,,,
32630,0.1073658980429173,1.12265625,0.4775810837745667,,,
32640,0.1076382033526897,1.147265625,0.4506231844425201,,,
32650,0.1004514873027802,1.123046875,0.2294087260961533,,,
32660,0.1059386506676674,1.087109375,0.3408509790897369,,,
32670,0.1080325961112976,1.120703125,0.3916376829147339,,,
32680,0.1047510154545307,1.09140625,0.3355331420898438,,,
32690,0.1099597781896591,1.1265625,0.2258613556623459,,,
32700,0.1086497344076633,1.125390625,0.4000675678253174,,,
32710,0.1068773709237576,1.13203125,0.2893307209014893,,,
32720,0.1082009583711624,1.1171875,0.458986222743988,,,
32730,0.1076971247792244,1.1140625,0.4827550947666168,,,
32740,0.1067236937582493,1.098828125,0.2389673441648483,,,
32750,0.1041907168924809,1.074609375,0.2476398199796677,,,
32760,0.1048825025558472,1.10390625,0.3383811116218567,,,
32770,0.1103772610425949,1.14453125,0.3022524118423462,,,
32780,0.1082843512296677,1.103515625,0.3519582152366638,,,
32790,0.1038139775395393,1.0921875,0.4920199513435364,,,
32800,0.1093057066202164,1.13046875,0.2135707885026932,,,
32810,0.108754475414753,1.10078125,0.3021013736724854,,,
32820,0.1066263131797314,1.14609375,0.2754773497581482,,,
32830,0.1064967446029186,1.140234375,0.2409342378377914,,,
32840,0.1053279221057892,1.115625,0.4090076386928558,,,
32850,0.1069877572357655,1.0953125,0.2637960016727448,,,
32860,0.1143305994570255,1.146875,0.5218908190727234,,,
32870,0.1079597376286983,1.153125,0.3126199841499329,,,
32880,0.1077416196465492,1.080859375,0.2383177876472473,,,
32890,0.1087360337376595,1.119140625,0.4153138399124146,,,
32900,0.1056873768568039,1.14453125,0.3338095545768738,,,
32910,0.1078538171947002,1.11328125,0.5520051121711731,,,
32920,0.1068423047661781,1.087109375,0.3367770910263062,,,
32930,0.1022917442023754,1.0890625,0.2866747677326202,,,
32940,0.1076464965939522,1.10625,0.2965571582317352,,,
32950,0.1050984911620617,1.112109375,0.3197709619998932,,,
32960,0.1041025124490261,1.11328125,0.494565337896347,,,
32970,0.1094719141721725,1.133203125,0.3481342494487762,,,
32980,0.1113946102559566,1.12109375,0.190061554312706,,,
32990,0.1069352127611637,1.15546875,0.450096607208252,,,
33000,0.1083311595022678,1.126171875,0.370600700378418,0.6387828588485718,0.4263921095487866,0.5345451379859613
33010,0.105499467253685,1.12578125,0.2788187265396118,,,
33020,0.1042363308370113,1.084375,0.2347974181175232,,,
33030,0.1087003514170647,1.14921875,0.248217448592186,,,
33040,0.107087317854166,1.15390625,0.5513160824775696,,,
33050,0.1094989448785782,1.09140625,0.3638040721416473,,,
33060,0.106622538715601,1.133203125,0.2994252443313599,,,
33070,0.1095672309398651,1.13125,0.2751072347164154,,,
33080,0.1052105620503426,1.13984375,0.3153056800365448,,,
33090,0.1057237386703491,1.094140625,0.5665206909179688,,,
33100,0.1091046817600727,1.1671875,0.3778365552425385,,,
33110,0.1065412402153015,1.10390625,0.2604915797710419,,,
33120,0.1073508568108082,1.104296875,0.4081189334392548,,,
33130,0.1092858105897903,1.122265625,0.2722879946231842,,,
33140,0.1076155610382557,1.11640625,0.3550349473953247,,,
33150,0.1099807493388653,1.151953125,0.2588981688022614,,,
33160,0.1052834331989288,1.084375,0.3888284862041473,,,
33170,0.1075806006789208,1.12265625,0.3917525708675385,,,
33180,0.1056500867009163,1.13203125,0.3573723137378693,,,
33190,0.1062496088445187,1.11015625,0.5296121835708618,,,
33200,0.1032760947942734,1.078515625,0.3161913156509399,,,
33210,0.1084970943629742,1.1171875,0.2655574977397919,,,
33220,0.1084181107580662,1.1453125,0.4626419544219971,,,
33230,0.1038858294487,1.0859375,0.2597000896930695,,,
33240,0.1090934865176678,1.055078125,0.2384281754493713,,,
33250,0.1074458099901676,1.14296875,0.3720976114273071,,,
33260,0.1075649917125702,1.0953125,0.3140342831611633,,,
33270,0.1063146509230137,1.100390625,0.3765377402305603,,,
33280,0.112755298614502,1.1359375,0.4765775799751282,,,
33290,0.104386992007494,1.1125,0.3109529614448547,,,
33300,0.1055664651095867,1.0796875,0.4412808418273926,,,
33310,0.1102648720145225,1.125,0.344519317150116,,,
33320,0.1060295857489109,1.096875,0.2741785645484924,,,
33330,0.1032069131731987,1.11328125,0.3151039481163025,,,
33340,0.1037982977926731,1.124609375,0.2552768290042877,,,
33350,0.1087695434689522,1.0890625,0.2756195962429047,,,
33360,0.1056047275662422,1.13515625,0.2923900783061981,,,
33370,0.1056266911327839,1.095703125,0.2547113299369812,,,
33380,0.1099397003650665,1.121484375,0.425925999879837,,,
33390,0.1111729174852371,1.140625,0.2612352967262268,,,
33400,0.1101958997547627,1.08515625,0.3364677429199219,,,
33410,0.1085022866725922,1.1109375,0.5760481357574463,,,
33420,0.1075494632124901,1.15,0.3393092751502991,,,
33430,0.1067329280078411,1.11171875,0.2924452722072601,,,
33440,0.1085739731788635,1.13828125,0.3032925426959991,,,
33450,0.108480629324913,1.12890625,0.2685902416706085,,,
33460,0.1083371117711067,1.109765625,0.3181844353675842,,,
33470,0.107082536816597,1.1546875,0.3233482837677002,,,
33480,0.1078979954123497,1.1390625,0.3697119951248169,,,
33490,0.1058480262756348,1.0765625,0.3139548599720001,,,
33500,0.106672241538763,1.140625,0.2879624664783478,,,
33510,0.1083401277661324,1.074609375,0.3087340593338013,,,
33520,0.1094594471156597,1.12734375,0.3099641799926758,,,
33530,0.105501364916563,1.121484375,0.2298840284347534,,,
33540,0.1062707222998142,1.125,0.2601097226142883,,,
33550,0.1075215317308903,1.08203125,0.2974990010261536,,,
33560,0.1073117464780808,1.110546875,0.2602536976337433,,,
33570,0.1055050514638424,1.09921875,0.5381248593330383,,,
33580,0.1086962379515171,1.10390625,0.2594508826732635,,,
33590,0.1047699280083179,1.11953125,0.3262311816215515,,,
33600,0.1102186821401119,1.137109375,0.2596635818481445,,,
33610,0.1024003155529499,1.128125,0.341840386390686,,,
33620,0.1064879655838013,1.0984375,0.3985460102558136,,,
33630,0.1032854728400707,1.12421875,0.2787480652332306,,,
33640,0.1053171433508396,1.123828125,0.2299641370773315,,,
33650,0.1123508058488369,1.11953125,0.2679007053375244,,,
33660,0.1042651019990444,1.106640625,0.2780698835849762,,,
33670,0.1079951256513596,1.0828125,0.3772996068000793,,,
33680,0.1043805673718452,1.135546875,0.3702343106269836,,,
33690,0.1100788198411465,1.143359375,0.3372412025928497,,,
33700,0.1060121446847916,1.046484375,0.3051172196865082,,,
33710,0.1082480549812317,1.148046875,0.2400815337896347,,,
33720,0.1106416054069996,1.13984375,0.4315991103649139,,,
33730,0.1047832764685154,1.1609375,0.3594128489494324,,,
33740,0.1053873844444752,1.06953125,0.2654619812965393,,,
33750,0.1069599583745003,1.135546875,0.232791930437088,,,
33760,0.1084714189171791,1.140625,0.3241871297359467,,,
33770,0.1073799453675747,1.08046875,0.2890742421150208,,,
33780,0.106696967035532,1.1703125,0.4240603446960449,,,
33790,0.1079263165593147,1.153125,0.4200297296047211,,,
33800,0.1116321578621864,1.1109375,0.3918279111385345,,,
33810,0.1024477303028107,1.11171875,0.2385841906070709,,,
33820,0.1048431970179081,1.104296875,0.3275848925113678,,,
33830,0.1037104405462742,1.1078125,0.3815801739692688,,,
33840,0.1045577116310596,1.15859375,0.2311961054801941,,,
33850,0.1070824854075909,1.06015625,0.2862667739391327,,,
33860,0.1097267463803291,1.1171875,0.3686302304267883,,,
33870,0.1023256652057171,1.1203125,0.2981367111206055,,,
33880,0.1070794202387333,1.13046875,0.2902712821960449,,,
33890,0.1078904300928116,1.07734375,0.5025373101234436,,,
33900,0.1060458369553089,1.1296875,0.3701799809932709,,,
33910,0.1058271929621696,1.11171875,0.2835505902767181,,,
33920,0.1075421847403049,1.10625,0.2671002447605133,,,
33930,0.1074415609240532,1.11640625,0.2273697555065155,,,
33940,0.1101737342774868,1.103125,0.3590729832649231,,,
33950,0.1040267311036587,1.113671875,0.253813773393631,,,
33960,0.109308584779501,1.120703125,0.3359323740005493,,,
33970,0.1082939572632313,1.058203125,0.4433291852474213,,,
33980,0.1098456308245659,1.100390625,0.3031061589717865,,,
33990,0.1042569614946842,1.107421875,0.3010483682155609,,,
34000,0.1070270076394081,1.11484375,0.3782450258731842,0.6358906626701355,0.4260263764731723,0.5447351795390929
34010,0.1072359494864941,1.126953125,0.3094433844089508,,,
34020,0.1070075236260891,1.08515625,0.3616641163825989,,,
34030,0.1040338531136513,1.1015625,0.3047062158584595,,,
34040,0.1057500891387463,1.1578125,0.3435966074466705,,,
34050,0.108746125549078,1.078515625,0.2743511497974396,,,
34060,0.1087865114212036,1.098828125,0.4798766374588013,,,
34070,0.1057551763951778,1.060546875,0.3243097364902496,,,
34080,0.1047432579100132,1.16015625,0.2931114733219147,,,
34090,0.1076089054346085,1.1421875,0.2897138893604279,,,
34100,0.1074472457170486,1.058203125,0.4908910989761353,,,
34110,0.1070845477283001,1.08515625,0.4684584736824036,,,
34120,0.10700673609972,1.09921875,0.2584045827388763,,,
34130,0.1091767489910126,1.112890625,0.4128441214561462,,,
34140,0.1082730926573277,1.116796875,0.3682063817977905,,,
34150,0.1041909001767635,1.121875,0.3134605288505554,,,
34160,0.1050181090831757,1.08125,0.2043183445930481,,,
34170,0.1038750924170017,1.117578125,0.2149111032485962,,,
34180,0.1063309945166111,1.083203125,0.5819758176803589,,,
34190,0.106955923140049,1.15390625,0.2928327918052673,,,
34200,0.1058304816484451,1.084375,0.4181596338748932,,,
34210,0.1041839882731438,1.114453125,0.3492018580436707,,,
34220,0.1078395985066891,1.121875,0.2816774547100067,,,
34230,0.1064710408449173,1.0578125,0.2702707648277283,,,
34240,0.1077830620110035,1.096875,0.3233001828193665,,,
34250,0.1040028758347034,1.140625,0.2679806053638458,,,
34260,0.1059354089200497,1.076171875,0.4536206722259521,,,
34270,0.10861926227808,1.11015625,0.2950658202171326,,,
34280,0.105135789513588,1.13125,0.2907214462757111,,,
34290,0.105029371380806,1.146875,0.286182314157486,,,
34300,0.1114147663116455,1.08359375,0.4230215549468994,,,
34310,0.1081856571137905,1.073828125,0.3248322308063507,,,
34320,0.1078158617019653,1.10703125,0.3053141534328461,,,
34330,0.1097094729542732,1.15703125,0.296206533908844,,,
34340,0.1058095678687096,1.0828125,0.3183870613574982,,,
34350,0.1043034330010414,1.091796875,0.48475381731987,,,
34360,0.1034815557301045,1.1390625,0.468565434217453,,,
34370,0.1130652628839016,1.1234375,0.3039466440677643,,,
34380,0.1061677418649197,1.10703125,0.2673840224742889,,,
34390,0.1059416875243187,1.096875,0.2374128103256226,,,
34400,0.1075508788228035,1.091796875,0.2358489632606506,,,
34410,0.107614379376173,1.1109375,0.3139813840389252,,,
34420,0.1030908234417438,1.08515625,0.5577815771102905,,,
34430,0.1095980957150459,1.11484375,0.4091091156005859,,,
34440,0.1066581308841705,1.103125,0.4508439004421234,,,
34450,0.1100478231906891,1.13125,0.391685426235199,,,
34460,0.107734115421772,1.114453125,0.3758486211299896,,,
34470,0.1076029077172279,1.1515625,0.3043448030948639,,,
34480,0.104282596707344,1.073046875,0.3137243986129761,,,
34490,0.1062788493931293,1.126171875,0.2224791049957275,,,
34500,0.1033304080367088,1.12890625,0.348844438791275,,,
34510,0.1070238403975964,1.089453125,0.3214811980724335,,,
34520,0.107864110916853,1.12734375,0.3948455452919006,,,
34530,0.1088640965521336,1.125,0.4772870242595673,,,
34540,0.107865384221077,1.06796875,0.4161284267902374,,,
34550,0.1023491591215134,1.08984375,0.3777524828910828,,,
34560,0.1045644879341125,1.15859375,0.3045908808708191,,,
34570,0.1083082787692547,1.118359375,0.2559452652931213,,,
34580,0.1052638091146946,1.08671875,0.284650444984436,,,
34590,0.1050058484077454,1.06328125,0.2786376476287842,,,
34600,0.1056825794279575,1.13203125,0.2431903034448624,,,
34610,0.1072920992970467,1.125,0.3254472017288208,,,
34620,0.1099855750799179,1.15234375,0.3061949908733368,,,
34630,0.111706517636776,1.1234375,0.4887154996395111,,,
34640,0.1047798685729504,1.08046875,0.3058899343013763,,,
34650,0.1024116046726704,1.07890625,0.3463136553764343,,,
34660,0.1072385385632515,1.130859375,0.6223541498184204,,,
34670,0.1106602177023888,1.096875,0.3971008062362671,,,
34680,0.1079304471611977,1.12890625,0.6372018456459045,,,
34690,0.1092664204537868,1.08828125,0.4223371148109436,,,
34700,0.1054669976234436,1.09296875,0.3291980922222137,,,
34710,0.1068110823631287,1.11328125,0.2346322983503342,,,
34720,0.1085340283811092,1.08515625,0.4370937943458557,,,
34730,0.1050633400678635,1.078125,0.394831657409668,,,
34740,0.1040334068238735,1.119140625,0.2547515630722046,,,
34750,0.1028628058731556,1.096484375,0.2499019652605057,,,
34760,0.1077044904232025,1.09921875,0.2430807054042816,,,
34770,0.1051669903099537,1.055078125,0.3081059455871582,,,
34780,0.1027882486581802,1.1359375,0.3797107636928558,,,
34790,0.1042846858501434,1.05390625,0.2849509418010712,,,
34800,0.1031434215605259,1.083984375,0.3898420333862305,,,
34810,0.104650541394949,1.125,0.2341548502445221,,,
34820,0.1033271789550781,1.127734375,0.3038645386695862,,,
34830,0.1081677228212357,1.089453125,0.2958558797836304,,,
34840,0.1076292715966702,1.13515625,0.3447515964508057,,,
34850,0.1069843009114265,1.10546875,0.2731194794178009,,,
34860,0.1058299317955971,1.115625,0.3124110102653503,,,
34870,0.1082123339176178,1.12109375,0.2072633653879166,,,
34880,0.1051602490246296,1.1390625,0.3295160233974457,,,
34890,0.1022852249443531,1.108984375,0.2513996362686157,,,
34900,0.1057363219559193,1.103125,0.3974484801292419,,,
34910,0.1076251737773418,1.104296875,0.4075667560100555,,,
34920,0.111064089089632,1.07578125,0.2494027763605118,,,
34930,0.1019143857061863,1.0859375,0.3350563943386078,,,
34940,0.1094886839389801,1.121875,0.3134320080280304,,,
34950,0.1086526811122894,1.1109375,0.253030925989151,,,
34960,0.1050648957490921,1.063671875,0.2851251363754272,,,
34970,0.1045103333890438,1.12578125,0.2866119742393494,,,
34980,0.1068918757140636,1.110546875,0.5429430603981018,,,
34990,0.1062958650290966,1.12109375,0.2234378010034561,,,
35000,0.1038831375539303,1.091796875,0.4257970750331879,0.6368458867073059,0.4206204384341801,0.5520665478079588
35010,0.112725505977869,1.134375,0.2128854393959045,,,
35020,0.1103840969502926,1.119140625,0.4534793198108673,,,
35030,0.1055648922920227,1.1109375,0.4018310904502869,,,
35040,0.1065843887627125,1.130859375,0.3832727074623108,,,
35050,0.1065363846719265,1.087109375,0.3730390965938568,,,
35060,0.1069485180079937,1.12578125,0.4521293342113495,,,
35070,0.1069944128394127,1.1078125,0.1988726258277893,,,
35080,0.1080901741981506,1.10703125,0.3466296494007111,,,
35090,0.1083969779312611,1.126953125,0.3710072338581085,,,
35100,0.1082016974687576,1.109375,0.3475666642189026,,,
35110,0.1043781563639641,1.15,0.2541874647140503,,,
35120,0.1051216177642345,1.114453125,0.2777049541473389,,,
35130,0.1070083171129227,1.08359375,0.2788256406784058,,,
35140,0.1047872677445412,1.07265625,0.2947623729705811,,,
35150,0.1081959523260593,1.093359375,0.3094623684883118,,,
35160,0.1078560121357441,1.18046875,0.5061497092247009,,,
35170,0.1047015100717545,1.09140625,0.2790812849998474,,,
35180,0.1032022692263126,1.09375,0.3278391659259796,,,
35190,0.1009168453514576,1.048828125,0.4999236464500427,,,
35200,0.1091121837496758,1.1265625,0.4044262766838074,,,
35210,0.1078490883111954,1.1265625,0.2534143626689911,,,
35220,0.1079909592866898,1.1390625,0.2349013835191727,,,
35230,0.1064090467989445,1.115234375,0.4058712720870972,,,
35240,0.104938979446888,1.09140625,0.3228742182254791,,,
35250,0.1053237818181515,1.120703125,0.4560731947422028,,,
35260,0.1074236482381821,1.090625,0.2634925246238708,,,
35270,0.1074854642152786,1.09609375,0.2017290890216827,,,
35280,0.1058767296373844,1.094140625,0.5577601790428162,,,
35290,0.1034715913236141,1.094140625,0.3082587122917175,,,
35300,0.1065853744745255,1.159375,0.5254419445991516,,,
35310,0.1090869501233101,1.115625,0.3150103390216827,,,
35320,0.1077502638101578,1.121484375,0.1812274158000946,,,
35330,0.1023128993809223,1.07265625,0.36573326587677,,,
35340,0.1014684766530991,1.057421875,0.3204062283039093,,,
35350,0.1058167912065983,1.065234375,0.3135814666748047,,,
35360,0.1053704954683781,1.1015625,0.3866604864597321,,,
35370,0.103937216848135,1.10234375,0.3029327094554901,,,
35380,0.1046992756426334,1.088671875,0.3569251894950867,,,
35390,0.1058730572462082,1.09765625,0.3587368428707123,,,
35400,0.1075561121106148,1.1171875,0.2982560694217682,,,
35410,0.1040669687092304,1.094921875,0.3214585483074188,,,
35420,0.1062322594225407,1.08046875,0.2682246565818787,,,
35430,0.1040433555841446,1.10546875,0.3935009241104126,,,
35440,0.1063355192542076,1.108203125,0.266536146402359,,,
35450,0.1027788177132607,1.0828125,0.3592327535152435,,,
35460,0.1073028989136219,1.1234375,0.2906996011734009,,,
35470,0.1007322140038013,1.11796875,0.4657006561756134,,,
35480,0.1095671273767948,1.11640625,0.393995076417923,,,
35490,0.1021503776311874,1.146875,0.3573392033576965,,,
35500,0.104980593174696,1.11953125,0.3557941615581512,,,
35510,0.1054477870464325,1.117578125,0.4497813582420349,,,
35520,0.1105129592120647,1.07890625,0.3783326745033264,,,
35530,0.1052374474704266,1.11953125,0.3820132911205292,,,
35540,0.1048609726130962,1.064453125,0.2291796505451202,,,
35550,0.1047270029783249,1.1125,0.2156249284744263,,,
35560,0.1038069486618042,1.14765625,0.3651278018951416,,,
35570,0.1052380681037903,1.11875,0.2504099309444427,,,
35580,0.1089889511466026,1.1078125,0.2609618902206421,,,
35590,0.1053187392652035,1.11796875,0.3787527978420258,,,
35600,0.1046597003936768,1.140625,0.2818157076835632,,,
35610,0.1074680179357529,1.11015625,0.3060025572776794,,,
35620,0.1037936344742775,1.1578125,0.2773955762386322,,,
35630,0.1049064718186855,1.1234375,0.3286153078079224,,,
35640,0.1044705770909786,1.071875,0.2128041684627533,,,
35650,0.1062743835151196,1.126171875,0.2914477288722992,,,
35660,0.1026147373020649,1.07578125,0.2894695103168488,,,
35670,0.1055566005408764,1.0890625,0.3583561778068542,,,
35680,0.1058828696608543,1.06015625,0.2569517493247986,,,
35690,0.1053720042109489,1.084375,0.2698101699352264,,,
35700,0.1037859000265598,1.1140625,0.2763645648956299,,,
35710,0.1093888700008392,1.102734375,0.2475768178701401,,,
35720,0.108477047085762,1.1,0.3145875632762909,,,
35730,0.0996610321104526,1.09765625,0.2884094417095184,,,
35740,0.1010604687035084,1.06796875,0.3256958723068237,,,
35750,0.1086587324738502,1.121875,0.2510827779769897,,,
35760,0.1072150468826294,1.09140625,0.2554585933685303,,,
35770,0.1059316776692867,1.118359375,0.2401896864175797,,,
35780,0.1082337386906147,1.10703125,0.6516732573509216,,,
35790,0.1045448988676071,1.080859375,0.3187137544155121,,,
35800,0.1065337680280209,1.1421875,0.5883222818374634,,,
35810,0.1068252451717853,1.073046875,0.3545560240745544,,,
35820,0.1098919451236725,1.15234375,0.3598870933055878,,,
35830,0.1010724663734436,1.134375,0.2597028613090515,,,
35840,0.1076099902391434,1.1203125,0.6090519428253174,,,
35850,0.1032658398151398,1.13125,0.5498500466346741,,,
35860,0.1095247775316238,1.155078125,0.3216289877891541,,,
35870,0.1065707668662071,1.11171875,0.3566180467605591,,,
35880,0.1089675433933735,1.13984375,0.1986277252435684,,,
35890,0.1074064426124096,1.10546875,0.3506026864051819,,,
35900,0.1017652407288551,1.069921875,0.2457260489463806,,,
35910,0.107223778963089,1.094140625,0.3385152816772461,,,
35920,0.1074396260082722,1.093359375,0.2497334033250809,,,
35930,0.1044631525874138,1.096875,0.4909673631191254,,,
35940,0.0988822340965271,1.11015625,0.2909168004989624,,,
35950,0.1032184779644012,1.074609375,0.3876800835132599,,,
35960,0.1021714262664318,1.073828125,0.2582724094390869,,,
35970,0.1036773018538952,1.09765625,0.2221006453037262,,,
35980,0.1090455748140812,1.089453125,0.43206986784935,,,
35990,0.1021013736724854,1.099609375,0.2224003374576569,,,
36000,0.1028793618083,1.124609375,0.5431009531021118,0.6411656141281128,0.4092214256189016,0.545533863428109
36010,0.1087542243301868,1.0828125,0.1819149404764175,,,
36020,0.108236226439476,1.11328125,0.2715169191360474,,,
36030,0.1068979181349277,1.154296875,0.3547938764095306,,,
36040,0.1014447398483753,1.086328125,0.2122882604598999,,,
36050,0.1066811047494411,1.13359375,0.3362290263175964,,,
36060,0.1080828301608562,1.091796875,0.4247912764549255,,,
36070,0.1044605173170567,1.1,0.4011290371417999,,,
36080,0.1058403350412846,1.11796875,0.4781709611415863,,,
36090,0.1068840458989143,1.146484375,0.3270261883735657,,,
36100,0.1022377960383892,1.1046875,0.2437224984169006,,,
36110,0.1070839375257492,1.110546875,0.3289182484149933,,,
36120,0.1033902540802956,1.1609375,0.4973139762878418,,,
36130,0.1025823049247265,1.07421875,0.4705565571784973,,,
36140,0.1016355253756046,1.104296875,0.3616513609886169,,,
36150,0.1044069156050682,1.0859375,0.4043790102005005,,,
36160,0.1035140596330166,1.1328125,0.2468056082725525,,,
36170,0.1058119378983974,1.08046875,0.4019362926483154,,,
36180,0.1035390473902225,1.0984375,0.4384350180625916,,,
36190,0.0999215148389339,1.071484375,0.1716505587100983,,,
36200,0.1030145771801472,1.07109375,0.2406847029924393,,,
36210,0.1026019893586636,1.136328125,0.22044737637043,,,
36220,0.1063043132424355,1.1140625,0.233881026506424,,,
36230,0.1072954796254635,1.080078125,0.2875121533870697,,,
36240,0.1071050234138966,1.127734375,0.3651348948478699,,,
36250,0.1086924850940704,1.084375,0.529507040977478,,,
36260,0.1066123224794865,1.1015625,0.4522443413734436,,,
36270,0.1049763076007366,1.07578125,0.3694746196269989,,,
36280,0.1066901810467243,1.1328125,0.3762795031070709,,,
36290,0.1065800160169601,1.09765625,0.2248888909816742,,,
36300,0.1047241009771824,1.11953125,0.2056796550750732,,,
36310,0.1040383085608482,1.06015625,0.3182834386825562,,,
36320,0.1043899364769459,1.0671875,0.32255819439888,,,
36330,0.1070475086569786,1.09140625,0.3400121629238129,,,
36340,0.1080918371677399,1.15546875,0.2596232295036316,,,
36350,0.1086453668773174,1.08046875,0.2087315768003464,,,
36360,0.1067182347178459,1.06484375,0.3189829885959625,,,
36370,0.1034089758992195,1.13359375,0.2803564071655273,,,
36380,0.1066412925720215,1.095703125,0.2380988299846649,,,
36390,0.1048844031989574,1.090625,0.404159277677536,,,
36400,0.1073350869119167,1.14609375,0.4777061343193054,,,
36410,0.1106813363730907,1.09296875,0.4428295195102692,,,
36420,0.1053262606263161,1.15390625,0.3718278408050537,,,
36430,0.1086020208895206,1.094140625,0.3180549442768097,,,
36440,0.105345780402422,1.087890625,0.2224510312080383,,,
36450,0.1046965055167675,1.1203125,0.4037370383739471,,,
36460,0.1030160799622536,1.0765625,0.3438110649585724,,,
36470,0.105684456974268,1.03828125,0.4057847559452057,,,
36480,0.1052500426769257,1.090625,0.3293918669223785,,,
36490,0.1063963755965233,1.1109375,0.2743254005908966,,,
36500,0.1070559531450272,1.11171875,0.3436722755432129,,,
36510,0.1039263226091862,1.128515625,0.2629218399524689,,,
36520,0.1062274925410747,1.11796875,0.4360924363136292,,,
36530,0.1029440864920616,1.10546875,0.3927461802959442,,,
36540,0.1087580926716328,1.065625,0.3765609264373779,,,
36550,0.105877199023962,1.122265625,0.2538755536079407,,,
36560,0.1042682386934757,1.06640625,0.3107194006443024,,,
36570,0.1065731517970562,1.165234375,0.2425278872251511,,,
36580,0.1047660626471043,1.0640625,0.3574255108833313,,,
36590,0.0995500862598419,1.081640625,0.293270617723465,,,
36600,0.1019936554133892,1.065234375,0.2432050555944443,,,
36610,0.1030333682894707,1.089453125,0.359932005405426,,,
36620,0.1038468919694424,1.079296875,0.3664307296276093,,,
36630,0.1054394394159317,1.092578125,0.4039080440998077,,,
36640,0.1099787101149559,1.091015625,0.3138687908649445,,,
36650,0.1058710359036922,1.096875,0.2283761948347092,,,
36660,0.1073712736368179,1.078515625,0.2565372288227081,,,
36670,0.1042792439460754,1.16015625,0.3386147022247314,,,
36680,0.10362703576684,1.12890625,0.2916835248470306,,,
36690,0.1040041171014309,1.11484375,0.346114307641983,,,
36700,0.1035852320492268,1.14921875,0.3893093168735504,,,
36710,0.1066539354622364,1.0796875,0.4269446134567261,,,
36720,0.1049837037920952,1.084765625,0.3217682242393494,,,
36730,0.1068323656916618,1.14609375,0.2538911104202271,,,
36740,0.1090802058577538,1.1671875,0.2976075708866119,,,
36750,0.1037373371422291,1.13515625,0.3870636820793152,,,
36760,0.1044316306710243,1.073828125,0.1775854974985123,,,
36770,0.1092016391456127,1.115625,0.3285413086414337,,,
36780,0.1085863493382931,1.1265625,0.2393211424350739,,,
36790,0.1032638527452946,1.092578125,0.4879955947399139,,,
36800,0.1097545020282269,1.11328125,0.327796071767807,,,
36810,0.1072873137891293,1.0734375,0.3721876740455627,,,
36820,0.103805286437273,1.05546875,0.1832193285226822,,,
36830,0.1047998405992985,1.1125,0.3905917704105377,,,
36840,0.1058188706636429,1.091015625,0.2209665924310684,,,
36850,0.1065346777439117,1.127734375,0.3780175745487213,,,
36860,0.104831126332283,1.073828125,0.2376788407564163,,,
36870,0.1004604801535606,1.066796875,0.2638805508613586,,,
36880,0.1027664817869663,1.15703125,0.2336234152317047,,,
36890,0.1064774140715599,1.092578125,0.3751534223556519,,,
36900,0.1052865758538246,1.094140625,0.363492876291275,,,
36910,0.1053806304931641,1.140625,0.2491610497236252,,,
36920,0.1043399952352047,1.1171875,0.3946116268634796,,,
36930,0.1025102749466896,1.06875,0.4304780066013336,,,
36940,0.1043545782566071,1.1765625,0.2576859295368195,,,
36950,0.104005890339613,1.0953125,0.3750671148300171,,,
36960,0.1047382295131683,1.095703125,0.318184107542038,,,
36970,0.1008607499301434,1.064453125,0.1848812103271484,,,
36980,0.099893432855606,1.137890625,0.2587020397186279,,,
36990,0.1059385374188423,1.087890625,0.5551276206970215,,,
37000,0.1060074649751186,1.022265625,0.203924685716629,0.6421787738800049,0.4177774992152222,0.5479729425494992
37010,0.1093315698206425,1.144140625,0.1976475566625595,,,
37020,0.1068935863673687,1.125390625,0.3940794467926025,,,
37030,0.103792155534029,1.084765625,0.4539610147476196,,,
37040,0.106361935287714,1.054296875,0.2365702390670776,,,
37050,0.1001595854759216,1.102734375,0.2667104601860046,,,
37060,0.1061397232115269,1.073046875,0.2985734641551971,,,
37070,0.1016490437090397,1.05390625,0.2774834632873535,,,
37080,0.1078526094555855,1.114453125,0.3806281387805939,,,
37090,0.1049407869577408,1.07421875,0.3961467146873474,,,
37100,0.1058608524501324,1.08125,0.2844288051128387,,,
37110,0.1071077674627304,1.090625,0.3214586675167084,,,
37120,0.1062002420425415,1.116015625,0.2837623059749603,,,
37130,0.1064120575785637,1.12421875,0.3128640353679657,,,
37140,0.1067670814692974,1.090234375,0.3493359386920929,,,
37150,0.1061756864190102,1.061328125,0.3881433308124542,,,
37160,0.1022444918751717,1.04921875,0.3190237283706665,,,
37170,0.1053804948925972,1.14375,0.1996174603700638,,,
37180,0.1064897768199444,1.08515625,0.3771129250526428,,,
37190,0.1038584791123867,1.15,0.3807860016822815,,,
37200,0.1044371791183949,1.046484375,0.2353965491056442,,,
37210,0.1036555856466293,1.07109375,0.3217925727367401,,,
37220,0.1052489586174488,1.113671875,0.3687522709369659,,,
37230,0.1033456869423389,1.05,0.4892984926700592,,,
37240,0.1071853950619698,1.06640625,0.3517990708351135,,,
37250,0.1045390442013741,1.1484375,0.2999885380268097,,,
37260,0.1019778214395046,1.04765625,0.3312137722969055,,,
37270,0.1080888390541077,1.16640625,0.254038006067276,,,
37280,0.1043373793363571,1.11328125,0.4665658473968506,,,
37290,0.1016611434519291,1.08515625,0.366809070110321,,,
37300,0.1034198470413685,1.07734375,0.22783263027668,,,
37310,0.1043121062219143,1.16171875,0.3091409802436829,,,
37320,0.1043640732765198,1.125,0.3362127542495728,,,
37330,0.1076251901686192,1.098046875,0.3872268199920654,,,
37340,0.1053574353456497,1.121875,0.2446032613515854,,,
37350,0.1081880323588848,1.113671875,0.3739708662033081,,,
37360,0.1066368319094181,1.0734375,0.3357072174549103,,,
37370,0.104938106238842,1.1484375,0.3650743365287781,,,
37380,0.1052290551364422,1.08828125,0.2882696092128754,,,
37390,0.1036368742585182,1.11328125,0.2235753983259201,,,
37400,0.1028946273028851,1.08671875,0.2436802089214325,,,
37410,0.1047453314065933,1.0875,0.406467080116272,,,
37420,0.1052481114864349,1.080078125,0.4562436640262604,,,
37430,0.10212462246418,1.04296875,0.5051167011260986,,,
37440,0.1030687384307385,1.12734375,0.4210899770259857,,,
37450,0.1035483822226524,1.05234375,0.5275986790657043,,,
37460,0.1052675314247608,1.11640625,0.2326672524213791,,,
37470,0.1049737714231014,1.08828125,0.3473020493984222,,,
37480,0.0992726631462574,1.14296875,0.2558314502239227,,,
37490,0.1036745347082615,1.07265625,0.224003791809082,,,
37500,0.1049035124480724,1.13046875,0.2857373952865601,,,
37510,0.1046832144260406,1.10390625,0.3684550225734711,,,
37520,0.1026341564953327,1.08046875,0.2401761561632156,,,
37530,0.1043636426329613,1.0703125,0.2763066291809082,,,
37540,0.1041881650686264,1.113671875,0.2366962283849716,,,
37550,0.1050509706139564,1.0921875,0.3109060227870941,,,
37560,0.0991741865873336,1.078515625,0.4228767454624176,,,
37570,0.10234409943223,1.0890625,0.4220201373100281,,,
37580,0.1044126927852631,1.10546875,0.2980993390083313,,,
37590,0.1055897712707519,1.10625,0.3026842772960663,,,
37600,0.105175718665123,1.12265625,0.2867400944232941,,,
37610,0.1009949117898941,1.0953125,0.4741068482398987,,,
37620,0.1056975729763508,1.092578125,0.4127334654331207,,,
37630,0.1062732256948948,1.096875,0.3386628031730652,,,
37640,0.1038545362651348,1.096875,0.2905189096927643,,,
37650,0.1078514829277992,1.097265625,0.4935618340969086,,,
37660,0.1017887145280838,1.06953125,0.2384017407894135,,,
37670,0.1068714402616024,1.11484375,0.4583247005939484,,,
37680,0.1081337958574295,1.0875,0.3164542615413666,,,
37690,0.1063914902508258,1.10234375,0.2551450729370117,,,
37700,0.1063510805368423,1.08203125,0.2241736203432083,,,
37710,0.1053784988820553,1.11875,0.2481487095355988,,,
37720,0.1022776119410992,1.075390625,0.2471165806055069,,,
37730,0.1039722360670567,1.07578125,0.2669766545295715,,,
37740,0.1074927575886249,1.094140625,0.277782678604126,,,
37750,0.1036665454506874,1.07734375,0.2303491234779358,,,
37760,0.1059287071228027,1.108203125,0.555282473564148,,,
37770,0.1017920032143593,1.04375,0.3482924997806549,,,
37780,0.1042998880147934,1.071484375,0.2781850397586823,,,
37790,0.1036262884736061,1.1015625,0.239792212843895,,,
37800,0.1055697269737721,1.090234375,0.2404289245605469,,,
37810,0.1046265758574009,1.038671875,0.3249009549617767,,,
37820,0.0998237326741218,1.1078125,0.4285811185836792,,,
37830,0.1032362334430218,1.11875,0.2117642015218735,,,
37840,0.0999777071177959,1.092578125,0.312610387802124,,,
37850,0.1020395278930664,1.0765625,0.3597714602947235,,,
37860,0.1073335938155651,1.13671875,0.28875333070755,,,
37870,0.1108862742781639,1.1328125,0.3912244141101837,,,
37880,0.10488236322999,1.1078125,0.4864414632320404,,,
37890,0.1047708563506603,1.10859375,0.2554073929786682,,,
37900,0.1030783832073212,1.059375,0.2677610516548157,,,
37910,0.1065584816038609,1.125,0.2685688138008118,,,
37920,0.1032794252038002,1.05859375,0.2529484629631042,,,
37930,0.1062660321593285,1.045703125,0.3287874758243561,,,
37940,0.1019158989191055,1.11796875,0.437932163476944,,,
37950,0.1010783918201923,1.07109375,0.3743871450424194,,,
37960,0.1057351537048817,1.076953125,0.2316727638244629,,,
37970,0.1032416194677353,1.101953125,0.3446948826313019,,,
37980,0.1021972671151161,1.07578125,0.174193486571312,,,
37990,0.1030610755085945,1.108984375,0.2793352603912354,,,
38000,0.0984173156321048,1.0859375,0.1914821565151215,0.644459068775177,0.4227608050895033,0.5549016680454287
38010,0.1019711948931217,1.1234375,0.3445513248443604,,,
38020,0.1017411753535271,1.06640625,0.2470348924398422,,,
38030,0.1064830370247364,1.0484375,0.3081793189048767,,,
38040,0.1058765701949596,1.079296875,0.2879054248332977,,,
38050,0.1082244589924812,1.1109375,0.2670744359493256,,,
38060,0.1054407313466072,1.0515625,0.2331092208623886,,,
38070,0.1028433121740818,1.10625,0.3381442725658417,,,
38080,0.1008201219141483,1.162890625,0.2389465272426605,,,
38090,0.1052087180316448,1.1265625,0.3334460258483887,,,
38100,0.1043730035424233,1.08046875,0.394006609916687,,,
38110,0.1044690124690533,1.087890625,0.2718770802021027,,,
38120,0.1008289285004139,1.112109375,0.3693498969078064,,,
38130,0.1061368405818939,1.056640625,0.399223268032074,,,
38140,0.1059404939413071,1.12265625,0.3252256810665131,,,
38150,0.10462406873703,1.070703125,0.3487828373908997,,,
38160,0.102020487934351,1.13046875,0.2780461013317108,,,
38170,0.1065731130540371,1.10078125,0.4680477678775787,,,
38180,0.1016822390258312,1.066796875,0.3058023750782013,,,
38190,0.1100013121962547,1.131640625,0.2516774833202362,,,
38200,0.1051733464002609,1.0859375,0.2161700278520584,,,
38210,0.1016749046742916,1.10546875,0.3405489325523376,,,
38220,0.1030417896807194,1.1125,0.3426045775413513,,,
38230,0.1014540255069733,1.06484375,0.3248056769371033,,,
38240,0.1066052660346031,1.09765625,0.2480181604623795,,,
38250,0.1052177861332893,1.16171875,0.4300471544265747,,,
38260,0.1030096955597401,1.040625,0.2945986390113831,,,
38270,0.1062294162809849,1.10234375,0.2547602653503418,,,
38280,0.1054664462804794,1.112109375,0.3199463486671448,,,
38290,0.1055279016494751,1.11015625,0.2727216482162476,,,
38300,0.1045478649437428,1.07734375,0.3200812339782715,,,
38310,0.0985692001879215,1.111328125,0.2209378927946091,,,
38320,0.0974021822214126,1.09765625,0.3074968159198761,,,
38330,0.1023150056600571,1.068359375,0.251884251832962,,,
38340,0.1049859724938869,1.046484375,0.224803164601326,,,
38350,0.107451269030571,1.138671875,0.260614812374115,,,
38360,0.1048628509044647,1.1609375,0.2743775248527527,,,
38370,0.1030145920813084,1.089453125,0.2197037637233734,,,
38380,0.1030438385903835,1.09921875,0.4543077349662781,,,
38390,0.1084852978587151,1.13359375,0.3853183686733246,,,
38400,0.1065664052963257,1.13046875,0.3021001815795898,,,
38410,0.1023635730147362,1.08046875,0.1886484324932098,,,
38420,0.1026744015514851,1.078125,0.5019169449806213,,,
38430,0.1042973764240742,1.11171875,0.2855381071567535,,,
38440,0.1060974255204201,1.114453125,0.2482191622257233,,,
38450,0.1041784211993217,1.07578125,0.2818288803100586,,,
38460,0.1020932167768478,1.107421875,0.2318198978900909,,,
38470,0.0993764467537403,1.058203125,0.2866080701351166,,,
38480,0.1012974262237549,1.08828125,0.2854633331298828,,,
38490,0.1078966245055199,1.060546875,0.3564381897449493,,,
38500,0.103682828694582,1.096875,0.2280760705471039,,,
38510,0.1015919059514999,1.053125,0.257525771856308,,,
38520,0.1025135420262814,1.083984375,0.192984938621521,,,
38530,0.100443634390831,1.120703125,0.3557014763355255,,,
38540,0.1017989657819271,1.1078125,0.3383529186248779,,,
38550,0.10588618516922,1.033203125,0.3991008400917053,,,
38560,0.1006095036864281,1.095703125,0.2917360067367554,,,
38570,0.1033708989620209,1.105859375,0.2456900477409363,,,
38580,0.1108137153089046,1.116015625,0.3061867952346802,,,
38590,0.1086634762585163,1.066015625,0.2805975377559662,,,
38600,0.1031061105430126,1.06796875,0.254256546497345,,,
38610,0.1077585056424141,1.0859375,0.3211997449398041,,,
38620,0.1067532300949097,1.08671875,0.3640330135822296,,,
38630,0.1019139163196087,1.08359375,0.345077782869339,,,
38640,0.1035296693444252,1.08125,0.3445446491241455,,,
38650,0.1069483906030655,1.103125,0.3795310258865356,,,
38660,0.1016018971800804,1.1109375,0.2329283207654953,,,
38670,0.1021209977567196,1.106640625,0.4397971332073212,,,
38680,0.1039253681898117,1.14375,0.1843538582324982,,,
38690,0.1067614570260048,1.0671875,0.2376163154840469,,,
38700,0.1033892273902893,1.126171875,0.3342776000499725,,,
38710,0.1036033496260643,1.10234375,0.4762164950370789,,,
38720,0.1039707109332085,1.065625,0.2517970502376556,,,
38730,0.1006101436913013,1.081640625,0.2863097786903381,,,
38740,0.1018713481724262,1.0671875,0.1991003304719925,,,
38750,0.1023965634405613,1.052734375,0.3994218111038208,,,
38760,0.1013950288295746,1.06875,0.2223409116268158,,,
38770,0.1020444184541702,1.1015625,0.408454954624176,,,
38780,0.1069298595190048,1.089453125,0.2856612801551819,,,
38790,0.1068039618432522,1.1046875,0.4078112542629242,,,
38800,0.1028435587882996,1.0875,0.2443588823080063,,,
38810,0.1087339125573635,1.1015625,0.3614840805530548,,,
38820,0.1070929519832134,1.09765625,0.1928350329399109,,,
38830,0.1011726267635822,1.054296875,0.2927001118659973,,,
38840,0.1045563481748104,1.116796875,0.3655396401882172,,,
38850,0.1035134874284267,1.059765625,0.4259598851203918,,,
38860,0.104941925406456,1.15625,0.2637003660202026,,,
38870,0.1055353507399559,1.1328125,0.5176510214805603,,,
38880,0.1028758265078068,1.08828125,0.2363216578960419,,,
38890,0.1057312123477459,1.095703125,0.2901095449924469,,,
38900,0.1027523621916771,1.07109375,0.3237695097923279,,,
38910,0.1011879816651344,1.0890625,0.2987662851810455,,,
38920,0.1060180678963661,1.13828125,0.4335849285125732,,,
38930,0.1072768025100231,1.14296875,0.2404629290103912,,,
38940,0.1020764283835888,1.1140625,0.3839849233627319,,,
38950,0.1026035271584988,1.08359375,0.3073318302631378,,,
38960,0.1034036539494991,1.10078125,0.1827006638050079,,,
38970,0.1024556845426559,1.069140625,0.5669782161712646,,,
38980,0.1106038779020309,1.108203125,0.2484689056873322,,,
38990,0.1085967108607292,1.1109375,0.4003698229789734,,,
39000,0.1060280613601208,1.08125,0.2973823249340057,0.6432873010635376,0.4165668744870828,0.5500391951752928
39010,0.1085656836628914,1.0984375,0.2434746921062469,,,
39020,0.1067663811147213,1.13828125,0.275972455739975,,,
39030,0.1056611947715282,1.083984375,0.2957223653793335,,,
39040,0.1043484173715115,1.086328125,0.2487956136465073,,,
39050,0.1039853341877461,1.098828125,0.4421499669551849,,,
39060,0.1012549892067909,1.09140625,0.244550347328186,,,
39070,0.1030878625810146,1.073046875,0.446787565946579,,,
39080,0.1025963246822357,1.08046875,0.3046505749225616,,,
39090,0.1059930525720119,1.0921875,0.2375863790512085,,,
39100,0.1044957809150219,1.093359375,0.2735883593559265,,,
39110,0.1066403210163116,1.076171875,0.3757314383983612,,,
39120,0.1072593227028847,1.1015625,0.2354457527399063,,,
39130,0.1030520029366016,1.08046875,0.1875830143690109,,,
39140,0.1038480520248413,1.08515625,0.2792258560657501,,,
39150,0.1043484233319759,1.09921875,0.3850462436676025,,,
39160,0.1022544674575329,1.109375,0.29238161444664,,,
39170,0.105141669511795,1.0578125,0.3045465052127838,,,
39180,0.1043647944927216,1.077734375,0.2406942248344421,,,
39190,0.1013181753456593,1.15625,0.2460719794034958,,,
39200,0.1012658827006817,1.091015625,0.286112368106842,,,
39210,0.1020955756306648,1.051171875,0.2020760625600815,,,
39220,0.1045973315834999,1.08828125,0.2804006636142731,,,
39230,0.107897163182497,1.1078125,0.3274633586406708,,,
39240,0.100572744756937,1.0984375,0.2317695468664169,,,
39250,0.1051268421113491,1.1109375,0.3255813121795654,,,
39260,0.1050455123186111,1.104296875,0.3961584568023682,,,
39270,0.1031729884445667,1.114453125,0.2288758307695389,,,
39280,0.1056298039853573,1.05234375,0.2873474359512329,,,
39290,0.1021382220089436,1.11953125,0.2383765876293182,,,
39300,0.1038221813738346,1.10390625,0.2424632459878922,,,
39310,0.1051389180123806,1.102734375,0.239005833864212,,,
39320,0.1044529646635055,1.06328125,0.3459484875202179,,,
39330,0.1037874221801758,1.1734375,0.3035536408424377,,,
39340,0.1050842426717281,1.080078125,0.3190045356750488,,,
39350,0.1031163550913334,1.1171875,0.3105864524841309,,,
39360,0.1054260022938251,1.121484375,0.2918204367160797,,,
39370,0.1026556938886642,1.1125,0.4430156946182251,,,
39380,0.1022121734917164,1.087890625,0.3647756278514862,,,
39390,0.1068394042551517,1.078125,0.3230029344558716,,,
39400,0.1019262835383415,1.13359375,0.4298382997512817,,,
39410,0.1027725264430046,1.1203125,0.2909271121025085,,,
39420,0.1045449376106262,1.076171875,0.2608737647533417,,,
39430,0.0992786511778831,1.0671875,0.2747244834899902,,,
39440,0.1034410320222378,1.074609375,0.287003368139267,,,
39450,0.1069729693233967,1.072265625,0.2530837655067444,,,
39460,0.1025088541209698,1.10390625,0.3741900622844696,,,
39470,0.1024943463504314,1.06953125,0.3012217581272125,,,
39480,0.1037956200540066,1.1125,0.430598646402359,,,
39490,0.1065251849591732,1.07734375,0.2263767421245575,,,
39500,0.0973293475806713,1.1234375,0.3473161160945892,,,
39510,0.1015697151422501,1.08515625,0.2971253991127014,,,
39520,0.1002381794154644,1.066796875,0.2689733505249023,,,
39530,0.1048132568597794,1.05625,0.1927125155925751,,,
39540,0.1031932085752487,1.11328125,0.3079989850521088,,,
39550,0.102580763399601,1.0515625,0.2635480165481567,,,
39560,0.1035144604742527,1.06875,0.4334363043308258,,,
39570,0.1042125247418881,1.0734375,0.2895232141017914,,,
39580,0.1038806907832623,1.0734375,0.2853696942329407,,,
39590,0.1021141201257706,1.09765625,0.2666842043399811,,,
39600,0.1039394289255142,1.10078125,0.1791226416826248,,,
39610,0.1020266734063625,1.10703125,0.3279719054698944,,,
39620,0.1063386589288711,1.0671875,0.2385608553886414,,,
39630,0.1074552863836288,1.10703125,0.3507504165172577,,,
39640,0.105174008756876,1.1078125,0.3644422590732574,,,
39650,0.1040031939744949,1.11015625,0.3091574311256409,,,
39660,0.1067192636430263,1.09140625,0.2474853247404099,,,
39670,0.1031662024557591,1.081640625,0.3505750000476837,,,
39680,0.103386589884758,1.0921875,0.2200268656015396,,,
39690,0.1057962916791439,1.0890625,0.2352366745471954,,,
39700,0.1054194457828999,1.137109375,0.2228038907051086,,,
39710,0.1016011461615562,1.075390625,0.4640500843524933,,,
39720,0.1005025647580624,1.071875,0.2802016139030457,,,
39730,0.1013483211398125,1.126953125,0.4343193471431732,,,
39740,0.1032367169857025,1.073828125,0.5087828040122986,,,
39750,0.1014745943248272,1.050390625,0.4129918217658997,,,
39760,0.0987905524671077,1.14140625,0.2994933128356934,,,
39770,0.1019162558019161,1.1421875,0.430422306060791,,,
39780,0.1057579375803471,1.098828125,0.3802559375762939,,,
39790,0.1064337104558945,1.08046875,0.2089669555425644,,,
39800,0.1034082360565662,1.094921875,0.2800974249839783,,,
39810,0.1038144417107105,1.08359375,0.4142116606235504,,,
39820,0.1049550443887711,1.1453125,0.3742688596248627,,,
39830,0.1028796024620533,1.116796875,0.2995435893535614,,,
39840,0.0993721172213554,1.05703125,0.170629471540451,,,
39850,0.1009573727846146,1.087109375,0.2632154822349548,,,
39860,0.1028678730130196,1.10546875,0.3745398819446564,,,
39870,0.1043219238519669,1.072265625,0.3444760143756866,,,
39880,0.1031475581228733,1.091796875,0.3152119517326355,,,
39890,0.103114253282547,1.11640625,0.207693412899971,,,
39900,0.1076794482767582,1.063671875,0.2457159757614136,,,
39910,0.1059226728975773,1.061328125,0.2611042857170105,,,
39920,0.1023065656423569,1.06328125,0.1978514194488525,,,
39930,0.1029389590024948,1.06953125,0.2431625425815582,,,
39940,0.1055230587720871,1.1078125,0.3401307165622711,,,
39950,0.1046315923333168,1.082421875,0.3285876512527466,,,
39960,0.1061374492943287,1.076953125,0.3677438199520111,,,
39970,0.1026337124407291,1.062109375,0.2839711606502533,,,
39980,0.1012759476900101,1.08203125,0.3722704350948334,,,
39990,0.1021468788385391,1.069140625,0.2268507331609726,,,
40000,0.106563014537096,1.0921875,0.3351189494132996,0.6428480744361877,0.4214585182090348,0.5569632868034358
40010,0.1054169520735741,1.10625,0.3995694220066071,,,
40020,0.1038056194782257,1.16484375,0.2893842458724976,,,
40030,0.1028942547738552,1.08984375,0.2384776771068573,,,
40040,0.1076748229563236,1.119921875,0.3949375450611115,,,
40050,0.1004209510982037,1.06875,0.2746347784996033,,,
40060,0.1036858968436718,1.1109375,0.4936388731002808,,,
40070,0.1022353105247021,1.0625,0.4778673946857452,,,
40080,0.1003442756831646,1.080859375,0.2935662269592285,,,
40090,0.1029500611126423,1.012109375,0.3153570592403412,,,
40100,0.0988360926508903,1.06640625,0.3210345804691315,,,
40110,0.0974596545100212,1.08828125,0.3165119886398315,,,
40120,0.1021704323589802,1.1359375,0.2830730676651001,,,
40130,0.104413640499115,1.02421875,0.3579765856266022,,,
40140,0.1046866223216057,1.068359375,0.4147519767284393,,,
40150,0.1010433420538902,1.111328125,0.2744986116886139,,,
40160,0.1022979490458965,1.083984375,0.3378366827964783,,,
40170,0.1062763333320618,1.130859375,0.3302727937698364,,,
40180,0.104169337451458,1.03125,0.2285631746053696,,,
40190,0.1025054641067982,1.099609375,0.2767376899719238,,,
40200,0.1012095421552658,1.068359375,0.3321824669837952,,,
40210,0.1072598867118359,1.069921875,0.3451825976371765,,,
40220,0.1014194637537003,1.08203125,0.1931370794773102,,,
40230,0.105277918279171,1.108203125,0.3761661648750305,,,
40240,0.099137444794178,1.0890625,0.3557216227054596,,,
40250,0.103471002727747,1.09609375,0.4534954726696014,,,
40260,0.1024462178349495,1.09453125,0.2763018906116486,,,
40270,0.1030629508197308,1.084765625,0.3498034477233887,,,
40280,0.1061676606535912,1.10625,0.3109617233276367,,,
40290,0.1032225608825684,1.090234375,0.3696219623088837,,,
40300,0.1040208198130131,1.09453125,0.2783903777599335,,,
40310,0.1051650144159794,1.059375,0.2068572640419006,,,
40320,0.1058809332549572,1.11015625,0.2753654718399048,,,
40330,0.105804517865181,1.14375,0.5066422820091248,,,
40340,0.1043640598654747,1.10859375,0.2113399654626846,,,
40350,0.1063395634293556,1.078515625,0.3475577831268311,,,
40360,0.1021274767816067,1.09140625,0.2791689038276672,,,
40370,0.1049233630299568,1.0828125,0.2037709802389145,,,
40380,0.1066775433719158,1.05703125,0.2764741182327271,,,
40390,0.1014686889946461,1.1203125,0.3542111217975616,,,
40400,0.101455394923687,1.056640625,0.2884776294231415,,,
40410,0.1055077537894249,1.10859375,0.2008271068334579,,,
40420,0.106381506472826,1.072265625,0.1914082169532776,,,
40430,0.1039984188973904,1.060546875,0.1911121159791946,,,
40440,0.1034238092601299,1.084375,0.2083953022956848,,,
40450,0.1017630517482758,1.057421875,0.2521178722381592,,,
40460,0.1043545670807362,1.094140625,0.3193534016609192,,,
40470,0.0992237359285354,1.055078125,0.2521706521511078,,,
40480,0.1024111181497574,1.071484375,0.4648853540420532,,,
40490,0.1067921616137028,1.115625,0.2193780690431595,,,
40500,0.1064785197377205,1.095703125,0.4485388100147247,,,
40510,0.1046661458909512,1.109375,0.2696014046669006,,,
40520,0.1051327846944332,1.09140625,0.2332324683666229,,,
40530,0.1060174539685249,1.109765625,0.2244183868169785,,,
40540,0.0995015129446983,1.086328125,0.3084885478019714,,,
40550,0.103046790510416,1.089453125,0.3019293248653412,,,
40560,0.1030292697250843,1.052734375,0.5056420564651489,,,
40570,0.101415528357029,1.11015625,0.3307308554649353,,,
40580,0.1054284445941448,1.101953125,0.271909773349762,,,
40590,0.1046225562691689,1.08203125,0.3955322504043579,,,
40600,0.1023945987224579,1.108984375,0.440065860748291,,,
40610,0.0992258876562118,1.103125,0.2152101397514343,,,
40620,0.1050395585596561,1.0578125,0.263386607170105,,,
40630,0.1054297678172588,1.038671875,0.2252695858478546,,,
40640,0.1001883029937744,1.0953125,0.2648478746414185,,,
40650,0.1044302210211754,1.031640625,0.3173104822635651,,,
40660,0.0992994152009487,1.134375,0.5328006148338318,,,
40670,0.1001096300780773,1.11171875,0.3470973968505859,,,
40680,0.0995942451059818,1.053125,0.2501939535140991,,,
40690,0.1032695569097996,1.099609375,0.2907231152057648,,,
40700,0.1021505333483219,1.0921875,0.5394725203514099,,,
40710,0.1056385912001133,1.052734375,0.1896385848522186,,,
40720,0.1022323712706566,1.07890625,0.3994551301002502,,,
40730,0.1015477538108826,1.125,0.3209590017795563,,,
40740,0.1066327109932899,1.060546875,0.337414413690567,,,
40750,0.1072295680642128,1.1328125,0.2534123063087463,,,
40760,0.1036866702139378,1.073046875,0.2224112153053284,,,
40770,0.1023795112967491,1.0765625,0.269383579492569,,,
40780,0.1045388787984848,1.095703125,0.198873832821846,,,
40790,0.1017344638705254,1.086328125,0.2769708931446075,,,
40800,0.1015852853655815,1.11015625,0.2804580926895142,,,
40810,0.1033718578517437,1.02890625,0.2395544797182083,,,
40820,0.1004338346421719,1.051171875,0.216559499502182,,,
40830,0.1034713841974735,1.11796875,0.3924031555652618,,,
40840,0.1023551635444164,1.014453125,0.294093519449234,,,
40850,0.10267333984375,1.11640625,0.2899009585380554,,,
40860,0.1011704333126545,1.12421875,0.240638941526413,,,
40870,0.0994863770902156,1.064453125,0.5028192400932312,,,
40880,0.1029512919485569,1.1015625,0.2616780400276184,,,
40890,0.1019665040075779,1.09453125,0.3690484762191772,,,
40900,0.1057454414665699,1.065234375,0.2814822196960449,,,
40910,0.1027344726026058,1.1125,0.280552476644516,,,
40920,0.1003007248044014,1.0953125,0.1872815936803818,,,
40930,0.1041886210441589,1.09296875,0.2261162102222443,,,
40940,0.1033080376684666,1.13671875,0.271366149187088,,,
40950,0.1028893575072289,1.044921875,0.396228164434433,,,
40960,0.1079299315810203,1.1,0.2728016376495361,,,
40970,0.0979864038527011,1.07578125,0.2223034650087357,,,
40980,0.1045029208064079,1.0546875,0.4253207743167877,,,
40990,0.1002075217664242,1.082421875,0.3818016052246094,,,
41000,0.1023683629930019,1.083203125,0.3826916813850403,0.6457064151763916,0.4136973758554155,0.5447200689443491
41010,0.1060278668999672,1.09921875,0.1812013983726501,,,
41020,0.1035740122199059,1.06640625,0.3169578015804291,,,
41030,0.1042453415691853,1.0859375,0.6390615701675415,,,
41040,0.1012185662984848,1.108203125,0.2998244166374207,,,
41050,0.10474638864398,1.061328125,0.3271661996841431,,,
41060,0.1045420214533806,1.10546875,0.3881557285785675,,,
41070,0.1046862162649631,1.066015625,0.3982365131378174,,,
41080,0.0997051320970058,1.10625,0.2322796434164047,,,
41090,0.1022264055907726,1.119921875,0.5642552971839905,,,
41100,0.1044525153934956,1.09140625,0.3330232799053192,,,
41110,0.1079502150416374,1.10078125,0.3504027426242828,,,
41120,0.0976723358035087,1.06640625,0.218122735619545,,,
41130,0.1020475544035435,1.100390625,0.3007814288139343,,,
41140,0.1049174070358276,1.084375,0.2182687073945999,,,
41150,0.1000041373074055,1.03984375,0.2087424546480179,,,
41160,0.1026163883507252,1.09375,0.3298029005527496,,,
41170,0.0979980446398258,1.1015625,0.3908310830593109,,,
41180,0.1024695932865143,1.1375,0.2277998626232147,,,
41190,0.1016236640512943,1.09375,0.2979221940040588,,,
41200,0.1019985683262348,1.078515625,0.2812222242355347,,,
41210,0.1019626647233963,1.08828125,0.3622477352619171,,,
41220,0.100676928460598,1.10546875,0.2913377583026886,,,
41230,0.1061130166053772,1.096484375,0.3064925074577332,,,
41240,0.1040031798183918,1.080078125,0.4900557398796082,,,
41250,0.1027100220322609,1.072265625,0.36660435795784,,,
41260,0.1012113489210606,1.079296875,0.3459140658378601,,,
41270,0.1049740180373192,1.128125,0.2262202352285385,,,
41280,0.1021282516419888,1.0828125,0.3673465847969055,,,
41290,0.1020205989480019,1.111328125,0.2201671302318573,,,
41300,0.1020300604403019,1.05546875,0.2600179314613342,,,
41310,0.1036116182804108,1.068359375,0.2544229328632355,,,
41320,0.1009651832282543,1.08203125,0.2051506340503693,,,
41330,0.1027341559529305,1.08203125,0.163100078701973,,,
41340,0.1022198632359505,1.061328125,0.2336953431367874,,,
41350,0.1024344474077225,1.0703125,0.3387702703475952,,,
41360,0.1019165031611919,1.09609375,0.5498653054237366,,,
41370,0.102038349211216,1.055078125,0.2375607639551163,,,
41380,0.1039285100996494,1.0671875,0.2271512299776077,,,
41390,0.0993422694504261,1.07109375,0.3701899647712708,,,
41400,0.1053856015205383,1.0703125,0.3991277515888214,,,
41410,0.1032261617481709,1.1109375,0.2586631774902344,,,
41420,0.1029917798936367,1.140625,0.2363489121198654,,,
41430,0.1020733468234539,1.105078125,0.2236551493406296,,,
41440,0.1014658965170383,1.05234375,0.3443044424057007,,,
41450,0.1042536191642284,1.07421875,0.2847523987293243,,,
41460,0.101448167860508,1.055078125,0.3591138124465942,,,
41470,0.1004903227090836,1.10078125,0.5696213841438293,,,
41480,0.1036182537674904,1.1125,0.3778664767742157,,,
41490,0.0994864270091056,1.0609375,0.2465810775756836,,,
41500,0.1011760972440243,1.0359375,0.2895048856735229,,,
41510,0.1042232245206833,1.0875,0.3228289186954498,,,
41520,0.1024856105446816,1.073828125,0.3022100031375885,,,
41530,0.1022576905786991,1.071875,0.2893792390823364,,,
41540,0.1053246699273586,1.066796875,0.2399271279573441,,,
41550,0.1046632260084152,1.103515625,0.321628749370575,,,
41560,0.1044854789972305,1.059765625,0.4302939176559448,,,
41570,0.0990185417234897,1.096875,0.3644024133682251,,,
41580,0.0998203642666339,1.0828125,0.3593769967556,,,
41590,0.1034468606114387,1.09140625,0.3461831212043762,,,
41600,0.106866741925478,1.04765625,0.2625139057636261,,,
41610,0.1052537530660629,1.087890625,0.3150579929351807,,,
41620,0.100466400384903,1.061328125,0.3472518622875214,,,
41630,0.1036063000559807,1.10078125,0.2174780964851379,,,
41640,0.1011293455958366,1.0953125,0.2519424855709076,,,
41650,0.103696546703577,1.053515625,0.3419875204563141,,,
41660,0.1037730902433395,1.0671875,0.2889768183231354,,,
41670,0.1019595518708229,1.065234375,0.233366534113884,,,
41680,0.1010582476854324,1.078125,0.2512505054473877,,,
41690,0.1015987925231457,1.1296875,0.560085117816925,,,
41700,0.102472136169672,1.076953125,0.3378805816173553,,,
41710,0.1036115683615208,1.086328125,0.4253987073898315,,,
41720,0.1019676461815834,1.097265625,0.2512171566486359,,,
41730,0.1004381097853184,1.06796875,0.1985191255807877,,,
41740,0.1016413733363151,1.09296875,0.3760837316513062,,,
41750,0.1028812512755394,1.056640625,0.2255483418703079,,,
41760,0.0999876804649829,1.06171875,0.294229656457901,,,
41770,0.1028023988008499,1.098828125,0.3431897461414337,,,
41780,0.1039832778275013,1.061328125,0.4367386698722839,,,
41790,0.0992157079279422,1.02734375,0.3808799386024475,,,
41800,0.0998997792601585,1.12578125,0.2423552125692368,,,
41810,0.1024385780096054,1.125,0.5061739087104797,,,
41820,0.1016043312847614,1.086328125,0.4070377349853516,,,
41830,0.1030967690050602,1.0921875,0.2649695873260498,,,
41840,0.105256225168705,1.05625,0.3000491857528687,,,
41850,0.1019610345363617,1.1203125,0.3166540265083313,,,
41860,0.1028036542236805,1.039453125,0.386772632598877,,,
41870,0.1035879753530025,1.06796875,0.2961144745349884,,,
41880,0.1022905260324478,1.121875,0.2611161470413208,,,
41890,0.1003902330994606,1.04296875,0.3471209406852722,,,
41900,0.1001756094396114,1.06015625,0.2233746945858002,,,
41910,0.1051092974841595,1.06328125,0.2806315422058105,,,
41920,0.102371646463871,1.1109375,0.2980717420578003,,,
41930,0.1058894030749798,1.0984375,0.1964802145957947,,,
41940,0.1079047821462154,1.0765625,0.2570268511772156,,,
41950,0.1018644206225872,1.058203125,0.3144378066062927,,,
41960,0.1020957730710506,1.109765625,0.5578507781028748,,,
41970,0.1015081077814102,1.089453125,0.325654000043869,,,
41980,0.1040845222771168,1.090625,0.3565528690814972,,,
41990,0.1009583190083504,1.0671875,0.2884863018989563,,,
42000,0.1019970618188381,1.105859375,0.2704237103462219,0.6460807919502258,0.4246947324317032,0.5483844697701294
42010,0.1048636421561241,1.090234375,0.275357186794281,,,
42020,0.0969695851206779,1.0953125,0.297680675983429,,,
42030,0.1070665001869202,1.09453125,0.2118740081787109,,,
42040,0.1028793588280678,1.07578125,0.272529125213623,,,
42050,0.1026990167796612,1.071484375,0.4499046504497528,,,
42060,0.1046106688678265,1.062109375,0.2763128280639648,,,
42070,0.1026878580451012,1.078125,0.4200208485126495,,,
42080,0.1031633861362934,1.030859375,0.2496344298124313,,,
42090,0.1022407069802284,1.077734375,0.3069350719451904,,,
42100,0.0985531292855739,1.065625,0.3994921147823334,,,
42110,0.1038233503699303,1.084765625,0.2380887120962143,,,
42120,0.1012405648827553,1.15546875,0.4224269688129425,,,
42130,0.1016720533370972,1.08046875,0.1982356458902359,,,
42140,0.1004224352538586,1.0984375,0.4553998112678528,,,
42150,0.1044160515069961,1.09453125,0.1740215122699738,,,
42160,0.101715898513794,1.05390625,0.2086306214332581,,,
42170,0.1013383209705353,1.06171875,0.2382781952619553,,,
42180,0.0974362529814243,1.0484375,0.2338427752256393,,,
42190,0.0992078050971031,1.13046875,0.251320868730545,,,
42200,0.1028464779257774,1.03515625,0.1776966601610184,,,
42210,0.1049434773623943,1.07890625,0.4143746197223663,,,
42220,0.1045884966850281,1.026953125,0.2504724264144897,,,
42230,0.1029823914170265,1.0765625,0.3657897412776947,,,
42240,0.1007050439715385,1.10078125,0.2984959781169891,,,
42250,0.1033310696482658,1.0609375,0.3278093636035919,,,
42260,0.1044824525713921,1.12890625,0.2682445049285889,,,
42270,0.1084219627082348,1.069921875,0.3950735032558441,,,
42280,0.1045603774487972,1.06796875,0.4090492129325867,,,
42290,0.0967505469918251,1.070703125,0.2699185311794281,,,
42300,0.1019611001014709,1.064453125,0.222187727689743,,,
42310,0.0989201381802558,1.056640625,0.2111618965864182,,,
42320,0.1027377218008041,1.06015625,0.1932241171598434,,,
42330,0.0981556735932827,1.066796875,0.2095396965742111,,,
42340,0.1022473819553852,1.096875,0.2669197618961334,,,
42350,0.100476286560297,1.073046875,0.2707040905952454,,,
42360,0.1013136237859726,1.093359375,0.4761950075626373,,,
42370,0.1047805577516556,1.094140625,0.2443049401044846,,,
42380,0.1027388200163841,1.111328125,0.4063909947872162,,,
42390,0.1024308927357197,1.087109375,0.35267373919487,,,
42400,0.1014871671795845,1.0796875,0.4489294290542603,,,
42410,0.1052359320223331,1.101171875,0.4094285666942596,,,
42420,0.1051477953791618,1.112890625,0.3335027098655701,,,
42430,0.1049398608505726,1.053515625,0.3080409169197083,,,
42440,0.1010160744190216,1.0890625,0.2903829514980316,,,
42450,0.1027750872075558,1.054296875,0.1858826726675034,,,
42460,0.1038213215768337,1.06328125,0.2950326800346375,,,
42470,0.1057731486856937,1.124609375,0.2636642158031464,,,
42480,0.1008231945335865,1.085546875,0.3052687048912048,,,
42490,0.100434672832489,1.0484375,0.256894052028656,,,
42500,0.1039172135293484,1.11171875,0.3044709265232086,,,
42510,0.1002901367843151,1.13359375,0.4139688313007355,,,
42520,0.1003295734524727,1.072265625,0.4344419240951538,,,
42530,0.1001591734588146,1.07421875,0.2878991663455963,,,
42540,0.102232963591814,1.06796875,0.2582696378231049,,,
42550,0.1018210247159004,1.0890625,0.3007660210132599,,,
42560,0.1015612334012985,1.09765625,0.3089092671871185,,,
42570,0.1020813710987568,1.08671875,0.3459184169769287,,,
42580,0.1013722114264965,1.070703125,0.3282034993171692,,,
42590,0.1008335024118423,1.06953125,0.3866923749446869,,,
42600,0.1026456162333488,1.072265625,0.227554589509964,,,
42610,0.1038825757801533,1.11953125,0.3542430698871613,,,
42620,0.1000756569206715,1.05625,0.3671874105930328,,,
42630,0.1020771160721779,1.0796875,0.3309841156005859,,,
42640,0.1010698065161705,1.028125,0.2953794598579407,,,
42650,0.1026289731264114,1.10546875,0.2188680768013,,,
42660,0.1042491964995861,1.0953125,0.3170720934867859,,,
42670,0.1020174086093903,1.05546875,0.3264515399932861,,,
42680,0.0963713154196739,1.05859375,0.3541554808616638,,,
42690,0.1007286891341209,1.066796875,0.2386544495820999,,,
42700,0.1019180208444595,1.0875,0.3658658564090729,,,
42710,0.1007822893559933,1.10859375,0.2865018546581268,,,
42720,0.1004026398062706,1.062890625,0.273351639509201,,,
42730,0.106331504881382,1.09296875,0.305517315864563,,,
42740,0.1008250266313553,1.094921875,0.2126033753156662,,,
42750,0.1021498188376427,1.102734375,0.2357470393180847,,,
42760,0.1043564401566982,1.07265625,0.3204786479473114,,,
42770,0.1024880796670914,1.084375,0.2280452847480774,,,
42780,0.0994304731488227,1.110546875,0.3325241804122925,,,
42790,0.1032419264316559,1.103125,0.3598834872245789,,,
42800,0.103034508228302,1.0671875,0.2688858807086945,,,
42810,0.1032651245594025,1.09765625,0.2934041023254395,,,
42820,0.1029661245644093,1.075390625,0.3917385339736938,,,
42830,0.0951364114880561,1.03984375,0.2566889822483063,,,
42840,0.1033266603946686,1.107421875,0.3966101109981537,,,
42850,0.0991486623883247,1.083203125,0.3079766035079956,,,
42860,0.1028913088142872,1.08046875,0.2811098396778107,,,
42870,0.1000570900738239,1.06171875,0.2920534014701843,,,
42880,0.0984751433134079,1.0484375,0.2723129689693451,,,
42890,0.1013607978820801,1.078515625,0.2984715700149536,,,
42900,0.1036960512399673,1.11640625,0.2215706259012222,,,
42910,0.1021540619432926,1.11328125,0.3221549093723297,,,
42920,0.0995166964828968,1.072265625,0.4623136222362518,,,
42930,0.1017487525939941,1.06015625,0.4105375111103058,,,
42940,0.1004474572837353,1.055859375,0.2678801715373993,,,
42950,0.1026146322488785,1.079296875,0.2916282117366791,,,
42960,0.1053449459373951,1.080078125,0.3559652864933014,,,
42970,0.099341906607151,1.072265625,0.2546370029449463,,,
42980,0.0992607347667217,1.124609375,0.2612193822860718,,,
42990,0.0998592965304851,1.09765625,0.4801355600357056,,,
43000,0.1020633555948734,1.08984375,0.6239340305328369,0.646668016910553,0.4125379315639933,0.5504178504310685
43010,0.1047833099961281,1.08828125,0.3398021161556244,,,
43020,0.1017293311655521,1.1015625,0.323932409286499,,,
43030,0.1079892672598362,1.055078125,0.259448766708374,,,
43040,0.0976788662374019,1.05859375,0.2146663516759872,,,
43050,0.101662278175354,1.118359375,0.2112560272216797,,,
43060,0.1028418444097042,1.055078125,0.4136841893196106,,,
43070,0.1051598705351353,1.024609375,0.2542983889579773,,,
43080,0.1009762994945049,1.116015625,0.1728218495845795,,,
43090,0.1031928405165672,1.1125,0.3155528903007507,,,
43100,0.1026320934295654,1.08984375,0.3887465596199036,,,
43110,0.1025619223713875,1.08828125,0.2363219410181046,,,
43120,0.1055257134139538,1.06640625,0.366898775100708,,,
43130,0.1015034914016724,1.108203125,0.1796093583106995,,,
43140,0.0980366930365562,1.0546875,0.3117160797119141,,,
43150,0.1018376536667347,1.09609375,0.2383086830377579,,,
43160,0.1007762625813484,1.048046875,0.2738092839717865,,,
43170,0.1047525875270367,1.08515625,0.3209663927555084,,,
43180,0.0990169376134872,1.092578125,0.3210307657718658,,,
43190,0.1024754956364632,1.061328125,0.5129093527793884,,,
43200,0.1030265547335148,1.085546875,0.3602455854415894,,,
43210,0.0982901729643344,1.042578125,0.4937895238399506,,,
43220,0.1022397004067898,1.0078125,0.3289190828800201,,,
43230,0.1037799462676048,1.11328125,0.3045942187309265,,,
43240,0.1014959216117859,1.0890625,0.3803920447826385,,,
43250,0.1028896696865559,1.075390625,0.3487803936004639,,,
43260,0.100746563822031,1.051171875,0.2884450554847717,,,
43270,0.1028386890888214,1.084765625,0.4127201735973358,,,
43280,0.1009928427636623,1.090625,0.4549301862716675,,,
43290,0.097146450728178,1.06171875,0.3709665238857269,,,
43300,0.095916449278593,1.092578125,0.4980125427246094,,,
43310,0.0976949661970138,1.040625,0.2858894169330597,,,
43320,0.1037587732076645,1.085546875,0.2920009791851044,,,
43330,0.1014741212129593,1.0421875,0.2187859266996384,,,
43340,0.1017434477806091,1.08515625,0.2265341281890869,,,
43350,0.1038488157093525,1.095703125,0.2862401902675629,,,
43360,0.1003431081771851,1.037890625,0.3357077538967133,,,
43370,0.0967486821115017,1.108203125,0.2883637249469757,,,
43380,0.1035921365022659,1.103515625,0.386506587266922,,,
43390,0.1047574982047081,1.089453125,0.4406977593898773,,,
43400,0.1037888288497925,1.09765625,0.3297317624092102,,,
43410,0.1012882001698017,1.05859375,0.2652166783809662,,,
43420,0.1020091451704502,1.05703125,0.2947080731391907,,,
43430,0.1003708928823471,1.096875,0.2701616287231445,,,
43440,0.1016631200909615,1.10625,0.1912231743335724,,,
43450,0.0994076028466224,1.102734375,0.2900507152080536,,,
43460,0.1049855343997479,1.060546875,0.3215543329715729,,,
43470,0.1032190315425396,1.1390625,0.2414148598909378,,,
43480,0.0985934391617775,1.08203125,0.2818992733955383,,,
43490,0.1048040606081486,1.078515625,0.358061820268631,,,
43500,0.0997931145131588,1.071875,0.3417163789272308,,,
43510,0.1023910574615002,1.10703125,0.261016309261322,,,
43520,0.1018880642950535,1.108984375,0.3642485737800598,,,
43530,0.1030865736305714,1.090625,0.2909698784351349,,,
43540,0.0975980751216411,1.086328125,0.2263699024915695,,,
43550,0.1027119822800159,1.097265625,0.3512890636920929,,,
43560,0.1026288196444511,1.12109375,0.2293307930231094,,,
43570,0.1013852022588253,1.059375,0.3640982508659363,,,
43580,0.1050396099686623,1.10390625,0.2336039245128632,,,
43590,0.1005827315151691,1.08671875,0.2329525053501129,,,
43600,0.1025716863572597,1.063671875,0.4825542867183685,,,
43610,0.1015291236341,1.0765625,0.5472225546836853,,,
43620,0.0972317710518837,1.1,0.1889490485191345,,,
43630,0.0989246375858783,1.065234375,0.276178777217865,,,
43640,0.1017599195241928,1.090625,0.4449432194232941,,,
43650,0.1019628189504147,1.08125,0.3931862115859985,,,
43660,0.1046477861702442,1.0953125,0.2895249724388123,,,
43670,0.1001511365175247,1.06484375,0.2055946886539459,,,
43680,0.1025362938642502,1.11796875,0.2468979060649872,,,
43690,0.1016647137701511,1.061328125,0.3029349446296692,,,
43700,0.100204860419035,1.05859375,0.3127918839454651,,,
43710,0.1040886908769608,1.026953125,0.5113943815231323,,,
43720,0.1025549434125423,1.072265625,0.3806637823581696,,,
43730,0.0970749504864215,1.0671875,0.3796908259391785,,,
43740,0.1018755204975605,1.07421875,0.2141440212726593,,,
43750,0.0994914323091507,1.071875,0.2158167511224747,,,
43760,0.100250668078661,1.04453125,0.2432079166173935,,,
43770,0.1018423430621624,1.11328125,0.3059783279895782,,,
43780,0.100117039680481,1.03203125,0.3133052289485931,,,
43790,0.1003932774066925,1.079296875,0.2288646101951599,,,
43800,0.0998705364763736,1.081640625,0.2967773973941803,,,
43810,0.1084765583276749,1.12890625,0.3145811259746552,,,
43820,0.1005570188164711,1.033984375,0.222847506403923,,,
43830,0.0987471118569374,1.066796875,0.2552210688591003,,,
43840,0.1024519614875317,1.073828125,0.2542755603790283,,,
43850,0.1019320480525494,1.091015625,0.4026622176170349,,,
43860,0.0992982566356659,1.0875,0.3220758140087128,,,
43870,0.1024130411446094,1.080078125,0.2467377781867981,,,
43880,0.1027144595980644,1.041015625,0.3152715265750885,,,
43890,0.1000845342874527,1.10390625,0.2592378854751587,,,
43900,0.1033728860318661,1.0921875,0.2387311607599258,,,
43910,0.1028627775609493,1.0734375,0.2723535597324371,,,
43920,0.1027551427483559,1.072265625,0.2451878935098648,,,
43930,0.0995298214256763,1.0984375,0.4467379450798035,,,
43940,0.1064269512891769,1.058984375,0.2580542862415314,,,
43950,0.1023670315742493,1.06484375,0.2266255915164948,,,
43960,0.1032864056527615,1.07109375,0.2804462313652039,,,
43970,0.1009736113250256,1.054296875,0.2104399651288986,,,
43980,0.1022436082363129,1.111328125,0.2767636179924011,,,
43990,0.1020427443087101,1.044921875,0.2128647267818451,,,
44000,0.1031861491501331,1.093359375,0.3579331040382385,0.643237292766571,0.4218720068632585,0.5573459854018029
44010,0.103508035838604,1.116015625,0.2212506532669067,,,
44020,0.1061914674937725,1.099609375,0.2709951996803284,,,
44030,0.1037692509591579,1.0265625,0.3229412436485291,,,
44040,0.0997628331184387,1.08671875,0.23780158162117,,,
44050,0.1025771602988243,1.092578125,0.362662672996521,,,
44060,0.1018650941550732,1.09296875,0.2652382552623749,,,
44070,0.1042593546211719,1.10703125,0.3010982871055603,,,
44080,0.1043513387441635,1.091015625,0.3078896999359131,,,
44090,0.1031499803066254,1.07890625,0.409641295671463,,,
44100,0.1012264810502529,1.06015625,0.3152150511741638,,,
44110,0.1061914183199406,1.071875,0.4680459201335907,,,
44120,0.1043481580913067,1.068359375,0.3292874395847321,,,
44130,0.0984028503298759,1.073828125,0.4285300076007843,,,
44140,0.0977050483226776,1.030078125,0.2315458208322525,,,
44150,0.1003903523087502,1.127734375,0.4257931113243103,,,
44160,0.0975032359361648,1.062109375,0.265527755022049,,,
44170,0.0985818237066269,1.053125,0.2080888152122498,,,
44180,0.100939305126667,1.097265625,0.3319937586784363,,,
44190,0.103345937281847,1.09375,0.3166924715042114,,,
44200,0.102801924943924,1.064453125,0.2878887355327606,,,
44210,0.1050909355282783,1.082421875,0.3615500032901764,,,
44220,0.1017525844275951,1.05703125,0.2674436271190643,,,
44230,0.1028690218925476,1.11875,0.3146465718746185,,,
44240,0.102789019048214,1.069140625,0.2930693626403809,,,
44250,0.1017238907516003,1.033203125,0.2917356193065643,,,
44260,0.101868000626564,1.066015625,0.4358101785182953,,,
44270,0.1017981760203838,1.090234375,0.2854351401329041,,,
44280,0.10400200933218,1.055859375,0.3153558671474457,,,
44290,0.1022881850600243,1.13125,0.2017692178487778,,,
44300,0.0996150031685829,1.057421875,0.3064940273761749,,,
44310,0.1001089386641979,1.055859375,0.3024850487709045,,,
44320,0.1039182424545288,1.07890625,0.2655426263809204,,,
44330,0.101642532646656,1.08359375,0.5354582071304321,,,
44340,0.1017985135316849,1.07578125,0.3908688127994537,,,
44350,0.1016963578760624,1.0484375,0.2921481728553772,,,
44360,0.1018266879022121,1.07734375,0.3155809342861176,,,
44370,0.0989143058657646,1.0609375,0.2557205259799957,,,
44380,0.1010224364697933,1.07578125,0.235108345746994,,,
44390,0.1006544351577759,1.06328125,0.2495038062334061,,,
44400,0.0987618267536163,1.127734375,0.2446831464767456,,,
44410,0.1027222186326981,1.0484375,0.2239581942558289,,,
44420,0.1018509536981583,1.08125,0.2841013371944427,,,
44430,0.1009942926466465,1.096484375,0.2179793566465378,,,
44440,0.1008472740650177,1.03125,0.2245592325925827,,,
44450,0.0998442687094211,1.073828125,0.3783156871795654,,,
44460,0.0998232826590538,1.07578125,0.5372090935707092,,,
44470,0.1056953869760036,1.126171875,0.1817404329776764,,,
44480,0.0995469957590103,1.028125,0.2032548934221268,,,
44490,0.1041650392115116,1.0890625,0.3370123207569122,,,
44500,0.105826935172081,1.089453125,0.3889649510383606,,,
44510,0.100222110748291,1.097265625,0.4717141389846802,,,
44520,0.1043407388031483,1.072265625,0.2280147522687912,,,
44530,0.1006547272205353,1.07734375,0.300887405872345,,,
44540,0.0998373635113239,1.092578125,0.2450482696294785,,,
44550,0.1016373172402382,1.071875,0.3024326860904694,,,
44560,0.1029729939997196,1.056640625,0.3121347725391388,,,
44570,0.0975545220077037,1.075390625,0.2209924161434174,,,
44580,0.1001225374639034,1.058203125,0.313630074262619,,,
44590,0.098217687010765,1.06171875,0.3465796709060669,,,
44600,0.1027366422116756,1.074609375,0.2771556973457336,,,
44610,0.1020562574267387,1.0921875,0.3083046078681946,,,
44620,0.0981740452349186,1.04609375,0.3349736332893372,,,
44630,0.1031010113656521,1.10078125,0.2173012942075729,,,
44640,0.1022754862904549,1.076953125,0.2367195338010788,,,
44650,0.1015046462416649,1.104296875,0.3179109990596771,,,
44660,0.0959732711315155,1.04609375,0.382608026266098,,,
44670,0.1025578260421753,1.05859375,0.268265962600708,,,
44680,0.098058633506298,1.0859375,0.3308102190494537,,,
44690,0.0998724423348903,1.052734375,0.2388402074575424,,,
44700,0.1016805224120617,1.05859375,0.2633216083049774,,,
44710,0.10152822509408,1.0875,0.2005961239337921,,,
44720,0.1016490288078785,1.093359375,0.3194146454334259,,,
44730,0.1037713333964348,1.0578125,0.210765153169632,,,
44740,0.1004667907953262,1.08671875,0.4115075767040253,,,
44750,0.0971311591565609,1.059765625,0.2744749784469604,,,
44760,0.098944703489542,1.075,0.258246123790741,,,
44770,0.1030802302062511,1.09609375,0.2875871360301971,,,
44780,0.1024620346724987,1.059375,0.2226281464099884,,,
44790,0.0966098725795745,1.137109375,0.3222379982471466,,,
44800,0.098522113263607,1.0625,0.289466917514801,,,
44810,0.1006266057491303,1.0265625,0.3794400990009308,,,
44820,0.0966240994632244,1.080078125,0.2049955427646637,,,
44830,0.0998715318739414,0.990625,0.2183307856321335,,,
44840,0.0978892207145691,1.128515625,0.2672134935855865,,,
44850,0.0976500794291496,1.075,0.1924884617328644,,,
44860,0.0966917537152767,1.08515625,0.2777123153209686,,,
44870,0.1005038075149059,1.016796875,0.2511532604694366,,,
44880,0.1027385547757149,1.09296875,0.2866671681404114,,,
44890,0.1047513104975224,1.051171875,0.4186610579490662,,,
44900,0.1002983450889587,1.10234375,0.228552371263504,,,
44910,0.0990070842206478,1.0640625,0.2361993342638016,,,
44920,0.1021028369665146,1.10703125,0.2463866323232651,,,
44930,0.0994138225913047,1.073828125,0.2501550614833832,,,
44940,0.0965418606996536,1.054296875,0.1921150684356689,,,
44950,0.1027657561004162,1.071484375,0.247748926281929,,,
44960,0.0971824504435062,1.07421875,0.2295089215040207,,,
44970,0.1000109948217869,1.06328125,0.5199345350265503,,,
44980,0.0983050316572189,1.042578125,0.2617939114570618,,,
44990,0.0991695269942283,1.06796875,0.1793170720338821,,,
45000,0.0993837319314479,1.068359375,0.4491500556468964,0.6495290398597717,0.4275617404585261,0.5553306792901429
45010,0.1048372849822044,1.11875,0.3540059030056,,,
45020,0.1014874063432217,1.102734375,0.2649510204792023,,,
45030,0.1000137031078339,1.030078125,0.2060564309358597,,,
45040,0.1028086580336094,1.1078125,0.3923424780368805,,,
45050,0.099875047057867,1.067578125,0.4822322428226471,,,
45060,0.1003061331808567,1.077734375,0.1866793930530548,,,
45070,0.1001114182174206,1.08203125,0.3023997843265533,,,
45080,0.099987930804491,1.0953125,0.3030523359775543,,,
45090,0.1030023545026779,1.058984375,0.2360824048519135,,,
45100,0.1025538064539433,1.048046875,0.2571074068546295,,,
45110,0.0999134331941604,1.096484375,0.2895646691322327,,,
45120,0.097744645178318,1.0546875,0.4700230658054352,,,
45130,0.0994144693017005,1.090234375,0.2637860774993896,,,
45140,0.10151661708951,1.0890625,0.2894150018692017,,,
45150,0.1009925283491611,1.10078125,0.3978356122970581,,,
45160,0.0998622916638851,1.03203125,0.3492368459701538,,,
45170,0.1008748427033424,1.0078125,0.2036729156970978,,,
45180,0.0990011997520923,1.082421875,0.2415526062250137,,,
45190,0.0987155862152576,1.071875,0.3147482872009277,,,
45200,0.1015610881149769,1.1,0.2385818213224411,,,
45210,0.0949050642549991,1.057421875,0.2423331737518311,,,
45220,0.0999633401632309,1.07734375,0.3010754585266113,,,
45230,0.098485605418682,1.0546875,0.2112643420696259,,,
45240,0.1010972574353218,1.06953125,0.315401166677475,,,
45250,0.0996854595839977,1.1,0.3029841780662537,,,
45260,0.1037863925099373,1.048046875,0.3761896789073944,,,
45270,0.1066579088568687,1.09296875,0.2174446135759354,,,
45280,0.1001630820333958,1.029296875,0.1707549840211868,,,
45290,0.1031517453491688,1.12421875,0.4447473585605621,,,
45300,0.1012646891176701,1.069921875,0.2696478366851807,,,
45310,0.0987505696713924,1.0421875,0.2423140108585358,,,
45320,0.0975959055125713,1.058203125,0.2843248844146729,,,
45330,0.1014121741056442,1.092578125,0.1741749048233032,,,
45340,0.0980141907930374,1.112109375,0.3274681866168976,,,
45350,0.0980711348354816,1.152734375,0.2888589203357697,,,
45360,0.1024603001773357,1.080078125,0.3940544128417969,,,
45370,0.1011425100266933,1.02890625,0.2816623747348785,,,
45380,0.103361139446497,1.08046875,0.2272048741579056,,,
45390,0.0985314480960369,1.02421875,0.2203271985054016,,,
45400,0.0992624841630458,1.11875,0.2260200381278992,,,
45410,0.1036977648735046,1.09453125,0.3703900575637817,,,
45420,0.1017567507922649,1.080859375,0.3729921579360962,,,
45430,0.1019734255969524,1.070703125,0.2712600231170654,,,
45440,0.0997519761323928,1.0578125,0.4871708154678345,,,
45450,0.1036039441823959,1.08515625,0.3170411586761475,,,
45460,0.1011812798678875,1.07421875,0.3027062714099884,,,
45470,0.09978057295084,1.06875,0.5220377445220947,,,
45480,0.1020099736750126,1.063671875,0.2467766255140305,,,
45490,0.1005400866270065,1.061328125,0.6001678109169006,,,
45500,0.0966704480350017,1.061328125,0.3826360404491425,,,
45510,0.1042819865047932,1.06875,0.2374770492315292,,,
45520,0.1027064733207226,1.125,0.3852062821388245,,,
45530,0.0998872883617878,1.047265625,0.3169989585876465,,,
45540,0.1027078151702881,1.042578125,0.3411708772182465,,,
45550,0.1023212783038616,1.052734375,0.3661828935146332,,,
45560,0.101054459810257,1.071875,0.3406428098678589,,,
45570,0.0965426072478294,1.059375,0.3390505611896515,,,
45580,0.1011802062392235,1.030859375,0.3116887211799622,,,
45590,0.0976122878491878,1.091015625,0.4495554864406586,,,
45600,0.101311618834734,1.058984375,0.2973625659942627,,,
45610,0.102510254830122,1.101953125,0.2503328621387482,,,
45620,0.0994087673723697,1.036328125,0.3066344559192657,,,
45630,0.1004586942493916,1.102734375,0.205734521150589,,,
45640,0.0984403699636459,1.06640625,0.4049152731895447,,,
45650,0.1021274700760841,1.104296875,0.2984316349029541,,,
45660,0.0997449867427349,1.083203125,0.4066217541694641,,,
45670,0.0996571466326713,1.01875,0.2780450582504272,,,
45680,0.0979443497955799,1.075,0.3069961667060852,,,
45690,0.1049302488565445,1.08515625,0.2911081612110138,,,
45700,0.1017858281731606,1.060546875,0.2745432257652283,,,
45710,0.0997878327965736,1.075390625,0.2033682018518448,,,
45720,0.1007857091724873,1.0671875,0.3646688759326935,,,
45730,0.0980054132640361,1.023828125,0.3596336245536804,,,
45740,0.1025715060532093,1.08359375,0.3132342100143433,,,
45750,0.1025737121701241,1.07265625,0.2794880568981171,,,
45760,0.0960743501782417,1.066796875,0.2649585008621216,,,
45770,0.1026498168706894,1.085546875,0.4024584591388702,,,
45780,0.096291384100914,1.061328125,0.3207999169826508,,,
45790,0.1001158125698566,1.08125,0.3323128819465637,,,
45800,0.1028993494808674,1.046875,0.2268633842468262,,,
45810,0.098807081580162,1.10625,0.3430873155593872,,,
45820,0.1005966767668724,1.0921875,0.4233081340789795,,,
45830,0.099919643998146,1.038671875,0.4222034811973572,,,
45840,0.1022400118410587,1.021875,0.2964780330657959,,,
45850,0.0954356975853443,1.09296875,0.3081012368202209,,,
45860,0.0999194175004959,1.041796875,0.2441649734973907,,,
45870,0.0987468421459198,1.118359375,0.3621079921722412,,,
45880,0.1013805821537972,1.0625,0.6716446280479431,,,
45890,0.10184281244874,1.06640625,0.4227576851844788,,,
45900,0.0989385530352592,1.086328125,0.2667352557182312,,,
45910,0.0971179291605949,1.045703125,0.3544277548789978,,,
45920,0.0982352949678897,1.04453125,0.2715634703636169,,,
45930,0.0983490154147148,1.036328125,0.3447973132133484,,,
45940,0.1013564772903919,0.999609375,0.2664991319179535,,,
45950,0.0981968149542808,1.07578125,0.2463461011648178,,,
45960,0.1016530588269234,1.069921875,0.2901051938533783,,,
45970,0.0969122409820556,1.057421875,0.4689435064792633,,,
45980,0.1001183204352856,1.058984375,0.2587397396564484,,,
45990,0.0975439205765724,1.07578125,0.3920646905899048,,,
46000,0.1025411710143089,1.0734375,0.2607741951942444,0.6416988372802734,0.4149195345993823,0.5610432931087961
46010,0.1032688349485397,1.10625,0.3132306635379791,,,
46020,0.098453951627016,1.052734375,0.2697147130966187,,,
46030,0.10485620200634,1.05390625,0.4496118724346161,,,
46040,0.0998419240117073,1.041015625,0.2352568507194519,,,
46050,0.1002060316503048,1.07734375,0.2111480087041855,,,
46060,0.0969714574515819,1.08046875,0.4587789475917816,,,
46070,0.1009334348142147,1.073828125,0.2918215692043304,,,
46080,0.1025919124484062,1.122265625,0.2466969043016434,,,
46090,0.100248695909977,1.1,0.516463577747345,,,
46100,0.1020930543541908,1.066796875,0.2285386323928833,,,
46110,0.1013611577451229,1.105078125,0.2554141581058502,,,
46120,0.1000297658145428,1.08046875,0.4583486914634705,,,
46130,0.0981489069759845,1.08046875,0.2583785057067871,,,
46140,0.1004874899983406,1.08984375,0.2238316237926483,,,
46150,0.0971848219633102,1.04765625,0.317877858877182,,,
46160,0.1010851673781872,1.06640625,0.4122717380523682,,,
46170,0.0987514451146125,1.04296875,0.220482736825943,,,
46180,0.1014379188418388,1.09453125,0.4348862171173096,,,
46190,0.0969146639108657,1.03125,0.2254197299480438,,,
46200,0.1011011235415935,1.07109375,0.4578568041324615,,,
46210,0.0974902354180812,1.0578125,0.303512305021286,,,
46220,0.102112877368927,1.101953125,0.2018726915121078,,,
46230,0.0993295937776565,1.075390625,0.3529187440872192,,,
46240,0.1008954867720604,1.037890625,0.3016805946826935,,,
46250,0.0996140144765377,1.0421875,0.1717305183410645,,,
46260,0.0995194047689437,1.07109375,0.2024461030960083,,,
46270,0.0979084707796573,1.056640625,0.2710229158401489,,,
46280,0.1008821055293083,1.04296875,0.3023905158042908,,,
46290,0.1000813469290733,1.15,0.3322789072990417,,,
46300,0.0987329393625259,1.0484375,0.4692323207855225,,,
46310,0.0980882830917835,1.0796875,0.2751521170139313,,,
46320,0.1005176939070225,1.093359375,0.2383691221475601,,,
46330,0.1036860562860966,1.005859375,0.2907727360725403,,,
46340,0.1019382797181606,1.1171875,0.2330579310655594,,,
46350,0.1031446777284145,1.05625,0.3863421976566315,,,
46360,0.1026260182261467,1.089453125,0.239155650138855,,,
46370,0.1023392029106617,1.074609375,0.3833001852035522,,,
46380,0.1024509608745575,1.062109375,0.2079757899045944,,,
46390,0.0992357686161995,1.06484375,0.294177234172821,,,
46400,0.1010116316378117,1.129296875,0.4522450864315033,,,
46410,0.0996668770909309,1.090625,0.2431406080722809,,,
46420,0.1058924369513989,1.11171875,0.3590765297412872,,,
46430,0.1003710687160492,1.101953125,0.4144299030303955,,,
46440,0.102870100736618,1.0203125,0.2477193027734756,,,
46450,0.0967973619699478,1.096875,0.2024199068546295,,,
46460,0.0968591175973415,1.053515625,0.3465265035629272,,,
46470,0.1008297763764858,1.064453125,0.264386773109436,,,
46480,0.1011548489332199,1.07578125,0.1976958513259888,,,
46490,0.1002933792769909,1.0390625,0.3052621781826019,,,
46500,0.1048885963857174,1.1046875,0.2321279644966125,,,
46510,0.0986916184425354,1.059765625,0.2465996742248535,,,
46520,0.1057492047548294,1.0703125,0.1979283690452576,,,
46530,0.1020795434713364,1.0546875,0.4834377467632294,,,
46540,0.0999210603535175,1.090234375,0.3357372879981995,,,
46550,0.1032236911356449,1.0734375,0.2750141024589539,,,
46560,0.0979482039809227,1.07578125,0.1683906465768814,,,
46570,0.1025400117039681,1.0796875,0.2570974230766296,,,
46580,0.1009061016142368,1.05703125,0.2830488681793213,,,
46590,0.0985913313925266,1.04609375,0.2286452949047089,,,
46600,0.0993591949343681,1.0671875,0.3355063498020172,,,
46610,0.0951683908700943,1.11328125,0.3492364287376404,,,
46620,0.096886633336544,1.029296875,0.2348955273628235,,,
46630,0.1001928523182869,1.073046875,0.2416475117206573,,,
46640,0.0977720417082309,1.062109375,0.3098933100700378,,,
46650,0.0969630517065525,1.084375,0.2689199447631836,,,
46660,0.1003105975687504,1.0953125,0.2418549805879593,,,
46670,0.0980597496032714,1.04296875,0.2312931269407272,,,
46680,0.0993103832006454,1.062109375,0.3260103762149811,,,
46690,0.0992426596581936,1.08125,0.3056009113788605,,,
46700,0.1001507751643658,1.07421875,0.25387904047966,,,
46710,0.1010210700333118,1.057421875,0.4876903891563416,,,
46720,0.1005480982363224,1.0546875,0.2444048970937729,,,
46730,0.1027771584689617,1.093359375,0.248871847987175,,,
46740,0.0994857192039489,1.075,0.2232283502817154,,,
46750,0.0978397920727729,1.076953125,0.4184155762195587,,,
46760,0.0995918557047843,1.048828125,0.3449327647686005,,,
46770,0.0999166436493396,1.072265625,0.24882872402668,,,
46780,0.0964556485414505,1.06328125,0.1813732385635376,,,
46790,0.1005084365606308,1.084765625,0.2294845879077911,,,
46800,0.1009959116578102,1.05703125,0.4317122995853424,,,
46810,0.100383947789669,1.08984375,0.3091808557510376,,,
46820,0.1043072618544102,1.075,0.5196839570999146,,,
46830,0.1014226026833057,1.10703125,0.5011290311813354,,,
46840,0.0998482085764408,1.0125,0.26365727186203,,,
46850,0.100093699246645,1.104296875,0.4052921831607819,,,
46860,0.1002019628882408,1.02734375,0.2887817919254303,,,
46870,0.0934380553662777,1.102734375,0.2140527963638306,,,
46880,0.0974486120045185,1.066796875,0.3039718568325043,,,
46890,0.1044609144330025,1.058984375,0.4702635407447815,,,
46900,0.1031166948378086,1.07578125,0.3668422102928162,,,
46910,0.0999117538332939,1.109375,0.2492466866970062,,,
46920,0.1003713473677635,1.08125,0.4005721509456635,,,
46930,0.0994555614888668,1.06484375,0.1576146185398102,,,
46940,0.1012318633496761,1.05859375,0.3293522894382477,,,
46950,0.0992846459150314,1.088671875,0.2498972713947296,,,
46960,0.1020980842411518,1.058203125,0.1833977699279785,,,
46970,0.099933435767889,1.082421875,0.3051978647708893,,,
46980,0.1030542060732842,1.047265625,0.3567821681499481,,,
46990,0.0974882118403911,1.023046875,0.2563853561878204,,,
47000,0.1049985840916634,1.11484375,0.3656413555145264,0.6435304284095764,0.4259227761138721,0.5606460813322436
47010,0.0996163561940193,1.07421875,0.2448396980762482,,,
47020,0.0988528549671173,1.030078125,0.2037730365991592,,,
47030,0.0991861581802368,1.04296875,0.2296103984117508,,,
47040,0.0996630474925041,1.0734375,0.2427582591772079,,,
47050,0.0983878828585147,1.08984375,0.1862836927175522,,,
47060,0.1002978391945362,1.0859375,0.2782555222511292,,,
47070,0.0987423032522201,1.1375,0.3347210586071014,,,
47080,0.1040242947638035,1.08828125,0.2371073067188263,,,
47090,0.1008123032748699,1.087109375,0.2988618612289429,,,
47100,0.1022634878754616,1.09765625,0.3149784207344055,,,
47110,0.1020245999097824,1.065625,0.3168467581272125,,,
47120,0.0996541745960712,1.05546875,0.3559380173683167,,,
47130,0.0996953912079334,1.08828125,0.3896332085132599,,,
47140,0.1040290988981724,1.071484375,0.3487496078014374,,,
47150,0.099285789579153,1.0734375,0.2909888923168182,,,
47160,0.0996987842023372,1.021484375,0.2813299298286438,,,
47170,0.1026500009000301,1.097265625,0.353717714548111,,,
47180,0.10097331777215,1.085546875,0.2642568647861481,,,
47190,0.1016043141484261,1.065625,0.4793663620948792,,,
47200,0.1043957762420177,1.0640625,0.334332287311554,,,
47210,0.1015263937413693,1.084765625,0.4660973250865936,,,
47220,0.1020086199045181,1.071875,0.3590571284294128,,,
47230,0.1036613784730434,1.10234375,0.2178731113672256,,,
47240,0.1057194702327251,1.05859375,0.2908803224563599,,,
47250,0.0987744688987732,1.073828125,0.2755223214626312,,,
47260,0.0998454943299293,1.07109375,0.2631367444992065,,,
47270,0.0947217017412185,1.095703125,0.3824501931667328,,,
47280,0.0994646802544593,1.017578125,0.2853012681007385,,,
47290,0.1018958389759064,1.090625,0.219796895980835,,,
47300,0.1006541915237904,1.01953125,0.2114825248718262,,,
47310,0.1003822639584541,1.070703125,0.3814098238945007,,,
47320,0.0992235034704208,1.07109375,0.3257087469100952,,,
47330,0.0985707156360149,1.08046875,0.3608863353729248,,,
47340,0.1024031974375248,1.07421875,0.3729661703109741,,,
47350,0.0999979794025421,1.08984375,0.2159502506256104,,,
47360,0.1021001555025578,1.08828125,0.2627851963043213,,,
47370,0.1003516018390656,1.062109375,0.2507431209087372,,,
47380,0.0982722543179988,1.02734375,0.2425190806388855,,,
47390,0.1010695293545723,1.065625,0.3621734082698822,,,
47400,0.1002577565610409,1.04296875,0.2346694320440292,,,
47410,0.1003806404769421,1.048828125,0.277931421995163,,,
47420,0.0943796157836914,1.079296875,0.3367335498332977,,,
47430,0.0994510889053344,1.095703125,0.3560232222080231,,,
47440,0.0968156047165393,1.105859375,0.2341113686561584,,,
47450,0.0994164653122425,1.02421875,0.230854257941246,,,
47460,0.0984432205557823,1.1203125,0.2897624969482422,,,
47470,0.102555850148201,1.05,0.4343642890453339,,,
47480,0.1029592126607895,1.1,0.281697541475296,,,
47490,0.1043279074132442,1.051953125,0.4376571178436279,,,
47500,0.0930982336401939,1.056640625,0.3813436925411224,,,
47510,0.0988284945487976,1.0953125,0.2544668614864349,,,
47520,0.0994575373828411,1.115625,0.3975948393344879,,,
47530,0.1008841589093208,1.059375,0.2692670822143555,,,
47540,0.0990236923098564,1.043359375,0.2730793058872223,,,
47550,0.0981507122516632,1.04375,0.3285867273807526,,,
47560,0.1015988864004612,1.063671875,0.4278701543807983,,,
47570,0.097757838666439,1.080078125,0.2935146391391754,,,
47580,0.0999305419623851,1.07890625,0.2549988925457001,,,
47590,0.0998795703053474,1.031640625,0.2707500755786896,,,
47600,0.1024514034390449,1.07109375,0.282931387424469,,,
47610,0.1008825175464153,1.050390625,0.3150386214256287,,,
47620,0.1003362156450748,1.060546875,0.237320601940155,,,
47630,0.1000070683658123,1.055078125,0.3846288919448853,,,
47640,0.1018951490521431,1.094140625,0.534163236618042,,,
47650,0.0980737574398517,1.09140625,0.3577356040477753,,,
47660,0.1006144098937511,1.063671875,0.3764585554599762,,,
47670,0.0983378864824771,1.08125,0.336753785610199,,,
47680,0.1023054346442223,1.05703125,0.4407415091991425,,,
47690,0.1009587787091732,1.076953125,0.3976610004901886,,,
47700,0.1011222928762436,1.08515625,0.3508400917053223,,,
47710,0.1002233326435089,1.071875,0.3750109076499939,,,
47720,0.1033769853413105,1.0609375,0.3349674940109253,,,
47730,0.1038163028657436,1.096484375,0.2222400456666946,,,
47740,0.1016238301992416,1.07421875,0.2261160314083099,,,
47750,0.1010782890021801,1.0703125,0.3344688415527344,,,
47760,0.097442752122879,1.01640625,0.362883985042572,,,
47770,0.0954039774835109,1.071484375,0.2712396681308746,,,
47780,0.1002104476094246,1.06484375,0.2944678664207458,,,
47790,0.0984790235757827,1.126953125,0.4097739458084106,,,
47800,0.1021648310124874,1.090234375,0.4500921666622162,,,
47810,0.1009336963295937,1.033203125,0.2444882392883301,,,
47820,0.1020123049616814,1.0734375,0.2765019237995148,,,
47830,0.0969372786581516,1.0578125,0.2611472904682159,,,
47840,0.0973213575780391,1.06328125,0.3153300285339355,,,
47850,0.1001001358032227,1.086328125,0.2154476046562195,,,
47860,0.1040810346603394,1.04765625,0.2429867833852768,,,
47870,0.0978155873715877,1.06953125,0.2822447419166565,,,
47880,0.0998324200510978,1.009375,0.2086040377616882,,,
47890,0.1012124687433243,1.1125,0.2582518756389618,,,
47900,0.0997963741421699,1.0390625,0.2433633357286453,,,
47910,0.0977131702005863,1.076171875,0.1776440888643265,,,
47920,0.0957771897315979,1.1,0.2686513066291809,,,
47930,0.1032711789011955,1.052734375,0.4724484086036682,,,
47940,0.0977169521152973,1.09453125,0.2515533864498138,,,
47950,0.1010166242718697,1.0515625,0.2662199437618256,,,
47960,0.098065136373043,1.065625,0.2291787415742874,,,
47970,0.1011703103780746,1.015234375,0.3219750821590424,,,
47980,0.0999607011675834,1.073828125,0.2686894237995148,,,
47990,0.100479744374752,1.096484375,0.266266256570816,,,
48000,0.0988684713840484,1.08984375,0.2876827716827393,0.6398723721504211,0.4332470429372081,0.5545169861384475
48010,0.0958575047552585,1.115234375,0.1872937083244324,,,
48020,0.098050257563591,1.047265625,0.2731399238109589,,,
48030,0.101727082580328,1.078515625,0.2173268347978592,,,
48040,0.1004155851900577,1.038671875,0.3291534781455994,,,
48050,0.0990916699171066,1.037890625,0.3273430466651917,,,
48060,0.0981102809309959,1.079296875,0.3164593875408173,,,
48070,0.0980378352105617,1.1,0.2644196450710297,,,
48080,0.0979847893118858,1.066015625,0.2040100693702698,,,
48090,0.0992353297770023,1.077734375,0.3879624903202057,,,
48100,0.0985710695385932,1.03125,0.2305470407009125,,,
48110,0.0987564772367477,1.08203125,0.4070087969303131,,,
48120,0.0943194977939128,1.05234375,0.2241055071353912,,,
48130,0.1021679691970348,1.075,0.2744081318378448,,,
48140,0.1009566612541676,1.08125,0.4750156402587891,,,
48150,0.0994710639119148,1.06171875,0.3691060245037079,,,
48160,0.1026955589652061,1.055078125,0.2087733894586563,,,
48170,0.09790695682168,1.038671875,0.2728155553340912,,,
48180,0.0944094985723495,1.065234375,0.3949650228023529,,,
48190,0.09899183511734,1.113671875,0.2826814353466034,,,
48200,0.0992254517972469,1.096484375,0.2967203259468079,,,
48210,0.104625004529953,1.083984375,0.4059207141399384,,,
48220,0.1028484597802162,1.042578125,0.3245819509029388,,,
48230,0.0969746008515358,1.07109375,0.2289052754640579,,,
48240,0.1033332966268063,1.09453125,0.277280330657959,,,
48250,0.1000784605741501,1.080078125,0.275052398443222,,,
48260,0.0983470551669597,1.056640625,0.3493149280548096,,,
48270,0.1039032198488712,1.0484375,0.2633134722709656,,,
48280,0.0954333834350109,1.04375,0.2898705899715424,,,
48290,0.0995126374065876,1.044140625,0.1890138238668442,,,
48300,0.0987558364868164,1.0421875,0.279329240322113,,,
48310,0.1025147773325443,1.069140625,0.375273585319519,,,
48320,0.1002835042774677,1.08671875,0.3271510004997253,,,
48330,0.098649138957262,1.06328125,0.3110829889774323,,,
48340,0.0966032795608043,1.026953125,0.2596137523651123,,,
48350,0.10141232162714,1.076953125,0.4236249923706055,,,
48360,0.1006213344633579,1.0984375,0.1785159558057785,,,
48370,0.1015684969723225,1.074609375,0.3064565062522888,,,
48380,0.1005009688436985,1.070703125,0.225649282336235,,,
48390,0.099287398904562,1.087890625,0.312003493309021,,,
48400,0.0979966796934604,1.0765625,0.3083382546901703,,,
48410,0.0987840332090854,1.0703125,0.3744046092033386,,,
48420,0.1022247262299061,1.103125,0.4425706565380096,,,
48430,0.0967238329350948,1.0015625,0.2511572539806366,,,
48440,0.1006832040846348,1.046484375,0.227053314447403,,,
48450,0.1025212608277798,1.094140625,0.2779194116592407,,,
48460,0.097652943432331,1.04375,0.2724068462848663,,,
48470,0.0991513043642044,1.0921875,0.2044913619756699,,,
48480,0.0997987799346447,1.055078125,0.3867923319339752,,,
48490,0.104543624818325,1.03203125,0.3333435356616974,,,
48500,0.0973404794931411,1.055078125,0.2579566836357117,,,
48510,0.0993652507662773,1.0671875,0.404150664806366,,,
48520,0.1015034697949886,1.09453125,0.2845410406589508,,,
48530,0.0991266712546348,1.04296875,0.190246507525444,,,
48540,0.0980836048722267,1.067578125,0.5245124697685242,,,
48550,0.1008483327925205,1.06953125,0.3316294848918915,,,
48560,0.1019436195492744,1.06953125,0.2678863406181335,,,
48570,0.1041479952633381,1.055859375,0.5093501806259155,,,
48580,0.097590335458517,1.101953125,0.2476613372564316,,,
48590,0.0989776313304901,1.05390625,0.4489524364471436,,,
48600,0.0988621711730957,1.065234375,0.414557158946991,,,
48610,0.101534154266119,1.060546875,0.2076120227575302,,,
48620,0.0991794303059578,1.012890625,0.3015795350074768,,,
48630,0.0941486999392509,1.062109375,0.2507207095623016,,,
48640,0.0989517979323864,1.096875,0.3289934396743774,,,
48650,0.0993115715682506,1.1421875,0.3492171466350555,,,
48660,0.1000078111886978,1.036328125,0.2534826397895813,,,
48670,0.1009557634592056,1.0296875,0.2196625024080276,,,
48680,0.0967932157218456,1.05859375,0.2515999674797058,,,
48690,0.0962047681212425,1.013671875,0.3372808694839478,,,
48700,0.0974464580416679,1.056640625,0.2039184272289276,,,
48710,0.0972511135041713,1.05,0.3147009015083313,,,
48720,0.1027368791401386,1.034375,0.2963977158069611,,,
48730,0.097565184533596,1.0796875,0.260808140039444,,,
48740,0.0975176304578781,1.034375,0.2211374342441559,,,
48750,0.1027234897017479,1.112890625,0.4530009627342224,,,
48760,0.100214821845293,1.088671875,0.3161066472530365,,,
48770,0.0990382343530655,1.07265625,0.2495590001344681,,,
48780,0.0987860567867755,1.0828125,0.2406596690416336,,,
48790,0.100027909129858,1.060546875,0.2667377889156342,,,
48800,0.1005240544676781,1.09921875,0.266019731760025,,,
48810,0.0979965038597583,1.034765625,0.2547102272510529,,,
48820,0.1005664065480232,1.112890625,0.3142952620983124,,,
48830,0.1008121900260448,1.101171875,0.2705575227737427,,,
48840,0.0938289664685726,1.012890625,0.2236598283052444,,,
48850,0.0983570203185081,1.06796875,0.3900721371173859,,,
48860,0.1002370327711105,1.069140625,0.246199443936348,,,
48870,0.0970316961407661,1.08046875,0.4350036084651947,,,
48880,0.0978006236255168,1.044921875,0.4278623759746552,,,
48890,0.1006682954728603,1.09921875,0.2330646961927414,,,
48900,0.1000776395201683,1.048046875,0.2395840436220169,,,
48910,0.1029122859239578,1.06640625,0.3967503607273102,,,
48920,0.0976823098957538,1.017578125,0.2589153647422791,,,
48930,0.0995866879820823,1.074609375,0.357591301202774,,,
48940,0.100398064404726,1.0640625,0.4059643149375916,,,
48950,0.1035718902945519,1.09375,0.2717150747776031,,,
48960,0.0984883181750774,1.01171875,0.1793970167636871,,,
48970,0.096711628139019,1.048828125,0.2529071569442749,,,
48980,0.1009371064603329,1.08125,0.2131540328264236,,,
48990,0.0971511602401733,1.093359375,0.2737729549407959,,,
49000,0.0975737147033214,1.047265625,0.3796610534191132,0.6478552222251892,0.4352635871342425,0.5573847989242751
49010,0.1003124967217445,1.0546875,0.2084166258573532,,,
49020,0.1009996697306633,1.053515625,0.2822110950946808,,,
49030,0.1019289672374725,1.056640625,0.4088800847530365,,,
49040,0.1028100475668907,1.104296875,0.2666182816028595,,,
49050,0.1020221948623657,1.034375,0.3919231295585632,,,
49060,0.0993290595710277,1.087890625,0.3274903893470764,,,
49070,0.0987792521715164,1.027734375,0.279569685459137,,,
49080,0.0982985824346542,1.055859375,0.2516114413738251,,,
49090,0.0962095968425273,1.019140625,0.3043975532054901,,,
49100,0.096999605000019,1.09453125,0.2388066351413727,,,
49110,0.0991416908800602,1.08515625,0.4193210005760193,,,
49120,0.0966513969004154,1.058203125,0.5436480045318604,,,
49130,0.1017848201096058,1.091015625,0.4181481301784515,,,
49140,0.0982928544282913,1.081640625,0.3485173583030701,,,
49150,0.0993662744760513,1.019921875,0.2669064104557037,,,
49160,0.1018631488084793,1.07109375,0.5169407725334167,,,
49170,0.0967526234686374,1.072265625,0.3042395710945129,,,
49180,0.1011062830686569,1.0671875,0.2269092202186584,,,
49190,0.1006239339709282,1.0890625,0.2533053755760193,,,
49200,0.0984790228307247,1.019921875,0.3948636949062347,,,
49210,0.1009288594126701,1.109375,0.3160050809383392,,,
49220,0.0991825126111507,1.065625,0.3488868772983551,,,
49230,0.0996516361832618,1.057421875,0.3473294377326965,,,
49240,0.0997127316892147,1.04296875,0.2518668472766876,,,
49250,0.0982265397906303,1.084765625,0.4685085713863373,,,
49260,0.0997265368700027,1.041796875,0.3263140320777893,,,
49270,0.0963169403374195,1.08046875,0.325618177652359,,,
49280,0.1012411877512932,1.060546875,0.5058428645133972,,,
49290,0.1024660289287567,1.083984375,0.3005435168743134,,,
49300,0.0961594693362712,1.031640625,0.2113211005926132,,,
49310,0.0996553145349025,1.118359375,0.4515626728534698,,,
49320,0.1017462857067585,1.023046875,0.4257119596004486,,,
49330,0.0989918984472751,1.08671875,0.3288033008575439,,,
49340,0.0990858137607574,1.0421875,0.2946027219295502,,,
49350,0.1006711713969708,1.048828125,0.2437218278646469,,,
49360,0.0991492338478565,1.115625,0.365871250629425,,,
49370,0.1012113519012928,1.075390625,0.2219659239053726,,,
49380,0.0982738621532917,1.07265625,0.4361507892608643,,,
49390,0.0981074906885624,1.06484375,0.2454923242330551,,,
49400,0.100761903822422,1.036328125,0.4419035613536835,,,
49410,0.098141510784626,1.0578125,0.2739661633968353,,,
49420,0.1005959711968899,1.0640625,0.3342266082763672,,,
49430,0.098914086073637,1.07578125,0.2780679166316986,,,
49440,0.0974655844271183,1.09296875,0.2025987356901169,,,
49450,0.0970110885798931,1.06640625,0.3115039765834808,,,
49460,0.0964029110968112,1.03828125,0.2691246271133423,,,
49470,0.101188063621521,1.0046875,0.3514827787876129,,,
49480,0.097670017927885,1.058203125,0.2914192974567413,,,
49490,0.0984396338462829,1.07265625,0.2089212685823441,,,
49500,0.096192517876625,1.062109375,0.3167757391929626,,,
49510,0.0984047025442123,1.043359375,0.4012612402439117,,,
49520,0.0985380716621875,1.06640625,0.2440950125455856,,,
49530,0.1004901602864265,1.05390625,0.2065839618444443,,,
49540,0.0962342798709869,1.03359375,0.3608177006244659,,,
49550,0.101194504648447,1.112890625,0.3601407110691071,,,
49560,0.0994628846645355,1.097265625,0.1995184570550919,,,
49570,0.1045307613909245,1.1125,0.2905654311180115,,,
49580,0.0962903022766113,1.05078125,0.2097465246915817,,,
49590,0.095599739998579,1.054296875,0.259731113910675,,,
49600,0.0955859668552875,1.070703125,0.5134182572364807,,,
49610,0.0969332583248615,1.055859375,0.2490328848361969,,,
49620,0.0967432104051113,1.078125,0.313265860080719,,,
49630,0.098475070297718,1.0984375,0.2751461565494537,,,
49640,0.1019544966518879,1.099609375,0.2765205204486847,,,
49650,0.0994362704455852,1.0890625,0.26263028383255,,,
49660,0.1018542297184467,1.028515625,0.2219225764274597,,,
49670,0.1014365442097187,1.08203125,0.4062169790267944,,,
49680,0.0969384230673313,1.05,0.2057144790887833,,,
49690,0.1003547072410584,1.061328125,0.3527648448944092,,,
49700,0.0943203635513782,1.10859375,0.4191795289516449,,,
49710,0.0991138100624084,1.08359375,0.4057920873165131,,,
49720,0.1011837780475617,1.15625,0.3559615612030029,,,
49730,0.100522293150425,1.067578125,0.2512216567993164,,,
49740,0.1007459342479706,1.08203125,0.2355493754148483,,,
49750,0.0988528475165367,1.0875,0.2261773496866226,,,
49760,0.0978336364030838,1.082421875,0.3809669017791748,,,
49770,0.1023794516921043,1.06796875,0.2598755359649658,,,
49780,0.0982990302145481,1.0703125,0.242462158203125,,,
49790,0.0968891248106956,1.08359375,0.5639876127243042,,,
49800,0.101718133687973,1.041015625,0.5010120868682861,,,
49810,0.0951342955231666,1.051171875,0.2511802017688751,,,
49820,0.0964339390397071,1.04765625,0.2912693321704865,,,
49830,0.0980962507426738,1.098046875,0.2494660168886185,,,
49840,0.0995577730238437,1.062109375,0.1980161666870117,,,
49850,0.0976552292704582,1.087890625,0.3468370139598846,,,
49860,0.101250995695591,1.104296875,0.287745863199234,,,
49870,0.1023040451109409,1.039453125,0.2344475388526917,,,
49880,0.1012923158705235,1.048046875,0.249563068151474,,,
49890,0.1001738280057907,1.02890625,0.25926873087883,,,
49900,0.1006075352430344,1.057421875,0.4282822906970978,,,
49910,0.0958767101168632,1.067578125,0.2898207604885101,,,
49920,0.0971111625432968,1.1109375,0.2255678921937943,,,
49930,0.1017028532922268,1.034375,0.2438449859619141,,,
49940,0.0961506724357605,1.05703125,0.244682788848877,,,
49950,0.1007111519575119,1.03046875,0.2560541033744812,,,
49960,0.0943317726254463,1.06953125,0.4262759387493134,,,
49970,0.1040725395083427,1.066015625,0.2337420731782913,,,
49980,0.0991798058152198,1.083984375,0.2935112714767456,,,
49990,0.1007358610630035,1.062890625,0.2604210078716278,,,
50000,0.0971988223493099,1.026171875,0.3939599990844727,0.646007239818573,0.4303826646218493,0.5672026396297105
50010,0.0961524426937103,1.080859375,0.2254540622234344,,,
50020,0.1012879721820354,1.05078125,0.3167202770709991,,,
50030,0.0988293223083019,1.032421875,0.2978667616844177,,,
50040,0.0960400909185409,1.037890625,0.2529574036598206,,,
50050,0.0971046634018421,1.034765625,0.3388966023921967,,,
50060,0.0952120125293731,1.03125,0.1926808506250381,,,
50070,0.0960018664598465,1.05078125,0.3628235757350922,,,
50080,0.1016177080571651,1.01484375,0.4472959041595459,,,
50090,0.0960833556950092,1.10546875,0.2601263523101807,,,
50100,0.1012993820011616,1.048828125,0.2446780651807785,,,
50110,0.1007455118000507,1.098046875,0.3505395352840424,,,
50120,0.0968275524675846,1.0625,0.2728208899497986,,,
50130,0.0951592154800891,1.044921875,0.203131303191185,,,
50140,0.1002897933125496,1.0703125,0.4113039076328278,,,
50150,0.1025183469057083,1.04453125,0.2939415574073792,,,
50160,0.0979818075895309,1.040234375,0.1932344287633896,,,
50170,0.1016322948038578,1.0703125,0.3460404574871063,,,
50180,0.095526934415102,1.055078125,0.2310310304164886,,,
50190,0.0988248132169246,1.06328125,0.177576869726181,,,
50200,0.1008058413863182,1.053515625,0.2407480776309967,,,
50210,0.0984750881791114,1.0640625,0.2247680425643921,,,
50220,0.0979183919727802,1.043359375,0.359834223985672,,,
50230,0.0969593800604343,1.09140625,0.3292124271392822,,,
50240,0.0977852433919906,1.077734375,0.3168613910675049,,,
50250,0.0998800985515117,1.04765625,0.2073656320571899,,,
50260,0.0984181687235832,1.046484375,0.2859572470188141,,,
50270,0.0984419405460357,1.026953125,0.2634473741054535,,,
50280,0.0982311226427555,1.0890625,0.2779298424720764,,,
50290,0.1003021217882633,1.031640625,0.200551301240921,,,
50300,0.0974522337317466,1.088671875,0.3508379459381104,,,
50310,0.1018766053020954,1.049609375,0.3142629861831665,,,
50320,0.0984565697610378,1.068359375,0.4633062183856964,,,
50330,0.0984115540981292,1.0859375,0.463178813457489,,,
50340,0.100356362760067,1.048828125,0.6760218739509583,,,
50350,0.0976349540054798,1.0828125,0.2413385510444641,,,
50360,0.1006809532642365,1.07578125,0.2449135333299637,,,
50370,0.0950101867318153,1.096875,0.2948717474937439,,,
50380,0.0962938740849495,1.083984375,0.4025653302669525,,,
50390,0.0967475421726703,1.044140625,0.2292979508638382,,,
50400,0.1020542554557324,1.045703125,0.2040364891290665,,,
50410,0.0963676638901233,1.005859375,0.398553341627121,,,
50420,0.0960385702550411,1.0890625,0.2463419735431671,,,
50430,0.099738784879446,1.07890625,0.3574709594249725,,,
50440,0.1018348060548306,1.023828125,0.2519251108169556,,,
50450,0.0934597432613372,1.080859375,0.1995882242918015,,,
50460,0.0960086375474929,1.0375,0.356462687253952,,,
50470,0.0998004667460918,1.09375,0.3345077037811279,,,
50480,0.0993949495255947,1.082421875,0.2298003286123276,,,
50490,0.0959293738007545,1.05859375,0.3149301111698151,,,
50500,0.1022001147270203,1.10546875,0.3640717267990112,,,
50510,0.0969253480434417,1.0078125,0.215263843536377,,,
50520,0.0987192332744598,1.05390625,0.2926677465438843,,,
50530,0.097926490753889,1.08984375,0.4645474553108215,,,
50540,0.0973623842000961,1.0609375,0.3049408495426178,,,
50550,0.1012227565050125,1.0203125,0.3129176199436188,,,
50560,0.0998447723686695,1.04921875,0.2155545055866241,,,
50570,0.099044632166624,1.084375,0.2587695419788361,,,
50580,0.0960368685424327,1.065625,0.5635640621185303,,,
50590,0.1004207357764244,1.03125,0.239381268620491,,,
50600,0.0957875855267047,1.069140625,0.2742631733417511,,,
50610,0.0971538014709949,1.03671875,0.3225366771221161,,,
50620,0.0973698794841766,1.1,0.2589542865753174,,,
50630,0.0989782959222793,1.048046875,0.3197746276855469,,,
50640,0.0988964080810546,1.085546875,0.1936263144016266,,,
50650,0.0986107163131237,1.05,0.2506436705589294,,,
50660,0.100050562620163,1.037890625,0.2878925502300262,,,
50670,0.0948950327932834,1.0796875,0.4530409574508667,,,
50680,0.0998497642576694,1.05390625,0.4587223529815674,,,
50690,0.1010538809001446,1.091015625,0.2520804703235626,,,
50700,0.097873093932867,1.069921875,0.3087944388389587,,,
50710,0.0997276574373245,1.048046875,0.2674300074577332,,,
50720,0.1022497877478599,1.054296875,0.227709099650383,,,
50730,0.1021604910492897,1.0515625,0.3554126024246216,,,
50740,0.1006204321980476,1.053125,0.257159948348999,,,
50750,0.0983173236250877,1.089453125,0.4065106511116028,,,
50760,0.0929518833756446,1.026171875,0.2221463918685913,,,
50770,0.0976187042891979,1.058984375,0.2405393123626709,,,
50780,0.0990303441882133,1.04921875,0.2866194546222687,,,
50790,0.1016953691840172,1.040234375,0.280336320400238,,,
50800,0.098871874064207,1.091015625,0.2588014900684357,,,
50810,0.103190079331398,1.07265625,0.315545380115509,,,
50820,0.1005154982209206,1.026171875,0.3354286849498749,,,
50830,0.0988309055566787,1.034765625,0.3470374047756195,,,
50840,0.0968330055475235,0.995703125,0.2492763996124268,,,
50850,0.099429927021265,1.077734375,0.2060412466526031,,,
50860,0.0947942927479743,1.0,0.2207651734352112,,,
50870,0.1024507969617844,1.053125,0.3265118598937988,,,
50880,0.0973463907837867,1.090625,0.4555149078369141,,,
50890,0.0989852301776409,1.0703125,0.2965475916862488,,,
50900,0.0975722029805183,1.100390625,0.4616841375827789,,,
50910,0.095858284831047,1.065234375,0.2263642400503159,,,
50920,0.0988236702978611,1.05703125,0.3628125488758087,,,
50930,0.099739371240139,1.084375,0.3248554170131683,,,
50940,0.0998104065656662,1.083984375,0.3025810718536377,,,
50950,0.1005363084375858,1.044140625,0.3189271688461304,,,
50960,0.0975509174168109,1.015234375,0.4729947447776794,,,
50970,0.1004071049392223,1.061328125,0.285492867231369,,,
50980,0.0993436872959137,1.033203125,0.3070486783981323,,,
50990,0.0969746805727481,1.0578125,0.2774731516838074,,,
51000,0.1009629786014557,1.08359375,0.3147531151771545,0.6574229598045349,0.4328244516893859,0.5724786860725916
51010,0.0962938480079174,1.013671875,0.2416115701198578,,,
51020,0.098634236305952,1.06328125,0.3653515875339508,,,
51030,0.0998406767845153,1.06640625,0.4576829373836517,,,
51040,0.0979238651692867,1.087890625,0.2703275680541992,,,
51050,0.0972129508852958,1.046484375,0.2332153171300888,,,
51060,0.0981445200741291,1.044140625,0.2794522047042847,,,
51070,0.0996880859136581,1.09375,0.2374556511640549,,,
51080,0.0980259127914905,0.995703125,0.2176926881074905,,,
51090,0.0963100627064705,1.06953125,0.2396622896194458,,,
51100,0.1003102317452431,1.06875,0.3743797540664673,,,
51110,0.1020664408802986,1.060546875,0.2507936358451843,,,
51120,0.0990910582244396,1.044921875,0.296930730342865,,,
51130,0.1010386727750301,1.091015625,0.3129342496395111,,,
51140,0.0962106399238109,1.03203125,0.3265131115913391,,,
51150,0.0995304949581623,1.04375,0.2186869084835052,,,
51160,0.0994392096996307,1.0375,0.2999934256076813,,,
51170,0.0961749121546745,1.061328125,0.3193309903144836,,,
51180,0.0985980562865734,1.05625,0.2507531046867371,,,
51190,0.1003051981329918,1.059375,0.210088849067688,,,
51200,0.0958247192203998,1.046484375,0.2890334129333496,,,
51210,0.0949263505637645,1.090234375,0.3557697236537933,,,
51220,0.0946923196315765,1.039453125,0.293252557516098,,,
51230,0.0989921808242797,1.051171875,0.3208577930927277,,,
51240,0.09584576562047,1.050390625,0.290879487991333,,,
51250,0.098710711300373,1.103515625,0.4152475595474243,,,
51260,0.0994391955435276,1.03125,0.2790100276470184,,,
51270,0.0979039028286933,1.090625,0.2482063621282578,,,
51280,0.0990258775651455,1.064453125,0.3252011239528656,,,
51290,0.0982137098908424,1.04140625,0.2412330508232117,,,
51300,0.0975147940218448,1.092578125,0.3800365626811981,,,
51310,0.0977597430348396,1.04296875,0.3282388150691986,,,
51320,0.1005368448793888,1.04140625,0.497681200504303,,,
51330,0.0944391660392284,1.05390625,0.2884306907653809,,,
51340,0.0967406392097473,1.039453125,0.3339713215827942,,,
51350,0.0938633695244789,1.066796875,0.2313366383314133,,,
51360,0.0949738629162311,1.005859375,0.2900875508785248,,,
51370,0.0995810106396675,1.08359375,0.32040074467659,,,
51380,0.100333409756422,1.0578125,0.2670387625694275,,,
51390,0.0964411698281764,1.06875,0.4609822034835815,,,
51400,0.0983820557594299,1.04765625,0.1839503049850464,,,
51410,0.0939424060285091,1.049609375,0.5475959181785583,,,
51420,0.0996947303414344,1.05,0.2081850171089172,,,
51430,0.0969986908137798,1.043359375,0.2311728447675705,,,
51440,0.0942204512655735,1.071484375,0.3027368187904358,,,
51450,0.0982980340719223,1.077734375,0.2667242884635925,,,
51460,0.098229095339775,1.03046875,0.1928110420703888,,,
51470,0.0964891403913497,1.05859375,0.2094688266515732,,,
51480,0.0958470292389392,1.030078125,0.2701169848442078,,,
51490,0.096703078597784,1.02265625,0.3064984977245331,,,
51500,0.1009433649480343,1.025,0.2313491106033325,,,
51510,0.0973334029316902,1.0953125,0.5535035133361816,,,
51520,0.0982574194669723,1.046484375,0.2579644322395325,,,
51530,0.1007658019661903,1.0625,0.293245941400528,,,
51540,0.0995528407394886,1.046484375,0.2502826750278473,,,
51550,0.0975972242653369,1.04375,0.2602386474609375,,,
51560,0.0963981129229068,1.08046875,0.2734196484088898,,,
51570,0.1003108516335487,1.078125,0.2661999464035034,,,
51580,0.0979236647486686,1.0640625,0.4511636793613434,,,
51590,0.0937937997281551,1.094140625,0.3064555823802948,,,
51600,0.0981628343462944,1.048828125,0.3255158960819244,,,
51610,0.1006255105137825,1.0609375,0.2851939797401428,,,
51620,0.0988435082137584,1.08671875,0.3777211606502533,,,
51630,0.0992829777300357,1.03515625,0.2443392425775528,,,
51640,0.1038586370646954,1.0609375,0.282597541809082,,,
51650,0.0999565429985523,1.073046875,0.226198598742485,,,
51660,0.1013568587601185,1.082421875,0.4150350391864777,,,
51670,0.0962656021118164,1.08671875,0.3323639333248138,,,
51680,0.1009857982397079,1.0578125,0.2952249646186829,,,
51690,0.0941884435713291,1.075,0.2275702357292175,,,
51700,0.0967748671770095,1.040625,0.3356886208057404,,,
51710,0.0992053352296352,1.07421875,0.2199707180261612,,,
51720,0.0985018283128738,1.012109375,0.3346681594848633,,,
51730,0.0974963992834091,1.074609375,0.2596704065799713,,,
51740,0.096558091789484,1.0484375,0.1900845766067505,,,
51750,0.0972587816417217,1.0875,0.3128575086593628,,,
51760,0.0973235167562961,1.096875,0.448619931936264,,,
51770,0.0986139640212059,0.9984375,0.2884107232093811,,,
51780,0.0966366358101367,1.07265625,0.2382281273603439,,,
51790,0.1001596488058567,0.989453125,0.1860304325819016,,,
51800,0.0991060718894004,1.07265625,0.4546078145503998,,,
51810,0.0993359826505184,1.100390625,0.2861688733100891,,,
51820,0.1026552207767963,1.038671875,0.2824504971504211,,,
51830,0.0955615490674972,1.03671875,0.4019271433353424,,,
51840,0.1005569726228714,1.04609375,0.2123931348323822,,,
51850,0.0981028094887733,1.052734375,0.2536002993583679,,,
51860,0.0973606929183006,1.034375,0.3082304298877716,,,
51870,0.0959332957863807,1.094140625,0.2369526326656342,,,
51880,0.0961116455495357,1.075,0.3224175870418549,,,
51890,0.0981390349566936,1.0640625,0.2422008663415909,,,
51900,0.102913873642683,1.028125,0.4454068839550018,,,
51910,0.0965975485742092,1.050390625,0.3465568125247955,,,
51920,0.1005353398621082,1.0640625,0.2033116817474365,,,
51930,0.0955857031047344,1.0859375,0.3340623676776886,,,
51940,0.0997600696980953,1.043359375,0.3788608014583588,,,
51950,0.0963832288980484,1.0640625,0.2501823902130127,,,
51960,0.0984714433550834,1.016796875,0.4369823932647705,,,
51970,0.0978778257966041,1.07421875,0.4077899158000946,,,
51980,0.0942113168537616,1.040625,0.2315095365047455,,,
51990,0.0995404154062271,1.062890625,0.2296418696641922,,,
52000,0.0971280992031097,1.073828125,0.2642973363399506,0.6493597626686096,0.4365080485343321,0.5658786651949256
52010,0.0987180195748806,1.067578125,0.3881829082965851,,,
52020,0.0965346500277519,1.0359375,0.4263081848621368,,,
52030,0.0967901773750782,1.0234375,0.3018506765365601,,,
52040,0.1012962721288204,1.064453125,0.2872669696807861,,,
52050,0.0974221900105476,1.01015625,0.317933201789856,,,
52060,0.0986956320703029,1.040234375,0.2559615969657898,,,
52070,0.0989817664027214,1.060546875,0.1893609762191772,,,
52080,0.099823859333992,1.04296875,0.2704237997531891,,,
52090,0.0985180467367172,1.005859375,0.2901283204555511,,,
52100,0.0968332335352897,1.08125,0.2866635620594025,,,
52110,0.0975241512060165,1.078125,0.3069770932197571,,,
52120,0.0990839667618274,1.106640625,0.323643684387207,,,
52130,0.0997433684766292,1.0828125,0.3299953043460846,,,
52140,0.0977899454534053,1.0890625,0.3553583025932312,,,
52150,0.0958472058176994,1.065625,0.2340656816959381,,,
52160,0.0973550625145435,1.05859375,0.3231747150421143,,,
52170,0.1012862272560597,1.0609375,0.2474056333303452,,,
52180,0.0976683028042316,1.032421875,0.2576985359191895,,,
52190,0.0976106517016887,1.04921875,0.3683776259422302,,,
52200,0.0985370874404907,1.04375,0.2676762640476227,,,
52210,0.0947204075753688,1.0609375,0.5711987018585205,,,
52220,0.0960032224655151,1.03671875,0.369790643453598,,,
52230,0.0988217405974865,1.028125,0.3322831988334656,,,
52240,0.0955974735319614,1.049609375,0.1791057884693146,,,
52250,0.1008891113102436,1.050390625,0.195865198969841,,,
52260,0.1001682631671429,1.064453125,0.2752476036548615,,,
52270,0.0979351818561553,1.046875,0.2288675010204315,,,
52280,0.1025722742080688,1.06484375,0.2397498339414597,,,
52290,0.0978931695222854,1.0703125,0.2989971041679382,,,
52300,0.1010114938020706,1.04609375,0.2929011881351471,,,
52310,0.0991876348853111,1.04453125,0.4056529402732849,,,
52320,0.0965446613729,1.059375,0.3522458672523499,,,
52330,0.0941555052995681,1.05859375,0.3373278677463531,,,
52340,0.0982508309185505,1.098828125,0.1980413794517517,,,
52350,0.1013715289533138,1.052734375,0.3586293458938599,,,
52360,0.1006069146096706,1.0734375,0.2717051804065704,,,
52370,0.0997417651116848,1.09140625,0.3441166579723358,,,
52380,0.1044594392180443,1.03984375,0.338290274143219,,,
52390,0.0973427258431911,1.048046875,0.2425377666950226,,,
52400,0.0939392440021038,0.99765625,0.1721463054418564,,,
52410,0.0961814314126968,1.01484375,0.2936408519744873,,,
52420,0.0964542284607887,1.0015625,0.2558637857437134,,,
52430,0.0984397456049919,1.024609375,0.3639152050018311,,,
52440,0.099022389948368,1.0734375,0.2256060391664505,,,
52450,0.0964380390942096,1.04375,0.2182850986719131,,,
52460,0.0965118713676929,1.071875,0.4766617119312286,,,
52470,0.0972657591104507,1.040234375,0.2169715166091919,,,
52480,0.0990549959242343,1.05078125,0.3878093659877777,,,
52490,0.094407769292593,1.059375,0.2558563351631165,,,
52500,0.1004713341593742,1.016015625,0.3994476795196533,,,
52510,0.0960377216339111,1.095703125,0.3226088881492615,,,
52520,0.0978852987289428,1.045703125,0.2804896533489227,,,
52530,0.1000858761370182,1.053515625,0.2235054075717926,,,
52540,0.09727788195014,1.07890625,0.3180048167705536,,,
52550,0.0992248468101024,1.066796875,0.2703413367271423,,,
52560,0.101742334663868,1.08515625,0.2793917059898376,,,
52570,0.0968255169689655,1.066796875,0.3593919277191162,,,
52580,0.0980056151747703,1.04296875,0.4658056199550629,,,
52590,0.0949919693171978,1.062890625,0.3108094334602356,,,
52600,0.1044023804366589,1.09921875,0.2287451028823853,,,
52610,0.0960033752024173,1.02421875,0.2054645121097565,,,
52620,0.0980036944150924,1.045703125,0.1901959627866745,,,
52630,0.0965804286301136,1.071875,0.2034884244203568,,,
52640,0.0991730235517025,1.09765625,0.2978806793689728,,,
52650,0.100453657656908,1.030859375,0.2952572405338287,,,
52660,0.0945633612573146,1.035546875,0.3942534625530243,,,
52670,0.0971822299063205,1.05,0.3930251002311707,,,
52680,0.0932653933763504,1.05,0.2632699310779572,,,
52690,0.0978061482310295,1.00546875,0.3314198851585388,,,
52700,0.0988220326602458,1.112890625,0.2366964817047119,,,
52710,0.0941083639860153,1.03359375,0.2183496057987213,,,
52720,0.1011572577059269,1.106640625,0.2517034411430359,,,
52730,0.1030967175960541,1.0765625,0.347661554813385,,,
52740,0.1003538675606251,1.052734375,0.2920750081539154,,,
52750,0.0988203145563602,1.08359375,0.2481426149606705,,,
52760,0.1029154606163502,1.062109375,0.2880407869815826,,,
52770,0.0969391942024231,1.066796875,0.2892329692840576,,,
52780,0.0951841056346893,1.090234375,0.2601378858089447,,,
52790,0.0987725608050823,1.050390625,0.2617871463298798,,,
52800,0.0932137370109558,1.06796875,0.3088805377483368,,,
52810,0.0939853556454181,1.051171875,0.2444898933172226,,,
52820,0.0994055710732936,1.0203125,0.2867491245269775,,,
52830,0.101242770254612,1.044140625,0.3211548328399658,,,
52840,0.098729059100151,1.0390625,0.323318749666214,,,
52850,0.0976525962352752,1.05078125,0.2203279584646225,,,
52860,0.095548865199089,1.063671875,0.3871243894100189,,,
52870,0.0997927494347095,1.053515625,0.2195513397455215,,,
52880,0.0968401491641998,1.0609375,0.3178282380104065,,,
52890,0.1041036389768124,1.09140625,0.3198674023151398,,,
52900,0.097420310229063,1.016796875,0.23604816198349,,,
52910,0.094093881547451,1.067578125,0.2810110151767731,,,
52920,0.0967972710728645,1.02578125,0.3733970820903778,,,
52930,0.0968870393931865,1.02890625,0.2074706703424454,,,
52940,0.1000940680503845,1.06171875,0.299957662820816,,,
52950,0.0981421522796154,1.03203125,0.2116069197654724,,,
52960,0.1016167245805264,1.087109375,0.2229261994361877,,,
52970,0.10020996555686,1.0484375,0.2712158560752869,,,
52980,0.1022752873599529,1.066796875,0.2290700674057007,,,
52990,0.0995184950530529,1.0546875,0.3621108531951904,,,
53000,0.0980988197028636,1.068359375,0.4419617056846619,0.652640163898468,0.416959497460227,0.5622876174217033
53010,0.0954287372529506,1.06953125,0.2204099595546722,,,
53020,0.0932535909116268,1.041796875,0.2168890982866287,,,
53030,0.1021769814193249,1.05546875,0.2233522534370422,,,
53040,0.0943662822246551,1.03828125,0.2697491645812988,,,
53050,0.1004421785473824,1.062109375,0.248125284910202,,,
53060,0.0952585108578205,1.002734375,0.1953670382499695,,,
53070,0.0955904819071293,1.101171875,0.3309608399868011,,,
53080,0.0990773856639862,1.04765625,0.1729767173528671,,,
53090,0.0966489046812057,1.0859375,0.2085395008325577,,,
53100,0.0997372679412365,1.03125,0.3169542849063873,,,
53110,0.0920282430946826,1.07421875,0.2667049169540405,,,
53120,0.0981702521443367,1.07578125,0.2919155061244965,,,
53130,0.1018649704754353,1.03359375,0.3375832736492157,,,
53140,0.0950697444379329,1.0484375,0.1928995847702026,,,
53150,0.0971657656133175,1.066015625,0.2624733150005341,,,
53160,0.0976980090141296,1.048046875,0.3907622694969177,,,
53170,0.0957989037036895,1.046875,0.2080427259206772,,,
53180,0.0960494168102741,1.09140625,0.3025118708610535,,,
53190,0.098545703291893,1.057421875,0.4335471987724304,,,
53200,0.0959522187709808,1.05859375,0.3702698349952698,,,
53210,0.0978426255285739,1.067578125,0.2512713670730591,,,
53220,0.0950137645006179,1.02421875,0.2920016944408417,,,
53230,0.0951595656573772,1.03671875,0.250816136598587,,,
53240,0.0958055160939693,1.0640625,0.2804293930530548,,,
53250,0.0963476322591304,1.093359375,0.2817374169826508,,,
53260,0.096260542422533,1.0625,0.3063293695449829,,,
53270,0.096745503693819,1.05703125,0.3300596475601196,,,
53280,0.0912268958985805,1.023046875,0.2625614404678345,,,
53290,0.0947058528661728,1.065234375,0.2293218821287155,,,
53300,0.0986145913600921,1.040625,0.2607776820659637,,,
53310,0.0985286824405193,1.06875,0.2365057915449142,,,
53320,0.097141620516777,1.0640625,0.5642436742782593,,,
53330,0.0934177473187446,1.023046875,0.2467006891965866,,,
53340,0.0997520267963409,1.054296875,0.2453517019748688,,,
53350,0.1003047667443752,1.04921875,0.2519895136356354,,,
53360,0.1002659820020199,1.0875,0.3866555690765381,,,
53370,0.0976196855306625,1.041796875,0.3736400306224823,,,
53380,0.0951416902244091,1.0203125,0.2948608696460724,,,
53390,0.0993448711931705,1.05390625,0.4672888219356537,,,
53400,0.0954480983316898,1.0671875,0.2975513339042664,,,
53410,0.094599325209856,1.044921875,0.5083858966827393,,,
53420,0.0942644588649272,1.048828125,0.3628106713294983,,,
53430,0.0917624555528164,1.034375,0.3673709332942963,,,
53440,0.0973699852824211,0.991015625,0.3507546186447144,,,
53450,0.0953450664877891,1.060546875,0.2819035947322845,,,
53460,0.1003238536417484,1.102734375,0.3003572821617126,,,
53470,0.0963383615016937,1.00859375,0.4179979562759399,,,
53480,0.094108135998249,1.03125,0.3693699240684509,,,
53490,0.100974902510643,1.05390625,0.3400565385818481,,,
53500,0.0996862143278121,1.03828125,0.2188073247671127,,,
53510,0.096560214459896,1.0296875,0.4480980932712555,,,
53520,0.0967513531446457,1.062109375,0.3428434729576111,,,
53530,0.0945093408226966,1.062890625,0.346051812171936,,,
53540,0.0960880197584629,1.039453125,0.2796223163604736,,,
53550,0.0968714997172355,1.042578125,0.2263074517250061,,,
53560,0.0961158953607082,1.037109375,0.1948520243167877,,,
53570,0.0976128898561,1.01953125,0.2498296648263931,,,
53580,0.0953425899147987,1.084375,0.4125165939331055,,,
53590,0.097801598906517,1.02578125,0.512884259223938,,,
53600,0.0929907888174057,1.076953125,0.4919790625572205,,,
53610,0.0973757378757,1.094140625,0.2991100549697876,,,
53620,0.0999585166573524,1.06171875,0.2924833595752716,,,
53630,0.0965028807520866,1.019921875,0.2780721783638,,,
53640,0.0952146843075752,1.06875,0.2223193794488907,,,
53650,0.0938570491969585,1.041015625,0.2764379680156708,,,
53660,0.1005973853170872,1.093359375,0.4319497644901276,,,
53670,0.0988335311412811,1.032421875,0.3136752545833588,,,
53680,0.0939941316843032,1.029296875,0.181594654917717,,,
53690,0.0997347146272659,1.0546875,0.2167924791574478,,,
53700,0.0952562026679515,1.036328125,0.2949308156967163,,,
53710,0.098536030203104,1.067578125,0.4535706341266632,,,
53720,0.0970340490341186,1.06875,0.2033247351646423,,,
53730,0.0943135388195514,1.0359375,0.2163780629634857,,,
53740,0.1004420138895512,1.06953125,0.2348012030124664,,,
53750,0.0982056759297847,1.033203125,0.2595476508140564,,,
53760,0.1009876988828182,1.033984375,0.2730870842933655,,,
53770,0.0986281767487526,1.084765625,0.2575760781764984,,,
53780,0.0991797149181366,1.031640625,0.4124910533428192,,,
53790,0.0990565545856952,1.026171875,0.2684125900268555,,,
53800,0.0969015583395958,1.081640625,0.2035711705684662,,,
53810,0.0986055567860603,1.033984375,0.4688235223293304,,,
53820,0.0990937858819961,1.0828125,0.313704639673233,,,
53830,0.1001055307686329,1.04921875,0.2831974625587463,,,
53840,0.0978577680885791,1.06875,0.3620437383651733,,,
53850,0.1000369571149349,1.104296875,0.4409780204296112,,,
53860,0.0989846140146255,1.0671875,0.4745698571205139,,,
53870,0.0965920656919479,1.09140625,0.2800714075565338,,,
53880,0.1012903518974781,1.037890625,0.2342697232961655,,,
53890,0.1001139044761658,1.047265625,0.2409512400627136,,,
53900,0.0971729718148708,1.08203125,0.3155527114868164,,,
53910,0.0966057628393173,1.043359375,0.3076447248458862,,,
53920,0.0990181572735309,1.082421875,0.2995392978191376,,,
53930,0.0980996742844581,1.02421875,0.2864478826522827,,,
53940,0.0955360636115074,1.0578125,0.3632261455059052,,,
53950,0.0957674659788608,1.070703125,0.4413473010063171,,,
53960,0.0971094213426113,1.04453125,0.2152116894721985,,,
53970,0.0995107799768448,1.043359375,0.4094265699386597,,,
53980,0.0930856473743915,1.041796875,0.467903196811676,,,
53990,0.0948900952935218,1.06953125,0.2244834750890732,,,
54000,0.0964611656963825,1.00078125,0.5761566162109375,0.649348795413971,0.4316039046518646,0.5697523952571746
54010,0.0974191524088382,1.01015625,0.3806854486465454,,,
54020,0.0960864566266536,1.056640625,0.4566017687320709,,,
54030,0.1016882471740246,1.0640625,0.2194343358278275,,,
54040,0.0949504815042018,1.058984375,0.2091535776853561,,,
54050,0.1015278927981853,1.0546875,0.2357629984617233,,,
54060,0.0968800224363803,1.061328125,0.3234469592571259,,,
54070,0.0998293451964855,1.102734375,0.2548349499702454,,,
54080,0.0984334729611873,1.001171875,0.3199563026428223,,,
54090,0.0974867038428783,1.0609375,0.3610356152057648,,,
54100,0.0994766272604465,0.991796875,0.2037314027547836,,,
54110,0.0944442711770534,1.071484375,0.2817809283733368,,,
54120,0.099010057747364,1.046484375,0.238321989774704,,,
54130,0.0935661271214485,1.074609375,0.2111684381961823,,,
54140,0.1003741398453712,1.062109375,0.4997424781322479,,,
54150,0.0925613939762115,1.02265625,0.1879050433635712,,,
54160,0.0952713973820209,1.062890625,0.3788718283176422,,,
54170,0.0965477541089057,1.02734375,0.4820883870124817,,,
54180,0.0952729530632496,1.10859375,0.3182462155818939,,,
54190,0.0969889521598816,1.04453125,0.2259922921657562,,,
54200,0.0991232737898826,1.055078125,0.2713358402252197,,,
54210,0.0999916583299636,1.027734375,0.2471974492073059,,,
54220,0.096157830953598,1.04140625,0.2977910041809082,,,
54230,0.0975524872541427,1.048046875,0.3806935846805573,,,
54240,0.0968070842325687,1.042578125,0.352609395980835,,,
54250,0.0975264132022857,1.0453125,0.2417363226413727,,,
54260,0.0941099569201469,1.051953125,0.3709066212177277,,,
54270,0.0986041992902755,1.0484375,0.2125711888074875,,,
54280,0.0968279510736465,1.071484375,0.767888069152832,,,
54290,0.0968669176101684,1.0828125,0.294962078332901,,,
54300,0.0988034568727016,1.04921875,0.2283754944801331,,,
54310,0.099466136097908,1.041796875,0.3359942138195038,,,
54320,0.0949733354151249,1.041015625,0.3056245148181915,,,
54330,0.0988159991800785,1.01875,0.2356946170330048,,,
54340,0.0961612626910209,1.050390625,0.2824958562850952,,,
54350,0.0965352222323417,0.98125,0.3242029845714569,,,
54360,0.095631980150938,1.06015625,0.2138527929782867,,,
54370,0.0940952286124229,1.01875,0.3285767138004303,,,
54380,0.0962777480483055,1.05546875,0.2275275886058807,,,
54390,0.0986026339232921,1.047265625,0.3304197192192078,,,
54400,0.0966409265995025,1.05625,0.2719955444335938,,,
54410,0.1002084523439407,1.089453125,0.3710091710090637,,,
54420,0.0963916629552841,1.034765625,0.3761990070343018,,,
54430,0.0994065545499324,1.0890625,0.3820737600326538,,,
54440,0.0990340232849121,1.0828125,0.2695442736148834,,,
54450,0.0988737940788269,1.046875,0.3321444690227509,,,
54460,0.0989723123610019,1.044140625,0.2148794531822205,,,
54470,0.0960942089557647,1.05703125,0.2159912139177322,,,
54480,0.094082348793745,1.068359375,0.2835208475589752,,,
54490,0.0954520761966705,1.024609375,0.1831281185150146,,,
54500,0.0984382450580596,1.069140625,0.2406308501958847,,,
54510,0.0974871233105659,1.11875,0.4772978127002716,,,
54520,0.096214061230421,1.06015625,0.5445392727851868,,,
54530,0.0951911829411983,1.05546875,0.3684893846511841,,,
54540,0.1032778613269329,1.08359375,0.3909136056900024,,,
54550,0.096652764827013,1.070703125,0.3295314610004425,,,
54560,0.0966005682945251,1.04296875,0.2454275339841843,,,
54570,0.0979785278439521,1.027734375,0.2346491515636444,,,
54580,0.0965318441390991,1.092578125,0.2541916072368622,,,
54590,0.0999192528426647,1.0578125,0.2256679236888885,,,
54600,0.0958439171314239,1.048828125,0.2039006501436234,,,
54610,0.096405915915966,1.03203125,0.3208538293838501,,,
54620,0.099689282476902,1.06796875,0.3293059766292572,,,
54630,0.0944605134427547,1.03046875,0.1983409821987152,,,
54640,0.0924219138920307,1.03671875,0.2577965259552002,,,
54650,0.0978809900581836,1.039453125,0.2829488515853882,,,
54660,0.0926104873418807,0.996484375,0.3115885555744171,,,
54670,0.0978665471076965,1.049609375,0.2323723435401917,,,
54680,0.0981080345809459,1.065625,0.1856704503297806,,,
54690,0.097129601240158,1.05390625,0.3151773512363434,,,
54700,0.0983559057116508,1.07578125,0.2797346115112305,,,
54710,0.096480543911457,0.999609375,0.2589157223701477,,,
54720,0.1007917292416096,1.029296875,0.4010457992553711,,,
54730,0.0975775748491287,1.028515625,0.2234181761741638,,,
54740,0.0946258202195167,1.06015625,0.2357307821512222,,,
54750,0.0954380340874195,1.044140625,0.2964144945144653,,,
54760,0.1013626605272293,1.0875,0.4014388620853424,,,
54770,0.0966767162084579,1.0125,0.2934885621070862,,,
54780,0.0960474051535129,1.0578125,0.3926296532154083,,,
54790,0.09844516441226,1.0078125,0.3726802170276642,,,
54800,0.0943562641739845,1.08203125,0.2943442761898041,,,
54810,0.0986490152776241,1.023046875,0.3473398685455322,,,
54820,0.0973126731812954,1.05390625,0.3427543938159943,,,
54830,0.0947996877133846,1.1234375,0.3722911775112152,,,
54840,0.0973024927079677,1.020703125,0.4015328884124756,,,
54850,0.0983677871525287,1.054296875,0.2933754026889801,,,
54860,0.0936350032687187,1.0234375,0.4581432342529297,,,
54870,0.0949577778577804,1.044140625,0.4611845016479492,,,
54880,0.0975255496799945,1.02265625,0.2356320172548294,,,
54890,0.0972351484000682,1.048828125,0.2478669136762619,,,
54900,0.0940423361957073,1.101953125,0.2739821374416351,,,
54910,0.0989643774926662,1.05,0.2268510609865189,,,
54920,0.0941736683249473,1.02734375,0.3111739754676819,,,
54930,0.0982230722904205,1.0671875,0.2306279689073563,,,
54940,0.09335213676095,1.0515625,0.2564452588558197,,,
54950,0.0970934867858886,1.050390625,0.2586840391159058,,,
54960,0.0984303973615169,1.077734375,0.5077600479125977,,,
54970,0.0969981200993061,1.035546875,0.2222035378217697,,,
54980,0.096670863777399,1.087109375,0.2451823800802231,,,
54990,0.0997609965503215,1.072265625,0.2271001785993576,,,
55000,0.0968426764011383,1.015625,0.3077240884304047,0.6538860201835632,0.425910726627817,0.5632550248672578
55010,0.0966334328055381,1.012109375,0.160921037197113,,,
55020,0.0946895137429237,1.0765625,0.3611969947814941,,,
55030,0.0976000033318996,1.01953125,0.274789422750473,,,
55040,0.0961512073874473,1.06640625,0.307624340057373,,,
55050,0.0954487822949886,1.032421875,0.1995917856693268,,,
55060,0.1000048875808716,1.079296875,0.2979363203048706,,,
55070,0.0987186029553413,1.0546875,0.326501339673996,,,
55080,0.1011702492833138,1.08671875,0.3216968476772308,,,
55090,0.0957391485571861,1.0578125,0.2756830751895905,,,
55100,0.0989431694149971,1.078515625,0.177393764257431,,,
55110,0.0969861529767513,1.0,0.3765824735164642,,,
55120,0.0976250760257244,1.068359375,0.2640953361988068,,,
55130,0.0976407773792743,1.033984375,0.2648890018463135,,,
55140,0.096607868373394,1.0109375,0.4159022569656372,,,
55150,0.092905918508768,1.02421875,0.3583327233791351,,,
55160,0.0964291535317897,1.072265625,0.1840853542089462,,,
55170,0.0972583949565887,1.0484375,0.3899995982646942,,,
55180,0.0980473294854164,1.09375,0.4315347373485565,,,
55190,0.095696010440588,1.024609375,0.5353103876113892,,,
55200,0.0944165840744972,1.082421875,0.2289663106203079,,,
55210,0.094651535898447,1.039453125,0.4014033079147339,,,
55220,0.098358216881752,1.064453125,0.3981009423732758,,,
55230,0.0958663485944271,1.043359375,0.4531347155570984,,,
55240,0.0949196368455886,1.051953125,0.1796668022871017,,,
55250,0.0935493521392345,1.038671875,0.3296931087970734,,,
55260,0.0995313636958599,1.03671875,0.3199885785579681,,,
55270,0.0974540881812572,1.012890625,0.3442049920558929,,,
55280,0.0908887691795825,1.02578125,0.3182625770568848,,,
55290,0.0932845950126648,1.03828125,0.2016705423593521,,,
55300,0.0984376236796379,1.080078125,0.2526571452617645,,,
55310,0.092702105641365,1.048046875,0.3347858488559723,,,
55320,0.0929807372391224,1.09140625,0.2421151697635651,,,
55330,0.0949623167514801,1.01796875,0.2539000511169434,,,
55340,0.0968688957393169,1.073046875,0.292919397354126,,,
55350,0.0998810023069381,1.009765625,0.2574102580547333,,,
55360,0.0972081907093525,1.059375,0.1918928772211075,,,
55370,0.100136661529541,1.0765625,0.2806834876537323,,,
55380,0.0979359000921249,1.03671875,0.3780640065670013,,,
55390,0.0997492186725139,1.08515625,0.2411091029644012,,,
55400,0.0953471928834915,1.059375,0.203460156917572,,,
55410,0.0964750692248344,1.0390625,0.3686063885688782,,,
55420,0.0940521813929081,1.021484375,0.4648396968841553,,,
55430,0.095130205899477,1.091796875,0.457478791475296,,,
55440,0.0986493892967701,1.0421875,0.337354451417923,,,
55450,0.0988812029361724,1.08671875,0.321557343006134,,,
55460,0.0964071333408355,1.0625,0.2678373456001282,,,
55470,0.1006150856614113,1.0453125,0.2285703271627426,,,
55480,0.0970451764762401,1.06171875,0.1978025585412979,,,
55490,0.0965488880872726,0.98515625,0.6265082359313965,,,
55500,0.0989300563931465,1.04609375,0.2939480841159821,,,
55510,0.0975178956985473,1.003515625,0.3174328505992889,,,
55520,0.0969058617949485,1.066796875,0.2801977097988129,,,
55530,0.0988913714885711,1.0734375,0.2926821708679199,,,
55540,0.0992878697812557,1.0140625,0.2673149108886719,,,
55550,0.0998922809958458,1.05234375,0.3617052137851715,,,
55560,0.097676682472229,1.0578125,0.2750430107116699,,,
55570,0.0985267102718353,1.067578125,0.2744469046592712,,,
55580,0.0960617624223232,1.033203125,0.2570073902606964,,,
55590,0.0982400357723236,1.05234375,0.2784786224365234,,,
55600,0.09995993450284,1.023046875,0.30531907081604,,,
55610,0.0938933745026588,1.058984375,0.3385159969329834,,,
55620,0.0938986741006374,1.018359375,0.2018473595380783,,,
55630,0.0945833310484886,1.01953125,0.3227386474609375,,,
55640,0.0941736079752445,1.044140625,0.2084254920482635,,,
55650,0.0986297376453876,1.0375,0.3068069219589233,,,
55660,0.0951092593371868,1.075,0.3191289305686951,,,
55670,0.0956371463835239,1.056640625,0.2983682453632355,,,
55680,0.0970580086112022,1.077734375,0.2602603137493134,,,
55690,0.0970267593860626,1.03125,0.2648449242115021,,,
55700,0.09664873406291,1.042578125,0.3038603365421295,,,
55710,0.097802460938692,1.04140625,0.2467150390148163,,,
55720,0.0949039198458194,1.076953125,0.2899238169193268,,,
55730,0.095012367516756,1.0234375,0.2777407169342041,,,
55740,0.0990839406847953,1.016796875,0.386159747838974,,,
55750,0.0986345805227756,1.05,0.3060289025306702,,,
55760,0.0973753504455089,1.04453125,0.2222827970981598,,,
55770,0.097823466360569,1.05,0.2219630777835846,,,
55780,0.0947417944669723,1.0375,0.2842121422290802,,,
55790,0.0997263982892036,1.05859375,0.3050089180469513,,,
55800,0.0969997808337211,1.0484375,0.229216143488884,,,
55810,0.0998939052224159,1.08125,0.2227180302143097,,,
55820,0.0961558021605014,1.046875,0.4512057304382324,,,
55830,0.0949914492666721,1.008203125,0.397111713886261,,,
55840,0.0969166129827499,1.066015625,0.2456517815589905,,,
55850,0.0975361451506614,1.03046875,0.2245225012302399,,,
55860,0.0962459050118923,1.062890625,0.3365177810192108,,,
55870,0.0968498364090919,1.05234375,0.2745456993579865,,,
55880,0.0983586318790912,1.091015625,0.3778838813304901,,,
55890,0.101181199401617,1.100390625,0.2597254812717438,,,
55900,0.0962893866002559,1.04296875,0.3827425539493561,,,
55910,0.0950797669589519,1.015234375,0.362127274274826,,,
55920,0.095246048271656,1.020703125,0.4357779026031494,,,
55930,0.0967485524713993,1.0390625,0.5462693572044373,,,
55940,0.0967105947434902,1.07578125,0.2195559442043304,,,
55950,0.0955206520855426,1.0375,0.3609832227230072,,,
55960,0.0991452313959598,1.03203125,0.25714972615242,,,
55970,0.0941695064306259,1.0703125,0.3333705961704254,,,
55980,0.0982012465596199,1.020703125,0.3271299600601196,,,
55990,0.0996496126055717,1.04140625,0.3459388315677643,,,
56000,0.0945855118334293,1.06015625,0.3704092502593994,0.6555091142654419,0.4360812964891037,0.5628289884387764
56010,0.0964013241231441,1.081640625,0.3734596967697144,,,
56020,0.095986283570528,1.055078125,0.3703847527503967,,,
56030,0.0950910195708274,1.062109375,0.2444290071725845,,,
56040,0.0971425175666809,1.0671875,0.3337205350399017,,,
56050,0.092288514226675,0.9890625,0.3315339088439941,,,
56060,0.0943777248263359,1.057421875,0.4555627405643463,,,
56070,0.0976278059184551,1.059765625,0.1893532872200012,,,
56080,0.0951228804886341,1.01796875,0.4281457364559174,,,
56090,0.1047315530478954,1.055078125,0.3471088707447052,,,
56100,0.0937793470919132,1.053125,0.3087067008018494,,,
56110,0.0947486542165279,1.037890625,0.2557088434696198,,,
56120,0.0947400599718093,1.03671875,0.1885682493448257,,,
56130,0.0956370577216148,1.07265625,0.2534798681735992,,,
56140,0.0963128045201301,1.016015625,0.2610528171062469,,,
56150,0.0940868340432643,1.04921875,0.2269405424594879,,,
56160,0.0954555921256542,1.018359375,0.2307426482439041,,,
56170,0.0954515226185321,1.0734375,0.3543504178524017,,,
56180,0.0922596335411071,1.034375,0.3027101457118988,,,
56190,0.0960827901959419,1.041796875,0.4043342769145966,,,
56200,0.096495546400547,1.071875,0.3222668170928955,,,
56210,0.0973325811326503,1.072265625,0.3842037618160248,,,
56220,0.0986637599766254,1.077734375,0.3154485523700714,,,
56230,0.0975541457533836,1.062109375,0.2524392306804657,,,
56240,0.0905716210603714,1.023828125,0.3720384836196899,,,
56250,0.0969087101519107,1.092578125,0.3520735800266266,,,
56260,0.095441611111164,1.05,0.261006772518158,,,
56270,0.0990139856934547,1.028515625,0.2440888434648514,,,
56280,0.1011057168245316,1.074609375,0.2683853507041931,,,
56290,0.0971898466348648,1.0515625,0.3707441687583923,,,
56300,0.1008816935122013,1.070703125,0.3616424202919006,,,
56310,0.0949397161602974,1.0546875,0.2875075936317444,,,
56320,0.0989549234509468,1.095703125,0.2533872723579407,,,
56330,0.0959029898047447,1.048828125,0.2328038066625595,,,
56340,0.0986201986670494,1.075,0.2247324287891388,,,
56350,0.0960235334932804,1.05078125,0.2435002028942108,,,
56360,0.0958083324134349,1.006640625,0.3517378866672516,,,
56370,0.0921671107411384,0.986328125,0.2058921158313751,,,
56380,0.0935774207115173,1.055859375,0.4740616083145142,,,
56390,0.0916139893233776,1.006640625,0.3839020133018494,,,
56400,0.0984880320727825,1.05,0.3511066138744354,,,
56410,0.0961650103330612,0.9984375,0.3006873428821564,,,
56420,0.0954147465527057,1.05625,0.2225043773651123,,,
56430,0.0968210577964782,1.0578125,0.2859378755092621,,,
56440,0.1002666629850864,1.025,0.1688344776630402,,,
56450,0.0992183893918991,1.04609375,0.3360899686813354,,,
56460,0.0965758875012397,1.09140625,0.2209411561489105,,,
56470,0.0943577483296394,1.027734375,0.3787467181682587,,,
56480,0.0967229977250099,1.0375,0.2801294326782227,,,
56490,0.0935620963573455,1.075390625,0.285066694021225,,,
56500,0.1006480820477009,1.053125,0.2976424396038055,,,
56510,0.0979243464767933,0.984765625,0.5524099469184875,,,
56520,0.0965808577835559,1.035546875,0.2658273875713348,,,
56530,0.0948986642062664,1.01171875,0.2481393069028854,,,
56540,0.0944741755723953,1.06484375,0.2859681844711304,,,
56550,0.095458111166954,1.04140625,0.3364171385765076,,,
56560,0.0967938736081123,1.1,0.3194816410541534,,,
56570,0.0967054598033428,1.031640625,0.2733070254325867,,,
56580,0.0936801820993423,1.078125,0.2735811769962311,,,
56590,0.0931213714182376,1.051953125,0.2661247551441193,,,
56600,0.0982857644557952,1.04609375,0.2057431638240814,,,
56610,0.0929045148193836,1.05,0.3450048267841339,,,
56620,0.0970685265958309,1.06484375,0.262139767408371,,,
56630,0.0948744878172874,1.04609375,0.3131256997585297,,,
56640,0.0975051268935203,1.041015625,0.2981258928775787,,,
56650,0.0930437587201595,1.014453125,0.4719039499759674,,,
56660,0.0971663460135459,1.03359375,0.3196359574794769,,,
56670,0.0980386823415756,1.044140625,0.5992472171783447,,,
56680,0.0972083635628223,1.06640625,0.1968002915382385,,,
56690,0.0967971086502075,1.05546875,0.3983936011791229,,,
56700,0.1005848817527294,1.058203125,0.3042801022529602,,,
56710,0.0985235556960106,1.033203125,0.2660908401012421,,,
56720,0.0993163704872131,1.052734375,0.3645278811454773,,,
56730,0.0946184135973453,1.030078125,0.2291628122329712,,,
56740,0.0976992808282375,1.1390625,0.2013159990310669,,,
56750,0.0970656499266624,1.025390625,0.2732876837253571,,,
56760,0.0932301014661789,1.059765625,0.2109638899564743,,,
56770,0.0926276087760925,1.048046875,0.1994041502475739,,,
56780,0.0967676162719726,1.069921875,0.3287692964076996,,,
56790,0.0970223784446716,1.041796875,0.2380217909812927,,,
56800,0.0939810492098331,1.062890625,0.575633704662323,,,
56810,0.0967225164175033,1.04765625,0.4056554734706879,,,
56820,0.095871278643608,1.0734375,0.4501499235630035,,,
56830,0.0964313834905624,1.04921875,0.1896722018718719,,,
56840,0.0951169796288013,1.0453125,0.255840927362442,,,
56850,0.0939574234187603,1.045703125,0.2225211709737778,,,
56860,0.095644249022007,1.01796875,0.2525357007980347,,,
56870,0.0942550770938396,1.05546875,0.2750273048877716,,,
56880,0.0984734460711479,1.09140625,0.3131444454193115,,,
56890,0.0976672850549221,1.041796875,0.1928310692310333,,,
56900,0.0930516511201858,1.0359375,0.1881203204393387,,,
56910,0.093339030444622,1.03515625,0.1681250184774399,,,
56920,0.0970892883837223,1.07890625,0.34281986951828,,,
56930,0.0975063145160675,1.033984375,0.3455907106399536,,,
56940,0.097213490307331,1.008203125,0.4323324263095856,,,
56950,0.0949801310896873,1.08984375,0.2202782928943634,,,
56960,0.0925643019378185,1.005078125,0.1944613754749298,,,
56970,0.0980682104825973,1.053125,0.3006289601325989,,,
56980,0.0962416060268878,1.030078125,0.2789779603481293,,,
56990,0.095082626491785,1.049609375,0.4763788878917694,,,
57000,0.095017609745264,1.012109375,0.2908965349197388,0.6595274806022644,0.43039500608797,0.5659384837461758
57010,0.0957209296524524,1.06796875,0.311554342508316,,,
57020,0.0949341215193271,1.041796875,0.3498227596282959,,,
57030,0.0981534965336322,1.06640625,0.2715771198272705,,,
57040,0.0977358222007751,1.121875,0.1806589663028717,,,
57050,0.0974690198898315,1.067578125,0.4239968955516815,,,
57060,0.0933002904057502,1.061328125,0.3045178651809692,,,
57070,0.0977698549628257,1.046484375,0.3894064128398895,,,
57080,0.0952109418809414,1.0453125,0.3745343387126923,,,
57090,0.0960697472095489,1.069921875,0.2847261428833008,,,
57100,0.0960958644747734,1.02734375,0.2804733216762543,,,
57110,0.093164150416851,1.01484375,0.3022759556770325,,,
57120,0.0925653204321861,1.0859375,0.2657983601093292,,,
57130,0.0955032281577587,1.05390625,0.3761732280254364,,,
57140,0.0931294962763786,1.051953125,0.1771163493394852,,,
57150,0.0941008694469928,1.031640625,0.2881523072719574,,,
57160,0.0942584484815597,1.029296875,0.3092877268791199,,,
57170,0.0933127082884311,1.016015625,0.1905432045459747,,,
57180,0.0976085275411605,1.073046875,0.3424500823020935,,,
57190,0.0974059797823429,1.0125,0.3363436758518219,,,
57200,0.0965023405849933,1.093359375,0.1819182336330414,,,
57210,0.0941559188067913,1.023828125,0.2828677892684937,,,
57220,0.0928300850093364,1.026953125,0.2029939591884613,,,
57230,0.0954130493104457,1.008203125,0.2557137012481689,,,
57240,0.0969922363758087,1.09921875,0.3239267468452454,,,
57250,0.0949471294879913,1.01640625,0.3837288320064545,,,
57260,0.0962677188217639,1.032421875,0.4264416992664337,,,
57270,0.0986724138259887,1.055859375,0.2933668494224548,,,
57280,0.0968656800687313,1.062109375,0.2366544157266617,,,
57290,0.090265953540802,1.088671875,0.379463791847229,,,
57300,0.096327743679285,1.00625,0.3305849134922028,,,
57310,0.0978691406548023,1.0515625,0.2195284068584442,,,
57320,0.096180810034275,1.042578125,0.2387708872556686,,,
57330,0.0944035448133945,1.03828125,0.6489542722702026,,,
57340,0.096706523001194,1.02421875,0.2387825548648834,,,
57350,0.0958164192736148,1.081640625,0.4535005390644073,,,
57360,0.0947530746459961,1.03671875,0.2670374810695648,,,
57370,0.0930156253278255,1.02578125,0.2737717628479004,,,
57380,0.0959319852292537,1.041015625,0.4109295904636383,,,
57390,0.0949378959834575,1.01875,0.293675422668457,,,
57400,0.094319748878479,1.041015625,0.2602266073226929,,,
57410,0.0918918617069721,1.069140625,0.4038640260696411,,,
57420,0.0949259005486965,1.05234375,0.2405089735984802,,,
57430,0.0949543684720993,1.048828125,0.4642291069030762,,,
57440,0.0953561678528785,1.04375,0.4300152957439423,,,
57450,0.0969355195760726,1.0671875,0.4993520081043243,,,
57460,0.0968669585883617,1.01484375,0.3429982364177704,,,
57470,0.0946034416556358,1.00546875,0.1911434233188629,,,
57480,0.0966838955879211,1.05546875,0.3532485961914062,,,
57490,0.0928141050040722,1.019140625,0.2283084243535995,,,
57500,0.0949121780693531,1.038671875,0.2775288224220276,,,
57510,0.0962743259966373,1.03515625,0.2484675496816635,,,
57520,0.0961191721260547,1.09375,0.2401416301727295,,,
57530,0.0951874114573001,1.0328125,0.2135485857725143,,,
57540,0.0942219093441963,1.02890625,0.2143381088972092,,,
57550,0.0933163113892078,1.0640625,0.2001585513353348,,,
57560,0.1009828127920628,1.073828125,0.2239552438259125,,,
57570,0.094872161000967,1.033984375,0.1998567134141922,,,
57580,0.0930925168097019,1.105078125,0.2885442972183228,,,
57590,0.097635218501091,1.01640625,0.3004249334335327,,,
57600,0.0948397330939769,1.041796875,0.1825221031904221,,,
57610,0.0971930041909217,1.046484375,0.2466499209403992,,,
57620,0.0997078947722911,1.054296875,0.2037745118141174,,,
57630,0.0986978702247142,1.0046875,0.2787204384803772,,,
57640,0.0957359068095684,1.04296875,0.4232743084430695,,,
57650,0.0966024748980999,1.014453125,0.2131178826093674,,,
57660,0.0958909198641777,1.046875,0.2882531881332397,,,
57670,0.0959270440042018,1.06015625,0.457703173160553,,,
57680,0.0983982279896736,1.0375,0.2998037040233612,,,
57690,0.0959132179617881,1.077734375,0.2404739409685135,,,
57700,0.0929770812392234,1.01953125,0.2435452342033386,,,
57710,0.0939489141106605,0.99296875,0.329239547252655,,,
57720,0.0927529029548168,1.03046875,0.4277639389038086,,,
57730,0.0954586915671825,1.01484375,0.2855315208435059,,,
57740,0.0966341465711593,1.07265625,0.261962890625,,,
57750,0.0951163969933986,0.998046875,0.2615653872489929,,,
57760,0.0950757794082164,1.051953125,0.2852882444858551,,,
57770,0.0988925196230411,1.084375,0.5224661827087402,,,
57780,0.0939414523541927,1.02890625,0.2831268906593323,,,
57790,0.0963410824537277,1.079296875,0.2472269833087921,,,
57800,0.0951700896024703,1.007421875,0.4423429369926453,,,
57810,0.0967834047973155,1.087890625,0.2243233919143677,,,
57820,0.0964701108634471,1.065625,0.3431930840015411,,,
57830,0.0981637433171272,1.041015625,0.241883173584938,,,
57840,0.0945967987179756,1.03359375,0.2646898031234741,,,
57850,0.0968836776912212,1.06953125,0.1844271272420883,,,
57860,0.0942105323076248,1.070703125,0.2468506991863251,,,
57870,0.0941218368709087,1.01015625,0.4315393269062042,,,
57880,0.0938744075596332,0.983203125,0.3897072374820709,,,
57890,0.0981967322528362,1.0859375,0.2506292164325714,,,
57900,0.0973867297172546,1.05078125,0.336738258600235,,,
57910,0.0950061060488224,1.03046875,0.1887428760528564,,,
57920,0.0998636953532695,1.0296875,0.4762021005153656,,,
57930,0.0985376045107841,1.01640625,0.1824688464403152,,,
57940,0.0906667627394199,1.057421875,0.2154042422771454,,,
57950,0.0961394622921943,1.01640625,0.3845929503440857,,,
57960,0.0957688085734844,1.057421875,0.2296450138092041,,,
57970,0.0962678685784339,1.04765625,0.2732263207435608,,,
57980,0.0976481512188911,1.04140625,0.3408853709697723,,,
57990,0.0923898175358772,1.0640625,0.3255967795848846,,,
58000,0.0979709967970848,1.05859375,0.3195923864841461,0.6533940434455872,0.4222892540639497,0.5587133433996256
58010,0.096481879800558,1.071875,0.2211869359016418,,,
58020,0.0931107647716999,1.023828125,0.1693106889724731,,,
58030,0.0943476967513561,1.041796875,0.3080588579177856,,,
58040,0.0981852389872074,1.009765625,0.3845447301864624,,,
58050,0.0924376428127288,1.00546875,0.2806407809257507,,,
58060,0.0954702459275722,1.081640625,0.2590076923370361,,,
58070,0.0959733910858631,0.9921875,0.1939586848020554,,,
58080,0.0932402707636356,1.0578125,0.3391306698322296,,,
58090,0.0955202229321003,1.01796875,0.2638349235057831,,,
58100,0.0950790256261825,1.053515625,0.2392253279685974,,,
58110,0.0954142548143863,1.0453125,0.2288191616535187,,,
58120,0.097230464965105,1.02734375,0.2621336579322815,,,
58130,0.094293624907732,1.094921875,0.3775175809860229,,,
58140,0.0969356194138526,1.026171875,0.3339347243309021,,,
58150,0.0951195299625396,1.03671875,0.4405006170272827,,,
58160,0.0943333476781845,1.024609375,0.382484495639801,,,
58170,0.0931540295481681,1.0234375,0.2179054468870163,,,
58180,0.0981025695800781,1.086328125,0.2827451527118683,,,
58190,0.0889614388346672,1.034765625,0.2684339582920074,,,
58200,0.0975193552672863,1.096875,0.2788439095020294,,,
58210,0.095130106806755,0.971484375,0.2021311521530151,,,
58220,0.096598894894123,1.0421875,0.3423773944377899,,,
58230,0.0972246341407299,1.035546875,0.4109549820423126,,,
58240,0.0959614150226116,1.035546875,0.2732460498809814,,,
58250,0.0915622882544994,1.024609375,0.3351211547851562,,,
58260,0.0974730655550956,1.01953125,0.2011727392673492,,,
58270,0.0971716918051242,1.03359375,0.2723053693771362,,,
58280,0.0950547449290752,1.05234375,0.1892405450344086,,,
58290,0.0930258147418499,1.013671875,0.3955880403518677,,,
58300,0.0928904131054878,1.03046875,0.2967973351478577,,,
58310,0.0952138289809227,1.072265625,0.3089249134063721,,,
58320,0.0960431955754756,1.0546875,0.536942720413208,,,
58330,0.0926054082810878,1.077734375,0.1875486969947815,,,
58340,0.0933143466711044,1.012109375,0.3647679090499878,,,
58350,0.0935207530856132,1.028125,0.3559295833110809,,,
58360,0.0961999796330928,1.034375,0.4823665916919708,,,
58370,0.0990623518824577,1.023046875,0.2803118228912354,,,
58380,0.0961314000189304,1.038671875,0.3987716436386108,,,
58390,0.0947046585381031,1.03359375,0.2918369472026825,,,
58400,0.0979270786046981,1.02734375,0.2133586853742599,,,
58410,0.0946118779480457,1.061328125,0.4002612233161926,,,
58420,0.0953599222004413,1.024609375,0.4324047267436981,,,
58430,0.0898189611732959,1.0375,0.2914878726005554,,,
58440,0.0933610431849956,1.01171875,0.2091172188520432,,,
58450,0.0961466170847415,1.052734375,0.3044077157974243,,,
58460,0.097139023989439,1.046484375,0.234247237443924,,,
58470,0.0930130653083324,1.055859375,0.509331226348877,,,
58480,0.0934022068977356,0.978125,0.3367393910884857,,,
58490,0.0979522988200187,1.065234375,0.2668074071407318,,,
58500,0.0956260353326797,1.05703125,0.203963428735733,,,
58510,0.0930980376899242,1.08125,0.2810263931751251,,,
58520,0.0961726114153862,1.0453125,0.213745191693306,,,
58530,0.0950147360563278,1.020703125,0.2987786531448364,,,
58540,0.0979044429957866,1.043359375,0.3104729354381561,,,
58550,0.0979678206145763,1.03125,0.5190613269805908,,,
58560,0.0931839741766452,1.053125,0.3166652619838715,,,
58570,0.0885255694389343,1.0296875,0.3523257672786713,,,
58580,0.0964554883539676,1.0234375,0.1754679530858994,,,
58590,0.1010521985590458,1.01953125,0.2983677685260773,,,
58600,0.0939448706805706,1.005078125,0.3226796984672546,,,
58610,0.092886297404766,1.04375,0.2745868265628815,,,
58620,0.0953964464366436,1.069921875,0.4712117314338684,,,
58630,0.0929728530347347,1.070703125,0.1955185532569885,,,
58640,0.0957865469157695,1.02734375,0.5544355511665344,,,
58650,0.0959601901471614,1.0828125,0.33061283826828,,,
58660,0.0980176493525505,1.053515625,0.2656006217002869,,,
58670,0.095319927483797,1.078515625,0.3034170567989349,,,
58680,0.0930973045527935,1.0328125,0.2990615367889404,,,
58690,0.0992949053645134,1.0421875,0.1822866052389145,,,
58700,0.0950210429728031,1.077734375,0.377693235874176,,,
58710,0.0939682103693485,1.055078125,0.3684587478637695,,,
58720,0.092364876717329,1.0171875,0.3241544663906097,,,
58730,0.0937227942049503,1.044140625,0.2060295194387436,,,
58740,0.0972592562437057,1.046875,0.2834705412387848,,,
58750,0.097471222281456,1.026171875,0.2126535922288895,,,
58760,0.0988544270396232,1.062109375,0.3928874433040619,,,
58770,0.100860471278429,1.03046875,0.3465119004249573,,,
58780,0.0953682772815227,1.033984375,0.2815606892108917,,,
58790,0.0893290020525455,1.01015625,0.4292196929454803,,,
58800,0.090582825243473,0.98984375,0.4164215624332428,,,
58810,0.0952863238751888,1.071875,0.253550112247467,,,
58820,0.0986593209207058,1.033984375,0.2481085956096649,,,
58830,0.0946939840912819,1.01875,0.2134146392345428,,,
58840,0.0949405655264854,1.026953125,0.4921104609966278,,,
58850,0.0953107230365276,1.033984375,0.2387611418962479,,,
58860,0.0943364612758159,1.042578125,0.254992663860321,,,
58870,0.0940605700016021,1.043359375,0.3136467039585114,,,
58880,0.0942406445741653,1.06875,0.2777578234672546,,,
58890,0.0928515784442424,1.0328125,0.2565946877002716,,,
58900,0.0918346934020519,1.046484375,0.2034745067358017,,,
58910,0.0985328182578086,1.089453125,0.4139569997787476,,,
58920,0.098000668734312,1.0390625,0.242731124162674,,,
58930,0.0960517168045043,0.99765625,0.2818186581134796,,,
58940,0.0949645936489105,1.040625,0.4200848042964935,,,
58950,0.0950525157153606,1.043359375,0.2552183866500854,,,
58960,0.0936849392950534,1.0265625,0.4934857785701752,,,
58970,0.0941850781440734,1.016796875,0.3145653903484344,,,
58980,0.0916146136820316,1.0578125,0.3669348359107971,,,
58990,0.0957589037716388,0.996484375,0.2592969834804535,,,
59000,0.0977695815265178,1.018359375,0.3245166838169098,0.6541064381599426,0.4194214290967785,0.5700215086275973
59010,0.0972803317010402,1.03828125,0.2789319157600403,,,
59020,0.0954422391951084,1.009765625,0.4563983976840973,,,
59030,0.0980112954974174,1.0515625,0.2279389202594757,,,
59040,0.0932256385684013,1.001953125,0.226091131567955,,,
59050,0.0941554248332977,1.05859375,0.2974399030208588,,,
59060,0.0964335210621357,1.068359375,0.3395438492298126,,,
59070,0.0930087961256504,1.06015625,0.2888166010379791,,,
59080,0.0934773921966552,1.062109375,0.38997682929039,,,
59090,0.0930733002722263,1.033984375,0.3516603708267212,,,
59100,0.0975288212299347,1.02109375,0.2576785683631897,,,
59110,0.0962962061166763,0.999609375,0.1725135892629623,,,
59120,0.0958433754742145,1.124609375,0.2828131020069122,,,
59130,0.0972373135387897,1.041015625,0.2807191610336304,,,
59140,0.0937961809337139,1.0375,0.2250588685274124,,,
59150,0.0939354695379734,1.053125,0.2497415244579315,,,
59160,0.0956806100904941,1.0421875,0.2972977757453918,,,
59170,0.0963828533887863,1.081640625,0.2238628715276718,,,
59180,0.0973196260631084,1.045703125,0.212702751159668,,,
59190,0.0986188769340515,1.0765625,0.2917540073394775,,,
59200,0.0975899867713451,1.04921875,0.3250432014465332,,,
59210,0.0967214249074459,1.055859375,0.3501625657081604,,,
59220,0.0936584517359733,1.03359375,0.1775205880403519,,,
59230,0.0944799520075321,1.040234375,0.3007107377052307,,,
59240,0.09410445317626,1.0609375,0.2245681583881378,,,
59250,0.0928438380360603,1.044921875,0.2065123468637466,,,
59260,0.0949230246245861,1.0484375,0.3163312673568726,,,
59270,0.0976992063224315,1.053515625,0.2659270763397217,,,
59280,0.0956493593752384,1.059375,0.3981050550937653,,,
59290,0.0941826649010181,1.00859375,0.2328954935073853,,,
59300,0.0926417581737041,1.013671875,0.3111703097820282,,,
59310,0.093804395198822,1.041015625,0.4302053451538086,,,
59320,0.0950202815234661,1.025390625,0.3045446574687958,,,
59330,0.0964924223721027,1.028515625,0.222780168056488,,,
59340,0.0928541116416454,1.040234375,0.3670904636383057,,,
59350,0.0945793852210044,1.0578125,0.285962700843811,,,
59360,0.0962992928922176,1.01171875,0.3081366121768951,,,
59370,0.0927766986191272,1.02109375,0.2115758657455444,,,
59380,0.0980946771800518,1.053125,0.2727898061275482,,,
59390,0.0917081758379936,1.075390625,0.2358675450086594,,,
59400,0.1000996679067612,1.043359375,0.2624456286430359,,,
59410,0.093673975020647,1.028125,0.2032598406076431,,,
59420,0.0973647475242614,1.065625,0.2836437225341797,,,
59430,0.0951947763562202,1.03359375,0.274813324213028,,,
59440,0.0971167162060737,1.05703125,0.4593430161476135,,,
59450,0.094364383816719,1.04453125,0.4138050973415375,,,
59460,0.0968035049736499,1.03671875,0.2475829571485519,,,
59470,0.0946774005889892,1.040625,0.1820325553417206,,,
59480,0.0953300610184669,1.051171875,0.2823739647865295,,,
59490,0.0919776126742362,1.00625,0.2393176853656769,,,
59500,0.0955839455127716,1.05859375,0.2179695814847946,,,
59510,0.0956639789044857,1.03125,0.1917246133089066,,,
59520,0.0970691174268722,1.0375,0.3051916360855103,,,
59530,0.0898860841989517,1.015625,0.2014429718255997,,,
59540,0.0932589277625084,0.99375,0.3107000291347504,,,
59550,0.0953795723617076,1.084765625,0.3095805644989014,,,
59560,0.096430753916502,1.033203125,0.3730524480342865,,,
59570,0.0922714784741401,1.003125,0.2630361914634705,,,
59580,0.0910613030195236,1.065234375,0.270136296749115,,,
59590,0.0915323205292224,1.018359375,0.3078130781650543,,,
59600,0.0910035543143749,1.03515625,0.5386930704116821,,,
59610,0.0945021599531173,1.11640625,0.4111486673355103,,,
59620,0.097461923956871,1.012890625,0.4320957362651825,,,
59630,0.0971040964126586,1.0515625,0.1763617247343063,,,
59640,0.0984998233616352,1.068359375,0.2133842408657074,,,
59650,0.0958130948245525,1.04609375,0.3903577029705048,,,
59660,0.0924410231411457,1.037109375,0.2446942180395126,,,
59670,0.0956635639071464,1.04296875,0.2735644280910492,,,
59680,0.0928199999034404,0.998828125,0.3415674865245819,,,
59690,0.0995850093662738,1.10390625,0.297967404127121,,,
59700,0.0960467562079429,1.037890625,0.3259232938289642,,,
59710,0.0963326230645179,1.078515625,0.2887338399887085,,,
59720,0.0932448543608188,1.044140625,0.3712039291858673,,,
59730,0.0919039256870746,1.034375,0.4429676830768585,,,
59740,0.091374485194683,1.0484375,0.2144460827112198,,,
59750,0.0994183704257011,1.021484375,0.1990606784820557,,,
59760,0.0957161247730255,1.0078125,0.1980280131101608,,,
59770,0.0927083723247051,1.0421875,0.2486836612224579,,,
59780,0.0967195570468902,1.06875,0.4355227649211884,,,
59790,0.0972958527505397,1.030859375,0.2763160765171051,,,
59800,0.0916489511728286,0.99375,0.2106757462024689,,,
59810,0.0957664459943771,1.056640625,0.2861414849758148,,,
59820,0.0977794960141182,0.9703125,0.3370294868946075,,,
59830,0.091686675697565,1.101171875,0.2257886379957199,,,
59840,0.1009412556886673,1.05390625,0.2670692205429077,,,
59850,0.0946498349308967,1.01875,0.3186459541320801,,,
59860,0.0940577268600463,1.005859375,0.2265786081552505,,,
59870,0.0911558590829372,1.01484375,0.2151395976543427,,,
59880,0.0958924777805805,1.065625,0.2574743330478668,,,
59890,0.0928491421043872,1.024609375,0.2399207651615143,,,
59900,0.0966679334640503,1.008203125,0.2654047608375549,,,
59910,0.0934593230485916,1.016015625,0.2327238768339157,,,
59920,0.0969116553664207,1.0734375,0.3078480064868927,,,
59930,0.0927447482943534,1.012109375,0.3486859202384949,,,
59940,0.0974751479923725,1.047265625,0.4311625957489014,,,
59950,0.09620908126235,1.005078125,0.2776913344860077,,,
59960,0.0969012968242168,1.00390625,0.2455251067876816,,,
59970,0.0933088950812816,1.049609375,0.338167279958725,,,
59980,0.0981264539062976,1.042578125,0.3765107095241547,,,
59990,0.0956965088844299,1.069921875,0.1827546656131744,,,
60000,0.0943612031638622,1.03203125,0.2605053782463074,0.6579228043556213,0.4218387269295454,0.5708688673245602
60010,0.0956982851028442,1.03125,0.6024369597434998,,,
60020,0.0939827106893062,1.0015625,0.3723793029785156,,,
60030,0.0945888750255107,1.026171875,0.2965770661830902,,,
60040,0.0949684917926788,1.076953125,0.2471443116664886,,,
60050,0.0967997878789901,1.009375,0.3557643890380859,,,
60060,0.0972458384931087,1.034765625,0.2684545516967773,,,
60070,0.0922186225652694,1.03515625,0.2686066031455994,,,
60080,0.0966316543519496,1.028515625,0.3527185618877411,,,
60090,0.0964563600718975,1.015234375,0.3282262682914734,,,
60100,0.0967189088463783,0.98984375,0.2154616266489029,,,
60110,0.0966758467257022,1.010546875,0.2472512423992157,,,
60120,0.0939486287534236,1.066796875,0.3065603673458099,,,
60130,0.093408865481615,1.076953125,0.3359226286411285,,,
60140,0.0940709598362445,1.043359375,0.2453582584857941,,,
60150,0.0964689500629902,1.001171875,0.3567244708538055,,,
60160,0.0948601946234703,1.008984375,0.2054152637720108,,,
60170,0.0959064476191997,0.997265625,0.2810841202735901,,,
60180,0.0964818559587001,1.058203125,0.2649971842765808,,,
60190,0.0924342446029186,1.02109375,0.3603833615779877,,,
60200,0.0961246810853481,1.02578125,0.3496872186660767,,,
60210,0.0951023429632186,1.057421875,0.2773571014404297,,,
60220,0.0905484080314636,1.022265625,0.4624577760696411,,,
60230,0.0926004208624362,1.037109375,0.3288426995277405,,,
60240,0.0978079289197921,1.079296875,0.3530301153659821,,,
60250,0.0944629795849323,1.0046875,0.2254050076007843,,,
60260,0.0916883997619152,1.048828125,0.2859111130237579,,,
60270,0.0961631305515766,0.996484375,0.2553231418132782,,,
60280,0.0914974451065063,1.01953125,0.3450073301792145,,,
60290,0.093082383275032,1.0390625,0.5292771458625793,,,
60300,0.0886202901601791,1.016015625,0.2443064600229263,,,
60310,0.0978622570633888,1.065234375,0.4483286738395691,,,
60320,0.0959086567163467,1.05390625,0.342700868844986,,,
60330,0.0962439440190792,1.021484375,0.443195104598999,,,
60340,0.0947345927357673,1.034765625,0.2707236111164093,,,
60350,0.0967022709548473,1.1046875,0.2250005155801773,,,
60360,0.0916270807385444,1.00390625,0.2462904304265976,,,
60370,0.0978164240717887,1.016015625,0.2914069294929504,,,
60380,0.0972114086151123,1.038671875,0.3285908401012421,,,
60390,0.0959609724581241,1.0390625,0.2558154761791229,,,
60400,0.0938564725220203,1.041796875,0.2689799666404724,,,
60410,0.0974281214177608,1.0328125,0.265717476606369,,,
60420,0.094075471162796,1.030859375,0.3803996443748474,,,
60430,0.0919771030545234,1.02265625,0.3196894228458405,,,
60440,0.0959561750292778,1.060546875,0.3004442751407623,,,
60450,0.0955233298242092,1.043359375,0.2569355666637421,,,
60460,0.0981046333909034,1.06171875,0.1961263418197632,,,
60470,0.0940221145749092,1.028125,0.3849591910839081,,,
60480,0.0965787597000598,1.054296875,0.3036366701126099,,,
60490,0.0909885056316852,1.025390625,0.2670213580131531,,,
60500,0.0924468949437141,1.032421875,0.2323936820030212,,,
60510,0.0980713427066803,1.030859375,0.3245654404163361,,,
60520,0.0977436073124408,1.034765625,0.6618435382843018,,,
60530,0.0950124457478523,1.0109375,0.2348792254924774,,,
60540,0.0948349639773368,1.038671875,0.3109139502048492,,,
60550,0.0967508934438228,1.107421875,0.3549644649028778,,,
60560,0.0949844509363174,1.016796875,0.3308742344379425,,,
60570,0.0962078563868999,1.040234375,0.2092660367488861,,,
60580,0.0932453162968158,1.0421875,0.270780622959137,,,
60590,0.0907136522233486,0.996484375,0.2561276257038116,,,
60600,0.0932576805353164,1.027734375,0.373687744140625,,,
60610,0.0965677835047245,1.054296875,0.4895813465118408,,,
60620,0.0925604686141014,1.021484375,0.4701963365077972,,,
60630,0.0965842105448246,1.049609375,0.3881012797355652,,,
60640,0.100247422605753,1.05078125,0.2975409328937531,,,
60650,0.0953260757029056,1.06171875,0.426545649766922,,,
60660,0.0977575175464153,1.01171875,0.2552866339683533,,,
60670,0.0925781466066837,1.008984375,0.48117396235466,,,
60680,0.0942215092480182,1.0203125,0.2842879891395569,,,
60690,0.0914922855794429,1.0484375,0.2214035987854004,,,
60700,0.0965700820088386,1.013671875,0.2228939086198807,,,
60710,0.0940922506153583,1.03203125,0.2955497801303864,,,
60720,0.0936742752790451,1.02890625,0.25785893201828,,,
60730,0.0969993315637111,1.063671875,0.51753830909729,,,
60740,0.093342038989067,1.014453125,0.2619907557964325,,,
60750,0.0960467398166656,1.01328125,0.2650997340679169,,,
60760,0.0943014174699783,1.0703125,0.3984498381614685,,,
60770,0.0906503766775131,0.999609375,0.3864433467388153,,,
60780,0.0906920902431011,0.971875,0.2604553699493408,,,
60790,0.0976881273090839,1.036328125,0.3022878468036652,,,
60800,0.0968975022435188,1.04453125,0.3157577514648438,,,
60810,0.0926676794886589,1.021875,0.2221492081880569,,,
60820,0.0956873945891857,1.106640625,0.2902586162090302,,,
60830,0.0951958805322647,1.037109375,0.2386572062969208,,,
60840,0.0938464783132076,1.046875,0.2351002544164658,,,
60850,0.0908167578279972,1.02578125,0.2493558377027512,,,
60860,0.0955365628004074,1.040234375,0.3749887645244598,,,
60870,0.095685938000679,1.0234375,0.4398514926433563,,,
60880,0.0919858932495117,1.034765625,0.2786523997783661,,,
60890,0.0944407768547535,1.048828125,0.2692087590694427,,,
60900,0.0940427355468273,1.033203125,0.2685777842998505,,,
60910,0.0966859072446823,0.998046875,0.241473913192749,,,
60920,0.0944818668067455,1.0296875,0.320054829120636,,,
60930,0.0960252523422241,1.036328125,0.3548129796981812,,,
60940,0.0967265389859676,1.05546875,0.2820585668087006,,,
60950,0.0980675593018531,1.017578125,0.2305239289999008,,,
60960,0.093068803846836,1.025390625,0.2190427929162979,,,
60970,0.0938461631536483,1.041796875,0.3051236569881439,,,
60980,0.0946012079715728,1.040625,0.3269393146038055,,,
60990,0.0964245252311229,1.069921875,0.3119460940361023,,,
61000,0.0961356595158577,1.038671875,0.4975297451019287,0.6555386185646057,0.4421841215596423,0.5717016877947412
61010,0.0960607260465622,1.04296875,0.3394618928432465,,,
61020,0.0942175798118114,1.032421875,0.3614752590656281,,,
61030,0.0966238886117935,1.038671875,0.2569416761398315,,,
61040,0.0976746052503585,1.053515625,0.2313890010118484,,,
61050,0.0983227714896202,1.03046875,0.3209705054759979,,,
61060,0.0935482054948806,1.0234375,0.3419953882694244,,,
61070,0.0943606980144977,0.983984375,0.3932546079158783,,,
61080,0.0915820889174938,1.042578125,0.299868255853653,,,
61090,0.091603597253561,1.029296875,0.2888014912605286,,,
61100,0.0936289019882679,1.012890625,0.3473502099514008,,,
61110,0.0933888889849186,1.005078125,0.2893435955047607,,,
61120,0.0910472907125949,1.06171875,0.3273443281650543,,,
61130,0.0911553598940372,1.018359375,0.4176087379455566,,,
61140,0.0953630656003952,1.0640625,0.314918041229248,,,
61150,0.0953206807374954,1.035546875,0.3735703527927399,,,
61160,0.0929667666554451,0.996484375,0.2236832529306412,,,
61170,0.0916422791779041,1.036328125,0.2099122703075409,,,
61180,0.0960874684154987,1.071484375,0.2766609787940979,,,
61190,0.099210974574089,1.00546875,0.2920684218406677,,,
61200,0.0944775193929672,1.04140625,0.4569980502128601,,,
61210,0.0960922174155712,1.09921875,0.2718505859375,,,
61220,0.0930382557213306,1.057421875,0.3054162263870239,,,
61230,0.0939583539962768,1.04609375,0.2691132426261902,,,
61240,0.0956976287066936,1.00703125,0.2214362174272537,,,
61250,0.0926653273403644,1.050390625,0.2167745977640152,,,
61260,0.0957965560257434,1.028125,0.3826487958431244,,,
61270,0.0931338585913181,1.069140625,0.2820362150669098,,,
61280,0.0932506792247295,1.0328125,0.2936892807483673,,,
61290,0.0937528423964977,0.99921875,0.2503560185432434,,,
61300,0.0931157059967517,1.03046875,0.3447768986225128,,,
61310,0.0980077467858791,1.050390625,0.2087199538946152,,,
61320,0.0956784933805465,1.005859375,0.3302463293075562,,,
61330,0.0946976915001869,1.080078125,0.2633928060531616,,,
61340,0.093763256072998,1.02578125,0.2271407097578049,,,
61350,0.0947430342435836,1.05859375,0.3228782117366791,,,
61360,0.0924801781773567,1.035546875,0.2627286612987518,,,
61370,0.0985098265111446,1.010546875,0.4271114766597748,,,
61380,0.0930985771119594,1.022265625,0.2359541058540344,,,
61390,0.095696460455656,1.040234375,0.18282850086689,,,
61400,0.0962744265794754,1.00390625,0.286163717508316,,,
61410,0.0934875547885894,1.021484375,0.2949837744235992,,,
61420,0.0949671581387519,1.07734375,0.1785339415073395,,,
61430,0.0920618914067745,0.99296875,0.188236877322197,,,
61440,0.0937657259404659,1.020703125,0.3059980869293213,,,
61450,0.0931062012910843,1.04609375,0.2467319667339325,,,
61460,0.0969596855342388,1.06171875,0.2805632650852203,,,
61470,0.0925230182707309,1.033984375,0.251251608133316,,,
61480,0.0946591936051845,1.08359375,0.1925917267799377,,,
61490,0.0947800733149051,1.004296875,0.289709597826004,,,
61500,0.0917863100767135,1.007421875,0.2864203453063965,,,
61510,0.0956902526319027,1.062890625,0.3930378556251526,,,
61520,0.0970304697751998,1.055078125,0.2716112434864044,,,
61530,0.0961443766951561,1.024609375,0.389583021402359,,,
61540,0.0949726499617099,1.0515625,0.2549313902854919,,,
61550,0.0896124757826328,1.028515625,0.2317545413970947,,,
61560,0.0930022977292537,1.026953125,0.2123138606548309,,,
61570,0.0930973671376705,1.02578125,0.3708299100399017,,,
61580,0.0968047209084033,1.0421875,0.2819774448871613,,,
61590,0.0958512887358665,1.021875,0.2033236771821976,,,
61600,0.0984139412641525,1.03203125,0.3043829798698425,,,
61610,0.0959560669958591,1.016015625,0.3505366742610931,,,
61620,0.0934545472264289,1.008984375,0.3046936392784119,,,
61630,0.0951435916125774,1.028515625,0.1889064610004425,,,
61640,0.0930257692933082,0.995703125,0.217228963971138,,,
61650,0.0975289031863212,1.01484375,0.3408916294574738,,,
61660,0.091991626471281,0.991796875,0.2034489065408707,,,
61670,0.0929575942456722,1.016796875,0.3378202319145203,,,
61680,0.0915654800832271,1.0171875,0.3140614032745361,,,
61690,0.0929176688194274,1.068359375,0.3588210046291351,,,
61700,0.0973381467163562,1.070703125,0.285593569278717,,,
61710,0.0932487949728965,1.022265625,0.3503197431564331,,,
61720,0.0984587699174881,1.079296875,0.2143352776765823,,,
61730,0.0959386058151721,1.04453125,0.247791588306427,,,
61740,0.0926895394921302,1.046484375,0.3364161252975464,,,
61750,0.09551367983222,0.99921875,0.2879787385463715,,,
61760,0.0947959542274475,1.0203125,0.2380193918943405,,,
61770,0.0956915952265262,1.026953125,0.3521347343921661,,,
61780,0.0941031903028488,1.024609375,0.2325340062379837,,,
61790,0.0955735713243484,1.007421875,0.2624841928482056,,,
61800,0.0952503859996795,1.096875,0.4878617525100708,,,
61810,0.0952470183372497,1.008203125,0.2527467906475067,,,
61820,0.0954258352518081,1.04453125,0.5312187075614929,,,
61830,0.0958677910268306,1.024609375,0.2763209640979767,,,
61840,0.0930174209177494,1.04140625,0.2914370596408844,,,
61850,0.0960119910538196,1.044921875,0.3260511755943298,,,
61860,0.0935980245471,1.025,0.3257846236228943,,,
61870,0.0934604048728942,1.050390625,0.4605536162853241,,,
61880,0.0900939181447029,1.02890625,0.261825293302536,,,
61890,0.0945669092237949,1.037109375,0.2259494811296463,,,
61900,0.093479735404253,1.017578125,0.2573094367980957,,,
61910,0.0939920842647552,1.0265625,0.2035663574934006,,,
61920,0.0929389551281929,1.039453125,0.3100738227367401,,,
61930,0.0977893486618995,1.066796875,0.4768623113632202,,,
61940,0.0929541856050491,1.03671875,0.233340784907341,,,
61950,0.0986997790634632,1.04921875,0.3727152347564697,,,
61960,0.0910604454576969,1.007421875,0.3503546714782715,,,
61970,0.0926567442715168,0.966796875,0.2222136408090591,,,
61980,0.0904962807893753,0.98046875,0.2470574975013733,,,
61990,0.0958339005708694,1.08515625,0.2391794770956039,,,
62000,0.0948177136480808,1.0171875,0.2684912085533142,0.6570104956626892,0.4316266708876226,0.5568928241618722
62010,0.0925610177218914,1.03515625,0.5231339335441589,,,
62020,0.0964410983026027,1.0546875,0.2489316165447235,,,
62030,0.0947829350829124,1.005859375,0.3537586033344269,,,
62040,0.0949905179440975,1.01640625,0.3810276091098785,,,
62050,0.094052343070507,1.041796875,0.2607288956642151,,,
62060,0.0963706217706203,1.0515625,0.2242979109287262,,,
62070,0.0927317723631858,1.023828125,0.4822283983230591,,,
62080,0.0973898887634277,1.0703125,0.2528725266456604,,,
62090,0.094773019105196,1.060546875,0.3471167683601379,,,
62100,0.0936130583286285,1.048046875,0.3273467719554901,,,
62110,0.0970207750797271,1.049609375,0.3101798593997955,,,
62120,0.0935998357832431,1.0109375,0.2601327896118164,,,
62130,0.0949411682784557,1.05078125,0.3200244903564453,,,
62140,0.0973661825060844,0.99609375,0.2848159968852997,,,
62150,0.0935138270258903,1.02265625,0.4122385084629059,,,
62160,0.0903517477214336,1.02578125,0.2584666609764099,,,
62170,0.0905735217034816,1.02578125,0.24490125477314,,,
62180,0.0887431807816028,1.043359375,0.2971486449241638,,,
62190,0.0967825755476951,1.01328125,0.4561576545238495,,,
62200,0.092962047457695,1.0296875,0.2032381594181061,,,
62210,0.0918853059411048,1.013671875,0.3130672872066498,,,
62220,0.0933751516044139,1.0671875,0.4879811108112335,,,
62230,0.0961359143257141,1.009765625,0.2561144828796387,,,
62240,0.0919882073998451,0.983984375,0.2608798742294312,,,
62250,0.0931695990264415,1.031640625,0.2499920576810837,,,
62260,0.0955903448164463,1.04375,0.254445493221283,,,
62270,0.0943552538752555,1.01171875,0.2715935111045837,,,
62280,0.0943192712962627,1.03203125,0.2677552402019501,,,
62290,0.0917937628924846,1.02890625,0.27351313829422,,,
62300,0.0932626955211162,1.035546875,0.3985071182250977,,,
62310,0.0946391582489013,1.036328125,0.2549483478069305,,,
62320,0.0950626514852047,1.080078125,0.2125815004110336,,,
62330,0.0953338347375392,1.029296875,0.2597784101963043,,,
62340,0.0962759360671043,1.0859375,0.2704793810844421,,,
62350,0.0938617028295993,1.005078125,0.385575920343399,,,
62360,0.0971012063324451,1.046875,0.4225590825080872,,,
62370,0.0937827922403812,1.0515625,0.2115210741758347,,,
62380,0.0925074532628059,1.019140625,0.2349691540002823,,,
62390,0.0954616099596023,1.057421875,0.2928045094013214,,,
62400,0.0952648557722568,1.077734375,0.2310375869274139,,,
62410,0.0966494388878345,1.0109375,0.1926116198301315,,,
62420,0.0947231896221637,1.061328125,0.4315726757049561,,,
62430,0.0954366713762283,1.046484375,0.4105355143547058,,,
62440,0.0926431700587272,1.034375,0.379194438457489,,,
62450,0.0944549955427646,1.051953125,0.3435588777065277,,,
62460,0.0940427094697952,1.0109375,0.4197663366794586,,,
62470,0.0969480156898498,1.071875,0.338279664516449,,,
62480,0.0957373566925525,1.03671875,0.2396423369646072,,,
62490,0.0982611536979675,1.039453125,0.2357675284147263,,,
62500,0.0906628414988517,1.007421875,0.2887882590293884,,,
62510,0.0957782410085201,1.05390625,0.2731734216213226,,,
62520,0.0950334675610065,1.046484375,0.298531711101532,,,
62530,0.0917853571474552,1.019140625,0.4193180501461029,,,
62540,0.0951773412525653,1.021875,0.369476854801178,,,
62550,0.0935466237366199,1.0296875,0.3412553369998932,,,
62560,0.0940930426120758,1.02265625,0.1763123273849487,,,
62570,0.0918052472174167,1.004296875,0.1761637777090073,,,
62580,0.0924740053713321,1.0203125,0.2415740340948105,,,
62590,0.0945853427052497,1.01953125,0.2510197758674622,,,
62600,0.0956128232181072,1.05234375,0.2763481438159943,,,
62610,0.0907867066562175,1.009765625,0.2258571982383728,,,
62620,0.0936761625111103,1.06484375,0.4814740121364594,,,
62630,0.0959155157208442,1.090234375,0.2620353102684021,,,
62640,0.0925168499350547,1.00390625,0.2479110807180405,,,
62650,0.0954606190323829,1.02421875,0.369752824306488,,,
62660,0.0940142847597599,0.99765625,0.2264352738857269,,,
62670,0.0920417733490467,1.024609375,0.3344869911670685,,,
62680,0.0911893494427204,1.059765625,0.2743251621723175,,,
62690,0.0990827396512031,1.0171875,0.3263623714447021,,,
62700,0.0933559492230415,1.034765625,0.3412118554115295,,,
62710,0.0980643384158611,1.0171875,0.2773734033107758,,,
62720,0.0965916000306606,1.013671875,0.2356238961219788,,,
62730,0.0959786958992481,1.066015625,0.3766545355319977,,,
62740,0.0976355567574501,1.02734375,0.265636146068573,,,
62750,0.0975970484316349,1.07265625,0.3969884514808655,,,
62760,0.0935926921665668,1.04296875,0.225915715098381,,,
62770,0.0958871059119701,1.017578125,0.2457935214042664,,,
62780,0.0972701899707317,1.064453125,0.2615637481212616,,,
62790,0.0930097170174121,1.0078125,0.2455745786428452,,,
62800,0.0936816148459911,1.059375,0.2818266451358795,,,
62810,0.098556450009346,1.023828125,0.3022693991661072,,,
62820,0.0935264900326728,1.08359375,0.2517297863960266,,,
62830,0.1008284404873848,1.0109375,0.2796151340007782,,,
62840,0.0938202239573001,1.05234375,0.2508105933666229,,,
62850,0.0917032055556774,1.022265625,0.3227177560329437,,,
62860,0.0944928854703903,1.0296875,0.2262660413980484,,,
62870,0.0914599791169166,0.9921875,0.2519931495189667,,,
62880,0.0937181465327739,1.069921875,0.2452654391527176,,,
62890,0.0945424631237983,1.0265625,0.1989142894744873,,,
62900,0.0957701936364174,1.069921875,0.2072411626577377,,,
62910,0.0948390394449234,1.03359375,0.4572083950042725,,,
62920,0.0936502911150455,1.024609375,0.3041386306285858,,,
62930,0.0953673593699932,1.059765625,0.3506248295307159,,,
62940,0.097304306179285,1.020703125,0.2327152192592621,,,
62950,0.0928480550646781,1.05859375,0.4558274447917938,,,
62960,0.094858743995428,1.01640625,0.2348336279392242,,,
62970,0.0966390900313854,1.028125,0.2888879477977753,,,
62980,0.0907337613403797,1.04140625,0.254733145236969,,,
62990,0.0939203523099422,1.0453125,0.2663774788379669,,,
63000,0.0922407642006874,0.986328125,0.1512978374958038,0.6558310985565186,0.4458634083403601,0.5652579878348936
63010,0.092162437736988,1.008203125,0.3713748753070831,,,
63020,0.0947867855429649,1.01484375,0.2629817128181458,,,
63030,0.0910290576517582,1.0265625,0.3894508183002472,,,
63040,0.0919567428529262,1.036328125,0.498582661151886,,,
63050,0.0925824791193008,1.064453125,0.3525468111038208,,,
63060,0.0974879302084446,1.0234375,0.3611088395118713,,,
63070,0.0933998763561248,0.990625,0.2237342000007629,,,
63080,0.0911491617560386,0.996875,0.2826471328735352,,,
63090,0.0930375099182128,1.05625,0.4253312945365906,,,
63100,0.090742415189743,1.03359375,0.3041842877864838,,,
63110,0.0886892914772033,1.027734375,0.3922793567180634,,,
63120,0.0926535852253437,1.04765625,0.3216305077075958,,,
63130,0.0972825616598129,1.03515625,0.3019013404846191,,,
63140,0.0967279613018035,1.041796875,0.5238938927650452,,,
63150,0.095485258102417,1.038671875,0.2181293070316315,,,
63160,0.0974924355745315,1.037109375,0.3112876117229462,,,
63170,0.0940990105271339,1.07578125,0.4553299248218536,,,
63180,0.1003451578319073,1.08359375,0.3139188289642334,,,
63190,0.0932856813073158,1.02265625,0.4225733578205109,,,
63200,0.0961178354918956,1.02734375,0.3979862928390503,,,
63210,0.0938607282936573,1.029296875,0.3922658264636993,,,
63220,0.0926830783486366,1.051953125,0.1653837412595749,,,
63230,0.0949171490967273,1.0,0.2959214448928833,,,
63240,0.095930391550064,1.016015625,0.3760747313499451,,,
63250,0.0956666283309459,1.09921875,0.3189740777015686,,,
63260,0.0953404985368251,1.0140625,0.272196501493454,,,
63270,0.0967674776911735,1.056640625,0.2937650680541992,,,
63280,0.0978417746722698,1.082421875,0.3237558305263519,,,
63290,0.09238892942667,1.010546875,0.5158372521400452,,,
63300,0.0927860587835311,1.028125,0.3602851629257202,,,
63310,0.0924362763762474,1.055078125,0.2035731971263885,,,
63320,0.0936367847025394,1.037890625,0.3293725848197937,,,
63330,0.0945576950907707,1.033203125,0.4122673869132996,,,
63340,0.0950843006372451,1.010546875,0.2081056833267212,,,
63350,0.0942586407065391,1.05546875,0.2458520978689194,,,
63360,0.0942670077085495,1.019921875,0.2880489826202393,,,
63370,0.098913599550724,1.05625,0.3049596548080444,,,
63380,0.0954259447753429,1.059375,0.2214790880680084,,,
63390,0.0918673366308212,1.0078125,0.2324914038181305,,,
63400,0.090872848033905,1.00078125,0.4081976711750031,,,
63410,0.0979597821831703,1.029296875,0.2886842489242554,,,
63420,0.0959426142275333,1.053515625,0.2753532826900482,,,
63430,0.090611582249403,1.05625,0.2868950963020325,,,
63440,0.097998271882534,1.01953125,0.2143354713916779,,,
63450,0.0909477554261684,1.02890625,0.3418003916740417,,,
63460,0.0912019245326519,1.025390625,0.1834454089403152,,,
63470,0.0952760636806488,1.03125,0.3368054926395416,,,
63480,0.0962089568376541,1.0171875,0.250928670167923,,,
63490,0.0968261539936065,1.060546875,0.338144451379776,,,
63500,0.0981462717056274,1.034375,0.2559394836425781,,,
63510,0.0992219194769859,1.06953125,0.2749857902526855,,,
63520,0.0949859797954559,1.0609375,0.4528290629386902,,,
63530,0.0956617549061775,1.05703125,0.3009990751743317,,,
63540,0.0923120841383934,1.0171875,0.2898623049259186,,,
63550,0.0965085782110691,1.03125,0.4727074503898621,,,
63560,0.0942837782204151,1.048046875,0.2720012664794922,,,
63570,0.0953958079218864,1.066796875,0.3110486567020416,,,
63580,0.0971246995031833,1.0171875,0.2318375706672668,,,
63590,0.0973793931305408,1.08125,0.2794696390628815,,,
63600,0.0943777687847614,1.05078125,0.2916939556598663,,,
63610,0.099134910851717,1.07421875,0.3477120995521545,,,
63620,0.0916057683527469,1.012890625,0.2448974847793579,,,
63630,0.0888040550053119,0.9953125,0.2089327424764633,,,
63640,0.092787542939186,1.040625,0.2170476615428925,,,
63650,0.1004320621490478,1.051953125,0.235969752073288,,,
63660,0.0906583249568939,0.991796875,0.4426869451999664,,,
63670,0.0943892851471901,1.045703125,0.2543961703777313,,,
63680,0.0962923042476177,1.023828125,0.2763005197048187,,,
63690,0.0902984388172626,1.0265625,0.2490915656089783,,,
63700,0.0899905830621719,1.014453125,0.2599669694900513,,,
63710,0.0938930317759513,1.026171875,0.3599797189235687,,,
63720,0.0983271427452564,1.040234375,0.3580112755298615,,,
63730,0.0938947647809982,1.024609375,0.2234747260808945,,,
63740,0.0929886899888515,1.0453125,0.2775436341762543,,,
63750,0.0905038453638553,1.011328125,0.1988808214664459,,,
63760,0.0941672690212726,1.06875,0.2824375331401825,,,
63770,0.0934146232903003,1.0125,0.3508829772472382,,,
63780,0.0941442973911762,1.028125,0.2945660650730133,,,
63790,0.091416648030281,0.999609375,0.3029730021953583,,,
63800,0.0949397951364517,1.009375,0.2983837127685547,,,
63810,0.0933200784027576,0.99921875,0.3427009880542755,,,
63820,0.0933926627039909,1.021875,0.2309329509735107,,,
63830,0.0912339448928833,1.021875,0.2294863760471344,,,
63840,0.0945934027433395,1.064453125,0.2362427711486816,,,
63850,0.0980647884309291,1.01640625,0.2451537996530533,,,
63860,0.095025210827589,1.038671875,0.1867209523916245,,,
63870,0.0944803342223167,1.00859375,0.4605984687805176,,,
63880,0.0902125209569931,1.009765625,0.2992661893367767,,,
63890,0.0879693008959293,1.0109375,0.26031494140625,,,
63900,0.0940945900976657,1.052734375,0.2755687534809113,,,
63910,0.095884320884943,0.989453125,0.3035888671875,,,
63920,0.0914999760687351,1.033203125,0.3521769046783447,,,
63930,0.094204718619585,1.02890625,0.3289061188697815,,,
63940,0.0944086723029613,1.06953125,0.2727525234222412,,,
63950,0.0952390685677528,1.04921875,0.3941601514816284,,,
63960,0.0902541317045688,1.06171875,0.217515155673027,,,
63970,0.0977198913693428,1.03515625,0.3133023381233215,,,
63980,0.0950010180473327,0.992578125,0.3340394496917725,,,
63990,0.0937418557703495,1.066796875,0.2441558241844177,,,
64000,0.094265616685152,1.0359375,0.2743794620037079,0.6590497493743896,0.4344495389029296,0.5669371355917533
64010,0.0922487787902355,1.055078125,0.2749171853065491,,,
64020,0.0924553342163562,0.979296875,0.2601495385169983,,,
64030,0.0906651981174945,0.995703125,0.2999679446220398,,,
64040,0.0899420343339443,1.0265625,0.280424028635025,,,
64050,0.092405541986227,1.0734375,0.3499764502048492,,,
64060,0.0948168262839317,1.015625,0.2302117645740509,,,
64070,0.092933814227581,1.0015625,0.2545916736125946,,,
64080,0.0937599398195743,0.995703125,0.3062942922115326,,,
64090,0.0923691660165786,1.024609375,0.3676909804344177,,,
64100,0.0957033075392246,1.0078125,0.2513783574104309,,,
64110,0.0906444407999515,0.959765625,0.4606404304504395,,,
64120,0.0923035837709903,1.01015625,0.2982883453369141,,,
64130,0.0917301453649997,1.04921875,0.2675927877426147,,,
64140,0.0915922611951828,1.009375,0.3112413287162781,,,
64150,0.092915766686201,1.0125,0.2944048941135406,,,
64160,0.0922164693474769,1.049609375,0.2755155563354492,,,
64170,0.0922889582812786,1.044921875,0.2340638935565948,,,
64180,0.0938220247626304,1.050390625,0.2031181454658508,,,
64190,0.0967911429703235,1.031640625,0.2722676992416382,,,
64200,0.0960219658911228,1.034375,0.3033142685890198,,,
64210,0.0934671550989151,0.993359375,0.2342932820320129,,,
64220,0.0937291994690895,1.062890625,0.3149305284023285,,,
64230,0.0969016648828983,1.02421875,0.2469909638166428,,,
64240,0.0904090955853462,1.033203125,0.1817949265241623,,,
64250,0.0906967721879482,1.049609375,0.2308043092489243,,,
64260,0.091635363548994,0.98984375,0.2843087911605835,,,
64270,0.094119293987751,1.045703125,0.1966396421194077,,,
64280,0.0960662797093391,0.98828125,0.2213649302721024,,,
64290,0.0917866498231887,1.037109375,0.2955686748027802,,,
64300,0.093645404279232,1.03984375,0.2612485587596893,,,
64310,0.0892091639339923,1.002734375,0.300021767616272,,,
64320,0.0927390791475772,1.055078125,0.283847838640213,,,
64330,0.0924199290573597,0.9796875,0.2767782807350159,,,
64340,0.0905025079846382,1.068359375,0.3637985587120056,,,
64350,0.0927627131342887,0.959765625,0.2639390528202057,,,
64360,0.0915892735123634,0.978515625,0.2441745102405548,,,
64370,0.0943898364901542,1.054296875,0.2136990875005722,,,
64380,0.0947259925305843,1.034375,0.4633882939815521,,,
64390,0.0927294947206974,1.06328125,0.352435976266861,,,
64400,0.0891430705785751,1.036328125,0.2111388742923737,,,
64410,0.0948828935623169,1.03828125,0.2187307626008987,,,
64420,0.0957915224134922,1.029296875,0.3174959421157837,,,
64430,0.0956033281981945,1.020703125,0.2793469727039337,,,
64440,0.0956406243145465,1.01328125,0.2988298535346985,,,
64450,0.0890634782612323,1.0484375,0.2766854166984558,,,
64460,0.0972129106521606,1.065625,0.2794166207313538,,,
64470,0.092140032351017,0.98984375,0.2319066375494003,,,
64480,0.0961993642151355,1.03515625,0.2626777589321136,,,
64490,0.0941492356359958,1.103125,0.5082992911338806,,,
64500,0.0912028223276138,1.030859375,0.557155966758728,,,
64510,0.0935342699289321,1.0,0.2822465896606445,,,
64520,0.0929490946233272,1.05234375,0.4455769658088684,,,
64530,0.0947435662150383,1.0609375,0.2140416502952576,,,
64540,0.0932189859449863,0.993359375,0.2565491497516632,,,
64550,0.0918194212019443,1.00625,0.2601433992385864,,,
64560,0.0947551146149635,1.01875,0.2625596821308136,,,
64570,0.0912689052522182,1.018359375,0.2602778673171997,,,
64580,0.095667303353548,0.996875,0.2729746997356415,,,
64590,0.0935115657746791,1.05234375,0.3489151298999786,,,
64600,0.0936453692615032,1.03203125,0.2401830404996872,,,
64610,0.0925898998975753,1.030859375,0.309579998254776,,,
64620,0.0934368282556533,1.05546875,0.2991763055324554,,,
64630,0.092643079906702,1.034765625,0.2270575165748596,,,
64640,0.0921356797218322,1.0140625,0.4970279932022095,,,
64650,0.0898177966475486,1.02734375,0.3685871362686157,,,
64660,0.0959917791187763,1.0375,0.2143786698579788,,,
64670,0.0899717628955841,1.075390625,0.3239304423332214,,,
64680,0.095194923132658,1.037109375,0.4261300265789032,,,
64690,0.0915252454578876,1.0328125,0.3813211917877197,,,
64700,0.0930319420993328,1.009765625,0.5620460510253906,,,
64710,0.0898916602134704,1.018359375,0.2194446325302124,,,
64720,0.094898921996355,1.021875,0.3276888728141785,,,
64730,0.0945884145796299,1.028515625,0.1959755569696426,,,
64740,0.0910549528896808,1.03828125,0.2324137836694717,,,
64750,0.0939862765371799,1.04296875,0.3145435154438019,,,
64760,0.0960022255778312,1.062109375,0.3744936287403107,,,
64770,0.0975301288068294,1.03984375,0.2692334055900574,,,
64780,0.0951111510396003,1.0125,0.404643326997757,,,
64790,0.094172915071249,1.037890625,0.2340033948421478,,,
64800,0.0944735512137413,1.00078125,0.3399649858474731,,,
64810,0.0903684712946415,1.0140625,0.270693451166153,,,
64820,0.0913610704243183,1.082421875,0.3944853246212006,,,
64830,0.0976174175739288,1.05859375,0.3881656527519226,,,
64840,0.0977993294596672,1.007421875,0.5243898630142212,,,
64850,0.0956440091133117,1.003125,0.2695340514183044,,,
64860,0.0908716522157192,1.053515625,0.4283516108989716,,,
64870,0.0920537531375885,1.023046875,0.2858485877513885,,,
64880,0.0916232667863369,1.0265625,0.2697204053401947,,,
64890,0.0977902062237262,1.040625,0.3217480480670929,,,
64900,0.0926652446389198,1.0453125,0.257273942232132,,,
64910,0.095256008952856,1.054296875,0.1663268655538559,,,
64920,0.0910444900393486,1.055078125,0.2005472183227539,,,
64930,0.0920653216540813,0.984765625,0.2370475679636002,,,
64940,0.0912383951246738,1.028125,0.2908555567264557,,,
64950,0.0918754704296588,1.03125,0.3564679622650146,,,
64960,0.09334611967206,1.003125,0.3829645216464996,,,
64970,0.092348762601614,0.978125,0.2817609906196594,,,
64980,0.0956685744225978,0.989453125,0.2558279633522034,,,
64990,0.0931256674230098,1.00546875,0.4950608909130096,,,
65000,0.0956152595579624,1.039453125,0.2665967047214508,0.6575050950050354,0.4320105918216584,0.5652019938451477
65010,0.0925368048250675,1.000390625,0.2565003335475922,,,
65020,0.0946136355400085,1.02421875,0.4361799657344818,,,
65030,0.0917834445834159,1.0171875,0.5038396120071411,,,
65040,0.0954859122633934,1.002734375,0.305052250623703,,,
65050,0.0955326065421104,1.0171875,0.2239497900009155,,,
65060,0.0939665146172046,1.018359375,0.2630581557750702,,,
65070,0.0908255405724048,1.029296875,0.334961861371994,,,
65080,0.094876193255186,1.021875,0.3032911419868469,,,
65090,0.0914005979895591,1.10234375,0.6074571013450623,,,
65100,0.0901862651109695,0.994921875,0.4005731344223022,,,
65110,0.0933531157672405,1.00546875,0.3262066543102264,,,
65120,0.0918188199400901,1.047265625,0.335625559091568,,,
65130,0.0895421229302883,1.0015625,0.273116797208786,,,
65140,0.0923420272767543,1.034375,0.2530543506145477,,,
65150,0.0944795407354831,1.0125,0.3723820149898529,,,
65160,0.0948287650942802,1.025390625,0.4039736092090607,,,
65170,0.0927844017744064,1.075390625,0.4295662343502045,,,
65180,0.0916569009423255,1.065625,0.4948801398277283,,,
65190,0.0900279559195041,1.0234375,0.3146346807479858,,,
65200,0.0928408205509185,1.067578125,0.3214831352233887,,,
65210,0.0926216542720794,1.0234375,0.3515554666519165,,,
65220,0.0934879876673221,1.0578125,0.5688554048538208,,,
65230,0.0920920066535472,1.0359375,0.3616116344928741,,,
65240,0.0940036185085773,1.00546875,0.3474048376083374,,,
65250,0.0932157486677169,0.998828125,0.2688040435314178,,,
65260,0.0957672022283077,1.0890625,0.1975154280662537,,,
65270,0.0943150497972965,1.029296875,0.5010026693344116,,,
65280,0.0932453162968158,1.035546875,0.3208807110786438,,,
65290,0.0937166392803192,1.03828125,0.4798892736434937,,,
65300,0.0962558485567569,1.0203125,0.5209800004959106,,,
65310,0.0943508967757225,1.0953125,0.3436917364597321,,,
65320,0.0943763427436351,1.00234375,0.4292739033699036,,,
65330,0.0938786998391151,1.015234375,0.3045799136161804,,,
65340,0.0958558432757854,1.059765625,0.3318544626235962,,,
65350,0.0958253942430019,1.0484375,0.3236290216445923,,,
65360,0.090936279296875,0.987109375,0.2715768218040466,,,
65370,0.0940254926681518,1.066796875,0.2766573429107666,,,
65380,0.0950695566833019,1.000390625,0.257568895816803,,,
65390,0.0917171955108642,1.016015625,0.3504944443702698,,,
65400,0.0910318687558174,1.013671875,0.2644698917865753,,,
65410,0.095126037299633,1.023828125,0.199108898639679,,,
65420,0.0971885025501251,1.04375,0.3203364014625549,,,
65430,0.0919540792703628,0.984375,0.293773740530014,,,
65440,0.0930071868002414,1.048046875,0.2981212139129639,,,
65450,0.095116339623928,1.043359375,0.3160152733325958,,,
65460,0.0914792597293853,0.997265625,0.2759717106819153,,,
65470,0.0907769612967968,1.038671875,0.2284047901630402,,,
65480,0.090510469675064,1.069921875,0.2835565805435181,,,
65490,0.0914946869015693,1.01875,0.2498759031295776,,,
65500,0.090305957198143,1.023828125,0.2052929103374481,,,
65510,0.0905378118157386,1.04921875,0.3748481869697571,,,
65520,0.0919260740280151,0.996875,0.2248706072568893,,,
65530,0.0952525451779365,1.030859375,0.2609691619873047,,,
65540,0.0934255681931972,1.05625,0.4005901217460632,,,
65550,0.0919022254645824,1.009375,0.2616128921508789,,,
65560,0.0918313443660736,0.98984375,0.4507695138454437,,,
65570,0.0931148320436477,1.0203125,0.3287504613399506,,,
65580,0.0922270856797695,1.028125,0.2309423536062241,,,
65590,0.0953681804239749,0.997265625,0.2527852654457092,,,
65600,0.0962879598140716,1.04375,0.4080542922019958,,,
65610,0.0905511334538459,1.064453125,0.2353361546993256,,,
65620,0.0938242569565773,1.00703125,0.3779314756393433,,,
65630,0.0942966535687446,1.04921875,0.296599954366684,,,
65640,0.0929536446928978,1.03203125,0.2977060079574585,,,
65650,0.093229404836893,1.016015625,0.1999381631612778,,,
65660,0.0944448165595531,1.03515625,0.4768196642398834,,,
65670,0.0949384436011314,1.01796875,0.442943274974823,,,
65680,0.0958944372832775,1.03359375,0.2758056223392487,,,
65690,0.0956429667770862,1.00625,0.3784347474575043,,,
65700,0.0933121390640735,1.06953125,0.3529037237167358,,,
65710,0.0940837875008583,1.030078125,0.2683520615100861,,,
65720,0.0897486954927444,1.04140625,0.2911202013492584,,,
65730,0.0932417728006839,1.01015625,0.4582369029521942,,,
65740,0.0949901401996612,1.04296875,0.4244761765003204,,,
65750,0.0929840952157974,0.999609375,0.471585750579834,,,
65760,0.0905602365732193,1.04765625,0.1846536695957184,,,
65770,0.0946121871471405,0.98828125,0.2178848087787628,,,
65780,0.0950002752244472,1.079296875,0.2498462200164795,,,
65790,0.0883003748953342,1.0359375,0.3202723562717438,,,
65800,0.0931058876216411,1.02421875,0.2943190038204193,,,
65810,0.0921750999987125,0.991015625,0.3198862373828888,,,
65820,0.0927474074065685,0.9921875,0.2650495767593384,,,
65830,0.0939385592937469,1.019921875,0.1878890246152878,,,
65840,0.0974039442837238,1.026953125,0.2462671846151352,,,
65850,0.0918744929134845,1.0078125,0.496991902589798,,,
65860,0.0938544407486915,0.999609375,0.356105625629425,,,
65870,0.0905455149710178,1.0921875,0.2656112611293793,,,
65880,0.0961205631494522,0.976171875,0.2921000123023987,,,
65890,0.0921492062509059,1.041015625,0.715886652469635,,,
65900,0.090488065034151,0.98359375,0.4325863718986511,,,
65910,0.0939617067575454,1.062109375,0.3704659044742584,,,
65920,0.094475007802248,0.991796875,0.2555632591247559,,,
65930,0.0892438054084777,1.009375,0.2166491746902466,,,
65940,0.0924988836050033,1.04453125,0.2437415719032288,,,
65950,0.0993773519992828,1.0171875,0.3239085376262665,,,
65960,0.0940041065216064,1.046875,0.2684811651706696,,,
65970,0.0887175694108009,1.01796875,0.3077841401100159,,,
65980,0.0953967168927192,1.081640625,0.3076714277267456,,,
65990,0.0955026276409626,1.0234375,0.2526476979255676,,,
66000,0.0906815357506275,1.0109375,0.2315074801445007,0.6553342342376709,0.4222431187111723,0.5673110589967549
66010,0.0935064814984798,1.04140625,0.2684985399246216,,,
66020,0.092449826747179,1.010546875,0.2493307292461395,,,
66030,0.0969023071229457,1.029296875,0.1763204783201218,,,
66040,0.090002417564392,1.00625,0.3772348165512085,,,
66050,0.0944355942308902,1.080078125,0.3591322898864746,,,
66060,0.0892445877194404,1.017578125,0.2278838306665421,,,
66070,0.09413273781538,1.01796875,0.2533203661441803,,,
66080,0.0930555664002895,1.07421875,0.4744639694690704,,,
66090,0.0879808239638805,0.982421875,0.2555263340473175,,,
66100,0.0955243326723575,1.06640625,0.2277387082576752,,,
66110,0.095558825880289,1.05625,0.3038821816444397,,,
66120,0.0903928555548191,1.00859375,0.2391756474971771,,,
66130,0.0916729070246219,1.0296875,0.2021823674440384,,,
66140,0.0970469169318676,1.078515625,0.4198464155197144,,,
66150,0.0938162602484226,0.981640625,0.1807071268558502,,,
66160,0.0918561525642871,1.048046875,0.3155639171600342,,,
66170,0.0928609624505043,1.017578125,0.3076965510845184,,,
66180,0.0916468776762485,1.053125,0.222244992852211,,,
66190,0.0894974648952484,1.001953125,0.3011932969093323,,,
66200,0.0957021534442901,1.034375,0.4323620200157166,,,
66210,0.093987026065588,1.0296875,0.31397745013237,,,
66220,0.0900021180510521,0.974609375,0.2237010151147842,,,
66230,0.0921225182712078,1.055078125,0.3732795417308807,,,
66240,0.0921959452331066,1.016015625,0.2585046291351318,,,
66250,0.0910632386803627,1.009765625,0.2617624402046204,,,
66260,0.0924450173974037,1.031640625,0.4070614278316498,,,
66270,0.0921044521033764,1.0171875,0.2791112959384918,,,
66280,0.0979691244661808,0.996875,0.2604257762432098,,,
66290,0.0949168510735034,1.04296875,0.2490392476320267,,,
66300,0.093309561908245,1.004296875,0.2802519500255585,,,
66310,0.0937543809413909,1.05390625,0.5438644886016846,,,
66320,0.0898187257349491,1.00703125,0.5259425640106201,,,
66330,0.0928099930286407,1.030078125,0.5244733095169067,,,
66340,0.0933607168495655,1.0109375,0.2511457502841949,,,
66350,0.092085050791502,1.005078125,0.4768893122673035,,,
66360,0.0927504740655422,1.058203125,0.2021795362234116,,,
66370,0.0958726495504379,0.983203125,0.2496253848075867,,,
66380,0.0907185412943363,1.025,0.3074963986873627,,,
66390,0.0907552182674407,1.03984375,0.4094126224517822,,,
66400,0.0910038381814956,0.996484375,0.3196035325527191,,,
66410,0.0888893589377403,0.988671875,0.4716650545597076,,,
66420,0.0945421308279037,0.982421875,0.3256633579730988,,,
66430,0.0934137746691703,1.01796875,0.3248376548290253,,,
66440,0.0939807131886482,1.04375,0.2933806777000427,,,
66450,0.0895550027489662,1.01953125,0.2769047617912292,,,
66460,0.0932914659380912,1.0375,0.4070916771888733,,,
66470,0.0884806081652641,1.03046875,0.1927152127027512,,,
66480,0.0959819234907627,1.046875,0.2588306665420532,,,
66490,0.093662042170763,1.026171875,0.3010659515857697,,,
66500,0.0926772065460681,1.046484375,0.1732966899871826,,,
66510,0.0949807591736316,1.03515625,0.2925341129302979,,,
66520,0.0912896640598774,0.997265625,0.2605828940868378,,,
66530,0.0956139460206031,1.050390625,0.2304690778255463,,,
66540,0.0981485158205032,1.04765625,0.4608298540115356,,,
66550,0.0930636547505855,1.015625,0.1935226768255234,,,
66560,0.0894863002002239,0.9984375,0.21460822224617,,,
66570,0.0924033865332603,1.02578125,0.3337146937847137,,,
66580,0.0879059754312038,1.01640625,0.3463917374610901,,,
66590,0.0903461180627346,0.975,0.2186440378427505,,,
66600,0.0889727301895618,0.989453125,0.5482997298240662,,,
66610,0.0907728165388107,1.041015625,0.2484570890665054,,,
66620,0.0952787674963474,0.994140625,0.3650526404380798,,,
66630,0.0953118130564689,1.02421875,0.3113395869731903,,,
66640,0.0919533230364322,1.023828125,0.3606346547603607,,,
66650,0.0956572145223617,1.023828125,0.2896936535835266,,,
66660,0.0910465143620967,1.07421875,0.3856152296066284,,,
66670,0.0928912870585918,1.00859375,0.3000666797161102,,,
66680,0.0925420768558979,1.0484375,0.2852375209331512,,,
66690,0.092639809846878,1.009765625,0.2796438336372375,,,
66700,0.0916657738387584,1.001953125,0.2500356137752533,,,
66710,0.0893235363066196,1.015234375,0.3937713205814362,,,
66720,0.092021032422781,1.003515625,0.2548390030860901,,,
66730,0.0935321852564811,1.03515625,0.1891073137521744,,,
66740,0.0909160681068897,1.0140625,0.406326025724411,,,
66750,0.0906444147229194,1.100390625,0.3092651963233948,,,
66760,0.0948349095880985,0.992578125,0.2378354966640472,,,
66770,0.0911827869713306,1.011328125,0.2475129067897797,,,
66780,0.0943317204713821,1.015625,0.2908962070941925,,,
66790,0.0932899951934814,1.037890625,0.2625178396701813,,,
66800,0.0932446911931037,1.015625,0.2196389883756638,,,
66810,0.0917915046215057,1.06484375,0.2305001616477966,,,
66820,0.0946577675640583,1.020703125,0.2787115871906281,,,
66830,0.0906966790556907,0.99296875,0.3321475684642792,,,
66840,0.0917102985084056,1.07109375,0.3048174977302551,,,
66850,0.0944751180708408,1.0,0.2807199060916901,,,
66860,0.093448631465435,1.0515625,0.2440595626831055,,,
66870,0.0919120550155639,1.0390625,0.2810434401035309,,,
66880,0.0910580605268478,0.975,0.3063130080699921,,,
66890,0.0937581956386566,0.965234375,0.2791801691055298,,,
66900,0.0902917876839637,0.97890625,0.2211359143257141,,,
66910,0.0943909585475921,1.0140625,0.2966298162937164,,,
66920,0.0906147107481956,1.021484375,0.2853619158267975,,,
66930,0.0899751134216785,1.0484375,0.274648904800415,,,
66940,0.0952773183584213,1.037109375,0.2227819263935089,,,
66950,0.0911946967244148,1.01484375,0.3664838373661041,,,
66960,0.0909733831882476,1.013671875,0.4100522994995117,,,
66970,0.0960114352405071,1.00703125,0.2916536629199982,,,
66980,0.0941972218453884,1.04296875,0.3021185994148254,,,
66990,0.0928386330604553,1.027734375,0.4272792041301727,,,
67000,0.091407074034214,1.025390625,0.2473910748958588,0.652569055557251,0.4429970490450691,0.5742094007470195
67010,0.0902387961745262,1.03671875,0.3244877755641937,,,
67020,0.0968745037913322,1.018359375,0.2064029425382614,,,
67030,0.0929301902651786,1.044140625,0.254866361618042,,,
67040,0.0974016956984996,1.058203125,0.2800711989402771,,,
67050,0.0899793580174446,0.984765625,0.2249050289392471,,,
67060,0.0905646137893199,1.0875,0.2086905390024185,,,
67070,0.0915155827999115,1.033984375,0.2835811078548431,,,
67080,0.0949926808476448,1.076953125,0.3052892088890076,,,
67090,0.095200952142477,1.009765625,0.2357823252677917,,,
67100,0.0920308798551559,1.10078125,0.2378164380788803,,,
67110,0.0909078069031238,1.024609375,0.3658819198608398,,,
67120,0.0928922124207019,1.03125,0.3199682831764221,,,
67130,0.091832435131073,1.04140625,0.2390503138303757,,,
67140,0.0905268743634224,1.047265625,0.2288645207881927,,,
67150,0.0941709741950035,1.03359375,0.2872467339038849,,,
67160,0.0932978197932243,0.972265625,0.3221625089645386,,,
67170,0.0920291177928447,1.041015625,0.3038812577724457,,,
67180,0.0944354325532913,1.00078125,0.2076776027679443,,,
67190,0.0956943355500698,1.01875,0.4515835046768188,,,
67200,0.0923627220094203,1.045703125,0.2633908092975616,,,
67210,0.0939984202384948,1.049609375,0.2688423693180084,,,
67220,0.0946374796330928,1.02734375,0.3596874475479126,,,
67230,0.0941965043544769,1.071875,0.2748058140277863,,,
67240,0.0952365115284919,1.040234375,0.5241391062736511,,,
67250,0.0915231116116046,1.0609375,0.2893806397914886,,,
67260,0.092905406653881,1.05625,0.3216283023357391,,,
67270,0.0953048206865787,1.045703125,0.3314205408096313,,,
67280,0.0891534857451915,1.0265625,0.3537467122077942,,,
67290,0.0895255051553249,1.005859375,0.2773800194263458,,,
67300,0.0949271276593208,1.071484375,0.3046259582042694,,,
67310,0.0974444858729839,1.047265625,0.2130450010299683,,,
67320,0.0952713958919048,1.040234375,0.2798949480056763,,,
67330,0.0915566384792327,1.00546875,0.3546465635299683,,,
67340,0.0902081675827503,1.01328125,0.4525136649608612,,,
67350,0.0947481244802475,1.03359375,0.2730919122695923,,,
67360,0.0926953852176666,1.038671875,0.3907568752765656,,,
67370,0.0944938831031322,1.033203125,0.2298235893249512,,,
67380,0.0956311091780662,1.0203125,0.2928951382637024,,,
67390,0.0933950208127498,1.045703125,0.349225252866745,,,
67400,0.0941976346075534,1.014453125,0.1865016520023346,,,
67410,0.090310662984848,1.058984375,0.2672528624534607,,,
67420,0.091667789965868,1.039453125,0.4999701678752899,,,
67430,0.0905284248292446,1.044140625,0.2832073271274567,,,
67440,0.0912514820694923,1.072265625,0.2445895969867706,,,
67450,0.0929738409817218,1.026953125,0.3644624650478363,,,
67460,0.0908412337303161,1.010546875,0.2110235393047333,,,
67470,0.089171053469181,0.994140625,0.2815697193145752,,,
67480,0.093933330476284,1.0390625,0.289142370223999,,,
67490,0.0959368549287319,1.025390625,0.188908264040947,,,
67500,0.0921508818864822,1.000390625,0.2898155450820923,,,
67510,0.0920517072081565,1.01640625,0.3080292046070099,,,
67520,0.0926208592951297,0.991015625,0.2058119624853134,,,
67530,0.0937976285815238,1.06328125,0.3227673768997192,,,
67540,0.0912713780999183,1.0390625,0.3739091455936432,,,
67550,0.0917089350521564,1.005859375,0.3934924900531769,,,
67560,0.0887556351721286,1.028515625,0.4990278482437134,,,
67570,0.096810844540596,1.023828125,0.3879489004611969,,,
67580,0.0893087014555931,1.01796875,0.3184442222118378,,,
67590,0.0930038213729858,1.03515625,0.1691536903381348,,,
67600,0.0924708679318428,0.989453125,0.233608216047287,,,
67610,0.09491001740098,0.98515625,0.6320458054542542,,,
67620,0.0901236191391944,1.0734375,0.1896973252296448,,,
67630,0.0958051308989524,0.97421875,0.3090505599975586,,,
67640,0.0929853372275829,1.065625,0.3150793612003326,,,
67650,0.0889035575091838,1.01171875,0.3130434453487396,,,
67660,0.0912363171577453,1.00390625,0.3803037703037262,,,
67670,0.0905175939202308,1.04453125,0.2980535626411438,,,
67680,0.0903110459446907,1.0140625,0.2067822515964508,,,
67690,0.0919021196663379,1.004296875,0.2751858830451965,,,
67700,0.0895742684602737,1.01328125,0.5108448266983032,,,
67710,0.0929152779281139,1.01875,0.3862636387348175,,,
67720,0.0921389788389206,1.01875,0.5304452180862427,,,
67730,0.0910841211676597,1.018359375,0.2229087948799133,,,
67740,0.0919889651238918,1.009375,0.2500171065330505,,,
67750,0.0887985050678253,1.00703125,0.3253009617328644,,,
67760,0.0917333602905273,1.072265625,0.2646758854389191,,,
67770,0.0941275276243686,1.096484375,0.4557174444198608,,,
67780,0.0970367394387722,0.99296875,0.4477866590023041,,,
67790,0.0908187054097652,1.01640625,0.3493700921535492,,,
67800,0.0930044159293174,1.03203125,0.2340218126773834,,,
67810,0.0924021996557712,1.03359375,0.2856275737285614,,,
67820,0.0926115125417709,0.998046875,0.2038115561008453,,,
67830,0.0930400393903255,1.033203125,0.5563427209854126,,,
67840,0.0947692975401878,1.0109375,0.2383139729499817,,,
67850,0.0932309538125991,1.080859375,0.2747962772846222,,,
67860,0.0906341180205345,1.0421875,0.227075457572937,,,
67870,0.0922092422842979,1.00859375,0.4155603647232056,,,
67880,0.0949080765247345,1.003125,0.2576245665550232,,,
67890,0.0923582963645458,1.01328125,0.3366650938987732,,,
67900,0.0925143249332904,1.03203125,0.2263996005058289,,,
67910,0.0884389981627464,0.977734375,0.273845374584198,,,
67920,0.0970667101442813,1.051171875,0.3044721484184265,,,
67930,0.0977427154779434,1.00546875,0.3940455317497253,,,
67940,0.0909000985324382,0.975,0.3406246304512024,,,
67950,0.0963680125772953,1.013671875,0.2891003787517548,,,
67960,0.0930696204304695,1.062890625,0.2678738534450531,,,
67970,0.0925032891333103,1.0546875,0.2274163812398911,,,
67980,0.0904404208064079,0.95703125,0.4278406798839569,,,
67990,0.0885548092424869,1.026171875,0.1990180015563965,,,
68000,0.0928096033632755,1.037890625,0.2428526282310486,0.6598048210144043,0.4413669872129261,0.560236752069181
68010,0.0919067531824111,0.991796875,0.2172927260398865,,,
68020,0.0909849241375923,0.96875,0.2064947485923767,,,
68030,0.0939614549279213,1.026953125,0.3191558718681335,,,
68040,0.0909411489963531,1.01171875,0.2679270803928375,,,
68050,0.0929681718349456,1.00859375,0.3189423680305481,,,
68060,0.093767736852169,1.011328125,0.2746273279190063,,,
68070,0.0934746906161308,1.02734375,0.347894549369812,,,
68080,0.0897768966853618,1.05546875,0.2391022443771362,,,
68090,0.0908300302922725,1.0453125,0.2354802340269089,,,
68100,0.0921412020921707,1.012890625,0.220421776175499,,,
68110,0.0931895866990089,1.019921875,0.3488497734069824,,,
68120,0.0937356598675251,0.97578125,0.2302959114313126,,,
68130,0.0880722090601921,1.020703125,0.3375564813613892,,,
68140,0.0986078046262264,1.023828125,0.2623728215694427,,,
68150,0.0920950256288051,1.02578125,0.2644475400447845,,,
68160,0.0929758109152317,0.98828125,0.2401292473077774,,,
68170,0.0890435345470905,1.03125,0.3810752332210541,,,
68180,0.0907554641366004,1.0375,0.2602100968360901,,,
68190,0.0886249080300331,1.042578125,0.31768399477005,,,
68200,0.095911905914545,1.051953125,0.2958042621612549,,,
68210,0.0941237106919288,0.9875,0.2529563307762146,,,
68220,0.0913134910166263,1.07578125,0.4547131359577179,,,
68230,0.0934840492904186,1.01484375,0.2476998269557953,,,
68240,0.0928368173539638,1.053125,0.2943284213542938,,,
68250,0.0930982984602451,0.99921875,0.1922893822193146,,,
68260,0.0935895539820194,1.001171875,0.265020877122879,,,
68270,0.087887842208147,1.01328125,0.1796632409095764,,,
68280,0.0952225871384143,0.987109375,0.2697612047195435,,,
68290,0.0906354568898677,0.99609375,0.3488754034042358,,,
68300,0.0905370451509952,1.005859375,0.2789994478225708,,,
68310,0.09586823284626,1.0546875,0.3030128180980682,,,
68320,0.0923311807215213,0.996484375,0.2487990409135818,,,
68330,0.0956088490784168,1.0140625,0.2485074102878571,,,
68340,0.094197130203247,1.034765625,0.2766149342060089,,,
68350,0.0931989759206771,1.049609375,0.3308874368667603,,,
68360,0.0907493002712726,1.03046875,0.2828470468521118,,,
68370,0.0910966165363788,1.0015625,0.3993066251277924,,,
68380,0.0920396387577056,1.0390625,0.2325384765863419,,,
68390,0.0925092026591301,1.07265625,0.3239772319793701,,,
68400,0.0955120429396629,1.014453125,0.3348335027694702,,,
68410,0.0919935166835785,1.05703125,0.3462096154689789,,,
68420,0.0943878091871738,1.0375,0.1979756951332092,,,
68430,0.0921448580920696,1.01171875,0.4754017889499664,,,
68440,0.0919023878872394,1.00859375,0.2469489872455597,,,
68450,0.0889732785522937,1.016015625,0.1908570379018784,,,
68460,0.0935314074158668,0.99609375,0.2737190723419189,,,
68470,0.0926948308944702,1.03046875,0.2141045033931732,,,
68480,0.0933952510356903,1.03046875,0.3268027305603027,,,
68490,0.0913449227809906,1.06171875,0.315719872713089,,,
68500,0.0952045269310474,1.090625,0.3396036624908447,,,
68510,0.0915218636393547,0.992578125,0.2811214625835419,,,
68520,0.0889773026108741,1.0234375,0.2293080985546112,,,
68530,0.091130781173706,1.01328125,0.2539664506912231,,,
68540,0.0921873457729816,1.055078125,0.2814618945121765,,,
68550,0.0923561975359916,1.045703125,0.2846626937389374,,,
68560,0.091729486733675,1.022265625,0.283608615398407,,,
68570,0.092428121715784,1.0234375,0.294156551361084,,,
68580,0.0918852798640728,1.025390625,0.3238846659660339,,,
68590,0.0925522953271865,1.018359375,0.3157285749912262,,,
68600,0.0924782618880271,0.99453125,0.2957346141338348,,,
68610,0.0903663508594036,1.010546875,0.3421105146408081,,,
68620,0.0898522287607193,1.03828125,0.4332787990570068,,,
68630,0.0923810988664627,1.006640625,0.3871849477291107,,,
68640,0.0912655673921108,1.05625,0.3892635405063629,,,
68650,0.0949243932962417,0.968359375,0.2042663991451263,,,
68660,0.0927444964647293,0.99609375,0.2632884383201599,,,
68670,0.0911485843360424,1.012890625,0.2506630718708038,,,
68680,0.0952219612896442,1.03046875,0.2267166972160339,,,
68690,0.0913621842861175,1.012890625,0.2346223741769791,,,
68700,0.0934797935187816,1.0421875,0.233159527182579,,,
68710,0.0928706653416156,0.99296875,0.2010781019926071,,,
68720,0.0976909510791301,1.016796875,0.298469752073288,,,
68730,0.0930110618472099,0.999609375,0.2667540013790131,,,
68740,0.0876460924744606,1.05625,0.1842374205589294,,,
68750,0.0967786498367786,1.021875,0.2326464205980301,,,
68760,0.0893216103315353,1.051953125,0.2742927968502045,,,
68770,0.0899508148431778,0.97734375,0.2672220766544342,,,
68780,0.0884683534502983,1.036328125,0.3496371209621429,,,
68790,0.0906251616775989,1.026953125,0.2375950515270233,,,
68800,0.0960397630929947,0.983203125,0.3179346323013306,,,
68810,0.0940568067133426,1.073828125,0.3242834806442261,,,
68820,0.0927309669554233,1.03359375,0.296367347240448,,,
68830,0.0927741102874279,1.0203125,0.2757096886634827,,,
68840,0.0984487026929855,1.0890625,0.3854916393756866,,,
68850,0.0927300862967968,1.028125,0.3013264238834381,,,
68860,0.0902719363570213,1.023828125,0.2664567232131958,,,
68870,0.0927326567471027,0.99765625,0.2708783745765686,,,
68880,0.0945121563971042,1.02421875,0.3219226598739624,,,
68890,0.0953564018011093,1.00078125,0.5337372422218323,,,
68900,0.0917604766786098,1.02734375,0.2776445150375366,,,
68910,0.0952050156891346,0.99375,0.3082734644412994,,,
68920,0.0915439508855342,0.999609375,0.227021723985672,,,
68930,0.0901524804532527,0.98125,0.2285304367542267,,,
68940,0.0907296665012836,1.028515625,0.2516893446445465,,,
68950,0.0918285131454467,1.013671875,0.2103708237409592,,,
68960,0.0895689517259597,1.015625,0.3248213827610016,,,
68970,0.0940584413707256,1.02890625,0.2941192984580994,,,
68980,0.0976432904601097,1.0546875,0.4057396352291107,,,
68990,0.0900471337139606,0.97578125,0.3536233603954315,,,
69000,0.0928210444748401,1.06015625,0.3153766393661499,0.6596624255180359,0.4166748324902672,0.577590383852904
69010,0.0930577971041202,1.0171875,0.3301228284835815,,,
69020,0.0942898966372013,1.0296875,0.2752146124839783,,,
69030,0.0920211941003799,1.0546875,0.3808964788913727,,,
69040,0.0943132430315017,0.991796875,0.2585611045360565,,,
69050,0.0956081680953502,1.0484375,0.2871236801147461,,,
69060,0.0929711408913135,1.037890625,0.27370285987854,,,
69070,0.0925690941512584,0.968359375,0.3751460313796997,,,
69080,0.0924162194132804,1.009375,0.2604793310165405,,,
69090,0.0932131558656692,1.033203125,0.3443092107772827,,,
69100,0.0906143203377723,0.99453125,0.2998252809047699,,,
69110,0.0904636986553669,0.998046875,0.3003183603286743,,,
69120,0.0917583435773849,0.99609375,0.2670740783214569,,,
69130,0.092902535200119,0.976953125,0.2772426307201385,,,
69140,0.0939435467123985,1.02421875,0.2820311188697815,,,
69150,0.0915858164429664,1.00859375,0.1842794269323349,,,
69160,0.0924775697290897,1.01875,0.2439111322164536,,,
69170,0.0896749213337898,1.030859375,0.2705131471157074,,,
69180,0.0933468095958232,1.072265625,0.3694480359554291,,,
69190,0.0943709388375282,1.015625,0.3406959772109985,,,
69200,0.0961363576352596,1.01015625,0.3239288628101349,,,
69210,0.0902205400168895,1.059375,0.3325941860675812,,,
69220,0.0950229465961456,1.066796875,0.3171206414699554,,,
69230,0.0913692340254783,1.0171875,0.3923213481903076,,,
69240,0.0906773626804351,1.0359375,0.2318940907716751,,,
69250,0.0886288948357105,0.969140625,0.356072872877121,,,
69260,0.0918216273188591,1.00703125,0.3022348284721375,,,
69270,0.0942622065544128,1.0546875,0.3548778295516968,,,
69280,0.0948962792754173,1.006640625,0.2631624937057495,,,
69290,0.0889781817793846,1.00703125,0.2225452661514282,,,
69300,0.0912703059613704,1.037890625,0.3296567797660828,,,
69310,0.0940522283315658,1.0265625,0.2422918975353241,,,
69320,0.0932530082762241,1.02421875,0.213276594877243,,,
69330,0.0930761605501175,1.019921875,0.2777204215526581,,,
69340,0.0934832580387592,1.0,0.2839443981647491,,,
69350,0.0924685105681419,1.009375,0.2610978186130524,,,
69360,0.0909088753163814,1.04375,0.2413102388381958,,,
69370,0.0920779392123222,1.04921875,0.395310252904892,,,
69380,0.0922646723687648,1.02890625,0.4723027348518372,,,
69390,0.0930370911955833,1.039453125,0.3245211839675903,,,
69400,0.0930058412253856,1.055859375,0.3043451607227325,,,
69410,0.0926846362650394,1.02265625,0.3493430614471436,,,
69420,0.0960109204053878,1.06953125,0.2885519862174988,,,
69430,0.094339483231306,0.96171875,0.2923920750617981,,,
69440,0.0916225604712963,1.0234375,0.4369184970855713,,,
69450,0.0930708892643451,1.004296875,0.351795494556427,,,
69460,0.0898909628391265,0.993359375,0.2807326912879944,,,
69470,0.0944270759820938,0.99296875,0.2956822514533997,,,
69480,0.0951575085520744,1.08203125,0.6298039555549622,,,
69490,0.0934341296553611,0.958203125,0.5140724778175354,,,
69500,0.0924121849238872,0.98828125,0.3087413907051086,,,
69510,0.0896951451897621,1.019921875,0.233733743429184,,,
69520,0.0910380817949771,1.01953125,0.3494847118854523,,,
69530,0.0921751692891121,1.0640625,0.2497003674507141,,,
69540,0.0923520669341087,0.9890625,0.1952363848686218,,,
69550,0.0941936999559402,1.03671875,0.2950105369091034,,,
69560,0.0946590259671211,1.02890625,0.3181853592395782,,,
69570,0.0935269065201282,0.985546875,0.2390071600675583,,,
69580,0.0944454193115234,1.05859375,0.3172715306282043,,,
69590,0.092991217970848,1.057421875,0.2487756162881851,,,
69600,0.0897254891693592,1.01640625,0.5006303191184998,,,
69610,0.0953451178967952,1.020703125,0.3577751517295837,,,
69620,0.0918404549360275,1.046484375,0.2263897210359573,,,
69630,0.0919095441699028,0.994140625,0.2323154658079147,,,
69640,0.0946551457047462,0.950390625,0.2076560109853745,,,
69650,0.0882046453654766,1.017578125,0.4373411238193512,,,
69660,0.0942092053592205,1.047265625,0.3729367852210999,,,
69670,0.0941365905106067,1.00234375,0.3008323013782501,,,
69680,0.0908988021314144,1.02109375,0.3423758149147034,,,
69690,0.0925152249634266,1.037109375,0.2735598981380463,,,
69700,0.0921530775725841,1.00703125,0.2726248800754547,,,
69710,0.0920791886746883,0.964453125,0.3045982420444489,,,
69720,0.0923536978662014,1.015625,0.2101316452026367,,,
69730,0.0896562278270721,0.966015625,0.2384914010763168,,,
69740,0.0888988025486469,1.03203125,0.3217686414718628,,,
69750,0.0983650833368301,1.05546875,0.3145798146724701,,,
69760,0.0942004717886448,1.034375,0.2803108096122742,,,
69770,0.094005861878395,1.020703125,0.323774129152298,,,
69780,0.0919519931077957,1.0421875,0.2063180953264236,,,
69790,0.0931884542107582,1.014453125,0.4266029000282288,,,
69800,0.091553171724081,1.029296875,0.2994937598705292,,,
69810,0.0918820679187774,1.0,0.5543003678321838,,,
69820,0.0899629287421703,0.991796875,0.3185264766216278,,,
69830,0.0921491310000419,1.041015625,0.2729905545711517,,,
69840,0.0926591381430625,1.024609375,0.3580566942691803,,,
69850,0.0937378652393818,1.01953125,0.2091643512248993,,,
69860,0.0922984488308429,1.03984375,0.2217059135437012,,,
69870,0.0938695386052131,1.029296875,0.4456940889358521,,,
69880,0.095214781910181,1.023828125,0.1960221529006958,,,
69890,0.0912681132555008,1.0296875,0.5301535725593567,,,
69900,0.0913900904357433,1.03359375,0.256027489900589,,,
69910,0.0922566898167133,0.984765625,0.2951796352863312,,,
69920,0.0925715140998363,1.044140625,0.2605628967285156,,,
69930,0.0935043774545192,1.05625,0.24512779712677,,,
69940,0.0899103984236717,1.008203125,0.2640385329723358,,,
69950,0.0909467630088329,1.044140625,0.1882886588573456,,,
69960,0.0911456421017646,1.01171875,0.393596887588501,,,
69970,0.0945171758532524,1.04140625,0.3120274543762207,,,
69980,0.0900988176465034,1.025,0.2763199210166931,,,
69990,0.0943531550467014,1.037890625,0.2391808778047562,,,
70000,0.0913212649524211,1.007421875,0.3299750983715057,0.6531654000282288,0.4275321800534243,0.5783587900864208
70010,0.0915479585528373,0.99765625,0.2761542499065399,,,
70020,0.091931439936161,1.023046875,0.3044189810752869,,,
70030,0.0907132074236869,1.005078125,0.2788590490818024,,,
70040,0.0901568591594696,1.001953125,0.3314375579357147,,,
70050,0.0933438420295715,1.031640625,0.297970712184906,,,
70060,0.0917890101671218,1.009375,0.2864286601543427,,,
70070,0.0937771372497081,1.056640625,0.2369057238101959,,,
70080,0.0899722002446651,0.98515625,0.3507498800754547,,,
70090,0.0934155970811843,1.021875,0.4104474186897278,,,
70100,0.088481368124485,1.0171875,0.265273243188858,,,
70110,0.0907618686556816,1.023828125,0.2446949183940887,,,
70120,0.0923570461571216,0.988671875,0.2393991351127625,,,
70130,0.0978204637765884,0.998828125,0.4025853276252747,,,
70140,0.0907109983265399,1.022265625,0.3438093364238739,,,
70150,0.092394008487463,0.99765625,0.1996113210916519,,,
70160,0.0920816160738468,1.01796875,0.2506451904773712,,,
70170,0.0960439570248126,1.0390625,0.2436781674623489,,,
70180,0.088180973380804,0.9953125,0.2830050885677338,,,
70190,0.0910768561065197,1.017578125,0.3385677635669708,,,
70200,0.0879547126591205,1.003515625,0.259985476732254,,,
70210,0.0923934504389762,1.021484375,0.3197930157184601,,,
70220,0.0909004315733909,0.9953125,0.2768149673938751,,,
70230,0.0931124560534954,1.01015625,0.346617579460144,,,
70240,0.0919873684644699,1.046875,0.4981285333633423,,,
70250,0.0912514381110668,0.972265625,0.3046172559261322,,,
70260,0.0899326778948307,1.020703125,0.2501080632209778,,,
70270,0.0881405562162399,1.023828125,0.2997879981994629,,,
70280,0.0905876003205776,1.001953125,0.2751458883285522,,,
70290,0.0891713865101337,1.003515625,0.5454047918319702,,,
70300,0.0922477647662162,1.011328125,0.3297826051712036,,,
70310,0.0968690171837806,1.07265625,0.2659825682640076,,,
70320,0.0943637408316135,0.98125,0.2879341840744019,,,
70330,0.0909571312367916,0.980859375,0.3335965573787689,,,
70340,0.0918398760259151,1.04375,0.4405066967010498,,,
70350,0.0922838747501373,1.0171875,0.2397108674049377,,,
70360,0.0886571213603019,1.01875,0.3253162503242493,,,
70370,0.0964513503015041,1.033203125,0.2351530641317368,,,
70380,0.0895943954586982,0.980859375,0.2744885087013245,,,
70390,0.0930168494582176,1.0046875,0.2958512902259827,,,
70400,0.089700898528099,0.991796875,0.418211817741394,,,
70410,0.0926050037145614,1.069140625,0.3283066749572754,,,
70420,0.0903463721275329,0.987890625,0.4458261728286743,,,
70430,0.0934323251247406,1.036328125,0.2889468669891357,,,
70440,0.0943844199180603,1.01171875,0.3437476456165314,,,
70450,0.0923818245530128,1.079296875,0.4372349083423615,,,
70460,0.0916501879692077,1.00078125,0.3286626040935516,,,
70470,0.0931575268507003,1.001953125,0.3165280520915985,,,
70480,0.0917387925088405,1.003125,0.3019258379936218,,,
70490,0.091310977935791,1.048046875,0.2112066149711609,,,
70500,0.0891944445669651,1.026953125,0.2473986595869064,,,
70510,0.0953161209821701,1.01640625,0.3313918709754944,,,
70520,0.0963612467050552,1.01484375,0.3283510208129883,,,
70530,0.09378272742033,0.9984375,0.3408231139183044,,,
70540,0.0912550583481788,1.05,0.2051389664411545,,,
70550,0.0925942845642566,1.012890625,0.4249822795391083,,,
70560,0.0932179816067218,1.01484375,0.2502219974994659,,,
70570,0.0931135319173336,1.019921875,0.2488841116428375,,,
70580,0.0880468212068081,1.055078125,0.3634151816368103,,,
70590,0.0930636040866375,0.9921875,0.279517263174057,,,
70600,0.0896053992211818,0.9890625,0.2130702286958694,,,
70610,0.093062238395214,1.015625,0.2127368897199631,,,
70620,0.0900635488331317,1.003515625,0.2940381467342377,,,
70630,0.0925821833312511,1.000390625,0.2507804334163666,,,
70640,0.0930220730602741,1.021875,0.2771533131599426,,,
70650,0.088496908545494,0.971484375,0.2711440026760101,,,
70660,0.0926032170653343,1.061328125,0.2595762312412262,,,
70670,0.0928052745759487,1.005859375,0.3165428340435028,,,
70680,0.0887854866683483,1.054296875,0.2248489558696747,,,
70690,0.0915767922997474,1.01484375,0.2168787568807602,,,
70700,0.0923006281256675,1.009765625,0.2662590742111206,,,
70710,0.0959288217127323,1.02734375,0.2089192420244217,,,
70720,0.0918999031186103,1.051953125,0.2607487440109253,,,
70730,0.0910653889179229,0.982421875,0.2239103764295578,,,
70740,0.0898630358278751,1.01484375,0.3319652378559113,,,
70750,0.0922459550201892,1.021875,0.3098175823688507,,,
70760,0.0938590936362743,1.0546875,0.3162782490253448,,,
70770,0.0902640633285045,1.02109375,0.2660923898220062,,,
70780,0.0906975828111171,1.069140625,0.3036532402038574,,,
70790,0.0925607234239578,1.027734375,0.2232310026884079,,,
70800,0.0901915289461612,1.022265625,0.3035571277141571,,,
70810,0.0921271495521068,0.99453125,0.296139657497406,,,
70820,0.0933375462889671,1.02265625,0.4484969079494476,,,
70830,0.0884986326098442,1.03671875,0.5980125069618225,,,
70840,0.0902291856706142,1.027734375,0.2140695005655289,,,
70850,0.0928119108080864,1.003125,0.176767498254776,,,
70860,0.0937982499599456,1.05,0.3918269276618958,,,
70870,0.0916631445288658,1.00546875,0.3878319263458252,,,
70880,0.0918994143605232,1.005078125,0.3834386169910431,,,
70890,0.090968283265829,1.0015625,0.3657694160938263,,,
70900,0.0904867365956306,1.0453125,0.3175565898418427,,,
70910,0.090994244068861,0.9890625,0.2428004592657089,,,
70920,0.0935396246612072,1.01015625,0.3784347772598267,,,
70930,0.091086409240961,1.02578125,0.3623184859752655,,,
70940,0.0915089093148708,1.0453125,0.1996312588453293,,,
70950,0.0910152614116668,1.031640625,0.2630178034305573,,,
70960,0.0915501192212104,1.008203125,0.2414856106042862,,,
70970,0.0947175182402133,1.040625,0.2839177250862122,,,
70980,0.0903122164309024,0.980078125,0.2501585483551025,,,
70990,0.0935603372752666,1.01328125,0.4355419278144836,,,
71000,0.0916382946074008,1.0,0.2243949472904205,0.6606268882751465,0.4539807819053111,0.5670101171004571
71010,0.0905656166374683,1.005078125,0.2511495053768158,,,
71020,0.0924042232334613,1.036328125,0.2063959240913391,,,
71030,0.0948509201407432,0.979296875,0.4508102238178253,,,
71040,0.0943005107343196,1.028125,0.3197797238826752,,,
71050,0.0918486043810844,0.99921875,0.708623468875885,,,
71060,0.0916746936738491,1.03515625,0.2730073928833008,,,
71070,0.0927352026104927,1.005859375,0.3185604810714722,,,
71080,0.091948939114809,1.015234375,0.3022518455982208,,,
71090,0.0908487379550933,1.025390625,0.2392539083957672,,,
71100,0.0949004806578159,1.020703125,0.339054137468338,,,
71110,0.0907959960401058,0.95625,0.1992676258087158,,,
71120,0.0913906849920749,1.012109375,0.2615406513214111,,,
71130,0.0887639634311199,1.0203125,0.1964690536260605,,,
71140,0.0933684051036834,1.03671875,0.3486919403076172,,,
71150,0.0875049829483032,1.004296875,0.3214965164661407,,,
71160,0.0920242242515087,1.0171875,0.4755749702453613,,,
71170,0.0942672699689865,0.99453125,0.3331896066665649,,,
71180,0.0909189663827419,1.0359375,0.3206691741943359,,,
71190,0.0953053124248981,1.01484375,0.3603752851486206,,,
71200,0.0893318049609661,1.02265625,0.2901368141174316,,,
71210,0.0886093027889728,1.021875,0.3343121111392975,,,
71220,0.0900149844586849,1.001953125,0.2855121195316315,,,
71230,0.0952155366539955,1.065234375,0.5878757834434509,,,
71240,0.0872462622821331,1.0390625,0.2624931931495667,,,
71250,0.0948709428310394,1.049609375,0.2631658911705017,,,
71260,0.0931553058326244,0.98671875,0.2069122195243835,,,
71270,0.089713779091835,1.0125,0.3140109777450562,,,
71280,0.0920490838587284,1.004296875,0.2381406873464584,,,
71290,0.0885748893022537,0.9640625,0.2646161615848541,,,
71300,0.0957213141024112,1.08046875,0.3723261058330536,,,
71310,0.0886302284896373,1.05703125,0.2755851745605469,,,
71320,0.0890893220901489,0.995703125,0.2424779236316681,,,
71330,0.0912279136478901,1.016015625,0.3251579403877258,,,
71340,0.0902691461145877,1.041796875,0.3356543481349945,,,
71350,0.094420950859785,1.0140625,0.3248444795608521,,,
71360,0.0917108662426471,0.9984375,0.2815594971179962,,,
71370,0.0918589986860752,1.02421875,0.2200630158185959,,,
71380,0.0918125368654727,1.007421875,0.3418135046958923,,,
71390,0.0939126014709472,1.0265625,0.2095855623483658,,,
71400,0.0952462837100029,1.0296875,0.2765255868434906,,,
71410,0.0917205817997455,0.973046875,0.346458911895752,,,
71420,0.0866100065410137,1.015625,0.2159237563610077,,,
71430,0.0893273666501045,0.996484375,0.5070996880531311,,,
71440,0.0933547437191009,0.992578125,0.3460635840892792,,,
71450,0.0880191914737224,1.025390625,0.2697018682956696,,,
71460,0.0950117982923984,1.036328125,0.277371734380722,,,
71470,0.0903174616396427,1.023828125,0.2265520989894867,,,
71480,0.0907483302056789,1.007421875,0.3850759565830231,,,
71490,0.0908803410828113,1.01328125,0.2679052650928497,,,
71500,0.0896459266543388,1.0046875,0.241842120885849,,,
71510,0.0906120181083679,1.03046875,0.2260984927415848,,,
71520,0.0905238956212997,1.030859375,0.2776158154010773,,,
71530,0.0949578389525413,1.006640625,0.2660022974014282,,,
71540,0.08887854591012,0.95703125,0.2608993649482727,,,
71550,0.0918932273983955,0.994921875,0.287990391254425,,,
71560,0.0896291047334671,1.01015625,0.438393235206604,,,
71570,0.0921280786395073,1.03515625,0.2577255964279175,,,
71580,0.0909629322588443,1.001953125,0.2918596267700195,,,
71590,0.0921542771160602,0.977734375,0.5883082151412964,,,
71600,0.0875745944678783,1.030859375,0.3333148062229156,,,
71610,0.0873243793845176,0.97421875,0.2924692332744598,,,
71620,0.0931514024734497,1.042578125,0.2266138345003128,,,
71630,0.0981152594089508,1.0765625,0.2585831880569458,,,
71640,0.0900202237069606,1.0046875,0.2744125723838806,,,
71650,0.0908330559730529,1.030078125,0.2860138416290283,,,
71660,0.0874297715723514,0.973828125,0.3456792235374451,,,
71670,0.0942824587225914,1.047265625,0.2311828136444092,,,
71680,0.0933256544172763,1.00859375,0.3574862778186798,,,
71690,0.0888737142086029,1.02734375,0.3459492325782776,,,
71700,0.0909958079457283,0.99140625,0.3639126420021057,,,
71710,0.0931077674031257,1.023828125,0.2267693430185318,,,
71720,0.0927195206284523,1.045703125,0.3640798330307007,,,
71730,0.0977327235043048,1.06015625,0.257759153842926,,,
71740,0.094218722730875,1.00703125,0.2206391394138336,,,
71750,0.091278014332056,0.96015625,0.3606170117855072,,,
71760,0.0897919826209545,0.99921875,0.3357962965965271,,,
71770,0.0899895504117012,1.03828125,0.2940622270107269,,,
71780,0.0877355858683586,1.024609375,0.2705790400505066,,,
71790,0.0895951054990291,1.037890625,0.2070435285568237,,,
71800,0.0904479257762432,1.0,0.3122309148311615,,,
71810,0.0916990868747234,1.01953125,0.2430691570043564,,,
71820,0.0907492905855178,1.04609375,0.4099138081073761,,,
71830,0.0947451673448085,1.02265625,0.331798642873764,,,
71840,0.0914535567164421,0.98046875,0.2400004416704178,,,
71850,0.0931059181690216,1.051953125,0.2872602939605713,,,
71860,0.0912756487727165,0.995703125,0.2424394637346268,,,
71870,0.0898418389260768,1.04765625,0.2922012209892273,,,
71880,0.0919959358870983,1.03125,0.2351525723934174,,,
71890,0.0918490096926689,1.023828125,0.2778897285461426,,,
71900,0.0913691110908985,1.030078125,0.3805087506771088,,,
71910,0.0912231102585792,0.96953125,0.2992739081382751,,,
71920,0.0873218797147274,1.018359375,0.3093464076519012,,,
71930,0.0891985893249511,1.03359375,0.2701982259750366,,,
71940,0.0902468860149383,0.987109375,0.3882957696914673,,,
71950,0.0918369151651859,1.0828125,0.2470496296882629,,,
71960,0.0917894132435321,1.056640625,0.3041536509990692,,,
71970,0.0933581568300724,1.003515625,0.3017039895057678,,,
71980,0.0948707997798919,1.041796875,0.4315262138843536,,,
71990,0.0875555112957954,0.99140625,0.3545756042003632,,,
72000,0.0928831912577152,1.0328125,0.431890457868576,0.6588881611824036,0.4356740720506797,0.5739518925047113
72010,0.0943614907562732,1.005859375,0.3676071763038635,,,
72020,0.0904178626835346,1.00859375,0.408074676990509,,,
72030,0.0885747082531452,1.0109375,0.2511875033378601,,,
72040,0.0955466412007808,1.01328125,0.2472433596849442,,,
72050,0.0927833594381809,1.03828125,0.3871463239192963,,,
72060,0.0948913693428039,1.065625,0.2369417250156403,,,
72070,0.092901973426342,0.999609375,0.6373282670974731,,,
72080,0.0887033194303512,1.0265625,0.3941950500011444,,,
72090,0.0907144084572792,0.98984375,0.2904658317565918,,,
72100,0.0907476343214511,1.0015625,0.3218942880630493,,,
72110,0.0916584953665733,0.988671875,0.1892319172620773,,,
72120,0.0875559203326702,1.0421875,0.3451732695102692,,,
72130,0.0950110159814357,1.037890625,0.5397812128067017,,,
72140,0.0904507271945476,0.9875,0.3958871066570282,,,
72150,0.0898393131792545,0.98203125,0.2306810617446899,,,
72160,0.0897237174212932,0.995703125,0.2625847160816193,,,
72170,0.0952622279524803,1.020703125,0.2460229694843292,,,
72180,0.0907416224479675,0.990625,0.2589418590068817,,,
72190,0.0902718335390091,1.016796875,0.2047730982303619,,,
72200,0.0904940530657768,0.9578125,0.2309355884790421,,,
72210,0.094533871859312,1.03671875,0.5651228427886963,,,
72220,0.0924407146871089,1.0234375,0.2326068580150604,,,
72230,0.0919585518538951,1.0015625,0.3438182175159454,,,
72240,0.091005790233612,1.019921875,0.3557085692882538,,,
72250,0.089919963479042,1.066796875,0.3386558592319489,,,
72260,0.0930074736475944,1.037109375,0.3371153175830841,,,
72270,0.0900871284306049,1.011328125,0.287894606590271,,,
72280,0.0881315253674984,0.960546875,0.3392879962921143,,,
72290,0.0929755389690399,1.04140625,0.2895569801330566,,,
72300,0.0910914413630962,1.0359375,0.2003782391548157,,,
72310,0.0937388733029365,0.995703125,0.387722373008728,,,
72320,0.0895913876593113,1.036328125,0.3274067938327789,,,
72330,0.0927581645548343,0.984375,0.2726933658123016,,,
72340,0.0909309543669223,1.0078125,0.2156917601823807,,,
72350,0.0912277437746524,1.001171875,0.2069673389196396,,,
72360,0.0907801233232021,1.000390625,0.3403276205062866,,,
72370,0.0888341136276722,1.07109375,0.2287535220384598,,,
72380,0.0938044115900993,1.034765625,0.2715619504451752,,,
72390,0.0936299741268158,1.003515625,0.2236818224191666,,,
72400,0.0911190904676914,1.051953125,0.4408844709396362,,,
72410,0.0923052832484245,1.0296875,0.2420065253973007,,,
72420,0.0911230184137821,1.026171875,0.336120218038559,,,
72430,0.0888926297426223,1.02890625,0.292773574590683,,,
72440,0.0963106572628021,1.04375,0.4460191428661346,,,
72450,0.090572365373373,1.076953125,0.438578873872757,,,
72460,0.0951713182032108,1.034375,0.3018933832645416,,,
72470,0.0897199608385563,1.015234375,0.2654503583908081,,,
72480,0.0904369764029979,1.0140625,0.2266124188899994,,,
72490,0.0924763269722461,0.99375,0.567509114742279,,,
72500,0.092973493784666,1.04140625,0.5438981652259827,,,
72510,0.0910267598927021,1.005078125,0.4143991768360138,,,
72520,0.0891473688185215,1.011328125,0.4369388818740845,,,
72530,0.0920900620520114,1.032421875,0.364510715007782,,,
72540,0.0918875969946384,0.997265625,0.2639280557632446,,,
72550,0.0878868572413921,1.023046875,0.2910929620265961,,,
72560,0.0903917171061039,1.0453125,0.3441696166992188,,,
72570,0.0931879892945289,1.011328125,0.2109152972698212,,,
72580,0.091434084624052,1.041015625,0.2504474818706512,,,
72590,0.0901722982525825,0.97578125,0.2891958355903625,,,
72600,0.0899566322565078,0.999609375,0.2503330111503601,,,
72610,0.0898903474211692,1.0015625,0.2949486076831818,,,
72620,0.0922869890928268,1.00625,0.3639369010925293,,,
72630,0.0905896574258804,1.059765625,0.276389092206955,,,
72640,0.0893676280975341,0.961328125,0.3094635903835297,,,
72650,0.0882541880011558,1.0078125,0.2591698467731476,,,
72660,0.0944925941526889,1.069921875,0.3687326014041901,,,
72670,0.0965551473200321,1.034375,0.2534135282039642,,,
72680,0.0944222576916217,0.99375,0.2899512946605682,,,
72690,0.0873778246343135,0.97265625,0.3758039474487305,,,
72700,0.0893844686448574,1.05390625,0.2744521498680115,,,
72710,0.0927698597311973,1.016015625,0.2832179665565491,,,
72720,0.0896496936678886,0.997265625,0.2881140112876892,,,
72730,0.0908692516386509,1.065234375,0.3538114726543427,,,
72740,0.0921113789081573,0.9953125,0.3694206774234772,,,
72750,0.0955943517386913,1.008203125,0.2676179707050323,,,
72760,0.0883767642080783,0.994140625,0.4404078722000122,,,
72770,0.0903315804898738,1.041796875,0.2834316492080688,,,
72780,0.0910782381892204,1.04921875,0.2527173757553101,,,
72790,0.0911625653505325,1.02734375,0.463653177022934,,,
72800,0.0915976919233799,0.99375,0.3244413435459137,,,
72810,0.0909769937396049,1.017578125,0.5384189486503601,,,
72820,0.0910101018846035,1.026953125,0.194450706243515,,,
72830,0.091207206249237,1.0203125,0.3328037261962891,,,
72840,0.0881011389195919,0.97578125,0.256009966135025,,,
72850,0.0929593838751316,1.0140625,0.342650294303894,,,
72860,0.0880307495594024,1.00078125,0.2846506834030151,,,
72870,0.0915827974677085,1.02109375,0.3553715944290161,,,
72880,0.0916682846844196,1.0203125,0.3021983206272125,,,
72890,0.0905316330492496,1.016015625,0.2361229062080383,,,
72900,0.0897150583565235,1.028515625,0.2777803242206573,,,
72910,0.0903349362313747,1.00546875,0.3041292726993561,,,
72920,0.0909282751381397,0.983203125,0.2979469001293182,,,
72930,0.0927270852029323,1.0171875,0.2628319263458252,,,
72940,0.0952242888510227,1.020703125,0.2940819561481476,,,
72950,0.0940217703580856,1.05234375,0.2826145589351654,,,
72960,0.0913046568632125,1.0546875,0.2120779007673264,,,
72970,0.0909885220229625,1.013671875,0.2821204960346222,,,
72980,0.0886798813939094,1.01015625,0.3126625120639801,,,
72990,0.0931353002786636,1.023828125,0.2656015157699585,,,
73000,0.0902108155190944,1.015625,0.2607780396938324,0.6575236916542053,0.4385185964999725,0.5731883474512763
73010,0.0898180581629276,0.98828125,0.215440034866333,,,
73020,0.0928789429366588,1.019921875,0.2905861437320709,,,
73030,0.0919882759451866,0.999609375,0.2793650925159454,,,
73040,0.0874133169651031,1.008203125,0.3643048405647278,,,
73050,0.0894273273646831,0.995703125,0.4788942635059357,,,
73060,0.0935783706605434,1.06484375,0.5219699144363403,,,
73070,0.0924782328307628,1.018359375,0.320162296295166,,,
73080,0.0942045353353023,1.01171875,0.3340688645839691,,,
73090,0.0928396485745906,1.014453125,0.2859261631965637,,,
73100,0.0913543865084648,1.0609375,0.5466366410255432,,,
73110,0.0931052073836326,1.02109375,0.3029864728450775,,,
73120,0.091687586903572,1.003125,0.3899232149124146,,,
73130,0.0920671254396438,1.0203125,0.2244758754968643,,,
73140,0.0907770380377769,0.985546875,0.3680375814437866,,,
73150,0.0910170696675777,1.024609375,0.3330743908882141,,,
73160,0.0894475273787975,1.005859375,0.3921500146389008,,,
73170,0.0902592286467552,1.040234375,0.2111360281705856,,,
73180,0.0906815566122531,0.98203125,0.259771317243576,,,
73190,0.0877235986292362,1.01015625,0.2984118461608887,,,
73200,0.0887165963649749,0.998046875,0.2668342292308807,,,
73210,0.0874953262507915,1.026953125,0.2974655628204346,,,
73220,0.093031845241785,1.058984375,0.265818178653717,,,
73230,0.0946968294680118,1.041015625,0.2878076434135437,,,
73240,0.0934027135372161,1.003125,0.2427447587251663,,,
73250,0.0900293998420238,1.00078125,0.2705085575580597,,,
73260,0.0919642232358455,0.985546875,0.2322979271411896,,,
73270,0.088611415028572,1.02578125,0.4224331378936768,,,
73280,0.0900206111371517,1.015234375,0.2289181649684906,,,
73290,0.0902702882885932,0.968359375,0.2215840518474579,,,
73300,0.0912907436490058,0.983984375,0.3120141327381134,,,
73310,0.090208750963211,0.963671875,0.317548543214798,,,
73320,0.0896605119109153,1.044140625,0.3400987982749939,,,
73330,0.0927640028297901,1.0140625,0.2547021806240082,,,
73340,0.0925890527665615,0.98046875,0.2333899289369583,,,
73350,0.0871106281876564,0.9953125,0.3166175782680511,,,
73360,0.0914707317948341,0.998046875,0.2563206553459167,,,
73370,0.0885102309286594,1.00078125,0.210278332233429,,,
73380,0.0914299003779888,1.049609375,0.3437158167362213,,,
73390,0.0919433943927288,0.9875,0.383797824382782,,,
73400,0.0901830181479454,0.987890625,0.3920109570026398,,,
73410,0.0927962876856327,1.0265625,0.3524700403213501,,,
73420,0.0875187262892723,0.999609375,0.3996272087097168,,,
73430,0.0927259720861911,1.044140625,0.2282714247703552,,,
73440,0.0903170764446258,0.99296875,0.4974324405193329,,,
73450,0.0895616188645362,1.041015625,0.2987711131572723,,,
73460,0.0867399141192436,1.01171875,0.2714338600635529,,,
73470,0.0966193817555904,1.03203125,0.2289733737707138,,,
73480,0.0903642252087593,0.97734375,0.3046560883522034,,,
73490,0.0900356471538543,1.0421875,0.2593466341495514,,,
73500,0.0894380994141101,1.00703125,0.3095456957817078,,,
73510,0.0921608127653598,1.03046875,0.3398130834102631,,,
73520,0.0888815358281135,1.048046875,0.2168607413768768,,,
73530,0.090893068164587,0.97421875,0.3366653621196747,,,
73540,0.0931708708405494,1.049609375,0.2096462696790695,,,
73550,0.090489213168621,0.962109375,0.336695522069931,,,
73560,0.093892478197813,1.02265625,0.4146223664283752,,,
73570,0.0863658152520656,1.058203125,0.3865090012550354,,,
73580,0.0925661794841289,0.986328125,0.22809699177742,,,
73590,0.0903784468770027,0.982421875,0.348393976688385,,,
73600,0.0901389896869659,1.0125,0.3026340305805206,,,
73610,0.0921599686145782,0.969921875,0.3884739875793457,,,
73620,0.0932908467948436,1.034765625,0.2256131768226624,,,
73630,0.0924992993474006,1.00078125,0.3510952293872833,,,
73640,0.0922816947102546,1.023046875,0.2612699866294861,,,
73650,0.0947346150875091,0.980078125,0.2556560933589935,,,
73660,0.0887122519314289,0.9828125,0.2556935548782349,,,
73670,0.093656974285841,1.010546875,0.3640328347682953,,,
73680,0.090749792009592,1.0375,0.3700844049453735,,,
73690,0.0921540901064872,1.011328125,0.2247966080904007,,,
73700,0.0912471204996109,1.034765625,0.306553840637207,,,
73710,0.0898736782371997,1.0328125,0.2195903211832047,,,
73720,0.0899289198219776,1.008203125,0.3188342452049255,,,
73730,0.0869878426194191,0.95859375,0.3594756126403809,,,
73740,0.0914279177784919,1.011328125,0.3415614068508148,,,
73750,0.0937529265880584,0.99609375,0.3515210747718811,,,
73760,0.0929865263402462,1.059375,0.3677443265914917,,,
73770,0.090825817734003,1.040234375,0.2977908551692963,,,
73780,0.089252058416605,0.998828125,0.3352547287940979,,,
73790,0.08928909227252,1.006640625,0.3664038479328156,,,
73800,0.0921451605856418,1.0703125,0.3514480888843536,,,
73810,0.0919070817530155,0.9953125,0.3075183033943176,,,
73820,0.0906091272830963,1.046875,0.2396685481071472,,,
73830,0.0923229441046714,0.99765625,0.3082745969295502,,,
73840,0.0900134339928627,1.046875,0.2382490038871765,,,
73850,0.0914314471185207,1.033203125,0.4535035192966461,,,
73860,0.0947139725089073,0.995703125,0.2918677926063538,,,
73870,0.0891319960355758,1.030078125,0.3396157026290894,,,
73880,0.0924934476613998,1.029296875,0.2954584062099457,,,
73890,0.092700207978487,1.0265625,0.6019548177719116,,,
73900,0.0920821897685527,1.002734375,0.269838809967041,,,
73910,0.0908281423151493,0.98984375,0.2967500984668732,,,
73920,0.0890517063438892,1.011328125,0.2726924419403076,,,
73930,0.0969376608729362,1.050390625,0.2121434509754181,,,
73940,0.087817433476448,0.994921875,0.2621631324291229,,,
73950,0.0944355875253677,1.00859375,0.2434352040290833,,,
73960,0.0907754234969615,0.97734375,0.243430569767952,,,
73970,0.0913737796247005,1.02421875,0.2241531014442444,,,
73980,0.0938583925366401,1.01796875,0.2182363420724869,,,
73990,0.0952089890837669,1.015234375,0.3916043937206268,,,
74000,0.0905925713479518,1.012109375,0.3017086386680603,0.6607109904289246,0.4397429577285175,0.5668193607969538
74010,0.0919723205268383,1.028125,0.3696949481964111,,,
74020,0.0918587408959865,1.031640625,0.3063887059688568,,,
74030,0.0941179513931274,1.0171875,0.3863998353481293,,,
74040,0.0886745639145374,1.055078125,0.5079882144927979,,,
74050,0.0879620671272277,0.97578125,0.2772007882595062,,,
74060,0.0925546951591968,1.030859375,0.34590083360672,,,
74070,0.0906240120530128,0.9859375,0.2228921949863434,,,
74080,0.0910211324691772,1.024609375,0.384226530790329,,,
74090,0.0902045845985412,1.030078125,0.2715682685375214,,,
74100,0.0894408643245697,0.97109375,0.2545989751815796,,,
74110,0.0933537557721138,1.016796875,0.4324491918087006,,,
74120,0.0901639074087143,1.002734375,0.3250150382518768,,,
74130,0.0872456565499305,1.00625,0.3303286731243134,,,
74140,0.0890059068799018,1.02109375,0.2307978421449661,,,
74150,0.0961741872131824,1.041796875,0.4528121650218964,,,
74160,0.0893209062516689,1.005859375,0.3351449966430664,,,
74170,0.0961625754833221,1.07578125,0.277400016784668,,,
74180,0.089810013025999,1.0125,0.1927401423454285,,,
74190,0.0881413057446479,0.9734375,0.2835324108600616,,,
74200,0.0882920622825622,1.03671875,0.2001717835664749,,,
74210,0.0912736818194389,1.03984375,0.2271693646907806,,,
74220,0.0958241894841194,1.048046875,0.3399928212165833,,,
74230,0.0903275959193706,1.001953125,0.2988978028297424,,,
74240,0.0863516189157962,0.992578125,0.2090999037027359,,,
74250,0.088784035295248,1.0640625,0.4126473069190979,,,
74260,0.0930917344987392,1.00703125,0.3493231534957886,,,
74270,0.0889233089983463,1.033984375,0.2247314155101776,,,
74280,0.091062182188034,0.99453125,0.2359503507614136,,,
74290,0.091763749718666,1.037890625,0.2369949668645859,,,
74300,0.091800121217966,0.9953125,0.2970940768718719,,,
74310,0.0892389252781868,1.012890625,0.4136398732662201,,,
74320,0.0938801236450672,1.006640625,0.341894656419754,,,
74330,0.0937257245182991,1.004296875,0.320592999458313,,,
74340,0.0887010976672172,0.996875,0.437617689371109,,,
74350,0.0897923454642295,1.0171875,0.2077627032995224,,,
74360,0.0891759194433689,0.9359375,0.3469142317771912,,,
74370,0.0900490492582321,0.989453125,0.2795139253139496,,,
74380,0.0919171474874019,1.046875,0.3305798768997192,,,
74390,0.0923114024102687,0.99375,0.3058200180530548,,,
74400,0.0915385507047176,0.99765625,0.3048711121082306,,,
74410,0.0929835468530655,1.014453125,0.3042122423648834,,,
74420,0.0867344595491886,0.99453125,0.5164168477058411,,,
74430,0.0953766755759716,1.053515625,0.2767998278141022,,,
74440,0.0943528674542903,1.0546875,0.2753162980079651,,,
74450,0.0952218070626258,0.9890625,0.3140623569488525,,,
74460,0.0884288802742958,0.979296875,0.288881927728653,,,
74470,0.0931616067886352,1.0703125,0.4638858735561371,,,
74480,0.0883759297430515,1.021875,0.3371061980724335,,,
74490,0.0917683899402618,0.979296875,0.4295839667320251,,,
74500,0.0924829147756099,1.02421875,0.3772851228713989,,,
74510,0.0894740015268325,1.0015625,0.349363774061203,,,
74520,0.0931846529245376,0.9875,0.3255906403064728,,,
74530,0.0920180596411228,1.015625,0.3511458933353424,,,
74540,0.0902614563703537,0.991015625,0.2356410771608353,,,
74550,0.0895937606692314,0.99296875,0.3807947635650635,,,
74560,0.09104830250144,1.046484375,0.2138117551803589,,,
74570,0.0933703914284706,1.03828125,0.3354126214981079,,,
74580,0.0892360925674438,0.966796875,0.3637572228908539,,,
74590,0.0926513731479644,1.000390625,0.3594917058944702,,,
74600,0.092910186201334,1.02734375,0.275613397359848,,,
74610,0.0894712328910827,0.990625,0.2874831259250641,,,
74620,0.0885385662317276,1.015234375,0.2911207675933838,,,
74630,0.0930520504713058,1.00625,0.3400163650512695,,,
74640,0.0927361138164997,1.002734375,0.3293091356754303,,,
74650,0.0899559617042541,1.026953125,0.3125562965869904,,,
74660,0.0939468704164028,1.050390625,0.4110332727432251,,,
74670,0.0901785440742969,0.992578125,0.33577960729599,,,
74680,0.0886535234749317,0.97578125,0.2745905816555023,,,
74690,0.0857169978320598,1.0515625,0.281134307384491,,,
74700,0.093051628023386,1.044140625,0.2957768142223358,,,
74710,0.088326758891344,1.0203125,0.2068975269794464,,,
74720,0.0902422197163105,1.023046875,0.480503261089325,,,
74730,0.0902994148433208,1.006640625,0.3884580135345459,,,
74740,0.0906491540372371,1.0453125,0.3329269886016846,,,
74750,0.0948855198919773,1.0609375,0.2082333564758301,,,
74760,0.0891809374094009,1.015234375,0.278856098651886,,,
74770,0.0918886177241802,0.98359375,0.2461152970790863,,,
74780,0.0878017038106918,1.05546875,0.2976619601249695,,,
74790,0.0882992520928382,0.986328125,0.4306460916996002,,,
74800,0.093230278044939,1.01796875,0.2386819124221802,,,
74810,0.0900896161794662,0.9734375,0.2813008427619934,,,
74820,0.0903606593608856,0.971875,0.2093410640954971,,,
74830,0.0866524256765842,0.996875,0.2535712122917175,,,
74840,0.0921013370156288,1.0046875,0.1996830850839615,,,
74850,0.0873322911560535,0.97734375,0.2449803650379181,,,
74860,0.0873139187693596,0.9984375,0.342226654291153,,,
74870,0.0904052808880806,0.99921875,0.2410990595817566,,,
74880,0.0910223722457885,0.994921875,0.335215836763382,,,
74890,0.0890841752290725,0.98515625,0.3009041547775269,,,
74900,0.0944304659962654,1.030078125,0.3377397060394287,,,
74910,0.0935644596815109,1.024609375,0.5244080424308777,,,
74920,0.0905633345246315,1.0,0.3685598373413086,,,
74930,0.0915811762213707,1.05078125,0.2578402161598206,,,
74940,0.0935355380177497,1.009375,0.2162983268499374,,,
74950,0.0921715632081031,1.0328125,0.2740493416786194,,,
74960,0.0916396468877792,1.03046875,0.2586024403572083,,,
74970,0.0924410946667194,0.96875,0.2671844959259033,,,
74980,0.0904570281505584,1.06171875,0.5503803491592407,,,
74990,0.0900917507708072,1.0421875,0.3541394770145416,,,
75000,0.0883278362452983,0.976171875,0.2971706688404083,0.6600613594055176,0.4470651685349357,0.5624544586877335
75010,0.0960282139480113,1.038671875,0.3182599246501923,,,
75020,0.0909268781542778,0.9703125,0.454417496919632,,,
75030,0.0891189023852348,0.98359375,0.26943439245224,,,
75040,0.0889885053038597,0.96875,0.2373840510845184,,,
75050,0.0948403760790825,0.993359375,0.256630927324295,,,
75060,0.0910535208880901,1.051171875,0.4675929546356201,,,
75070,0.0916137367486953,1.0296875,0.3208968639373779,,,
75080,0.0913347579538822,1.02265625,0.6249515414237976,,,
75090,0.0894174076616764,1.0078125,0.328719437122345,,,
75100,0.0935971841216087,1.040625,0.2462701201438904,,,
75110,0.0911347158253192,0.98359375,0.3869596123695374,,,
75120,0.0860154457390308,0.9734375,0.2467699944972992,,,
75130,0.0886745445430278,1.04296875,0.3668984472751617,,,
75140,0.0907032422721385,1.04765625,0.318209320306778,,,
75150,0.0911199659109115,0.9828125,0.3934832811355591,,,
75160,0.0927275031805038,0.9921875,0.3400394022464752,,,
75170,0.0943174451589584,0.96796875,0.3248659670352936,,,
75180,0.0913104385137558,0.996875,0.2720965147018433,,,
75190,0.088177040964365,1.0,0.2615619897842407,,,
75200,0.0910333946347236,0.984765625,0.3773066997528076,,,
75210,0.0900055386126041,0.99921875,0.3122172355651855,,,
75220,0.0934343472123146,1.044921875,0.2448422461748123,,,
75230,0.0891448974609375,1.006640625,0.3126352429389954,,,
75240,0.0911899849772453,1.03671875,0.2407823950052261,,,
75250,0.0939058855175972,1.038671875,0.1917349249124527,,,
75260,0.0903040595352649,1.023828125,0.2528418898582458,,,
75270,0.0935685686767101,1.03515625,0.3731768131256104,,,
75280,0.088788566738367,0.973046875,0.2744932770729065,,,
75290,0.09069749340415,0.971875,0.4490321576595306,,,
75300,0.093737456947565,1.08203125,0.2963291704654694,,,
75310,0.088396456092596,1.012890625,0.2124296426773071,,,
75320,0.0894233249127864,1.007421875,0.3982633352279663,,,
75330,0.0914799503982067,1.010546875,0.3660513460636139,,,
75340,0.0927203133702278,1.012890625,0.3191123902797699,,,
75350,0.0937309131026268,1.025390625,0.4952321648597717,,,
75360,0.0905332423746585,0.995703125,0.1909399479627609,,,
75370,0.0898536555469036,1.034765625,0.2316509783267975,,,
75380,0.0957071058452129,1.0125,0.2619239985942841,,,
75390,0.0890349395573139,1.04375,0.2576965391635895,,,
75400,0.0914723500609397,1.030859375,0.3547542095184326,,,
75410,0.0923359438776969,1.041796875,0.2457888871431351,,,
75420,0.091030415892601,1.021875,0.4075378775596619,,,
75430,0.0890674233436584,0.990234375,0.3519057035446167,,,
75440,0.0912251532077789,1.01015625,0.3468323647975922,,,
75450,0.090424720197916,1.02265625,0.260575145483017,,,
75460,0.0919350050389766,1.050390625,0.3487076759338379,,,
75470,0.0922953963279724,1.030859375,0.2089127451181412,,,
75480,0.0909511946141719,1.069921875,0.2903343737125397,,,
75490,0.0958738379180431,1.016796875,0.2976215183734894,,,
75500,0.0922869689762592,1.034375,0.2842360734939575,,,
75510,0.0880129314959049,0.989453125,0.3237378001213074,,,
75520,0.0882605515420436,1.0015625,0.5050506591796875,,,
75530,0.0915942624211311,1.01953125,0.2965608835220337,,,
75540,0.0907679431140422,0.979296875,0.2652880847454071,,,
75550,0.089461462944746,0.991796875,0.3023867309093475,,,
75560,0.0887614481151104,1.018359375,0.2936844527721405,,,
75570,0.0901768453419208,0.977734375,0.232849195599556,,,
75580,0.0912645824253559,0.98671875,0.2170532047748566,,,
75590,0.0922731325030326,0.996484375,0.2710299491882324,,,
75600,0.0899197749793529,0.9875,0.2765680551528931,,,
75610,0.0916061006486415,1.019921875,0.2448094636201859,,,
75620,0.0894517429172992,1.03125,0.2522574663162231,,,
75630,0.0890274405479431,1.046484375,0.2264101952314377,,,
75640,0.0915070123970508,0.986328125,0.3231607675552368,,,
75650,0.0897143878042698,0.973828125,0.2785152494907379,,,
75660,0.0909011617302894,1.0390625,0.3147170841693878,,,
75670,0.0880163550376892,0.98984375,0.252869039773941,,,
75680,0.09136513620615,1.012109375,0.2208342403173447,,,
75690,0.089635756611824,1.040234375,0.2003703266382217,,,
75700,0.0925218313932418,1.015625,0.308763325214386,,,
75710,0.0915417812764644,1.05,0.4047976434230804,,,
75720,0.0938307099044322,1.03515625,0.2650085389614105,,,
75730,0.090726138651371,0.990625,0.1960962861776352,,,
75740,0.0934582024812698,1.0375,0.2602013051509857,,,
75750,0.0897758387029171,1.0,0.2579359710216522,,,
75760,0.0901294775307178,1.007421875,0.3035475015640259,,,
75770,0.0862408071756362,1.040625,0.2766319811344147,,,
75780,0.0903771176934242,0.991796875,0.2319220900535583,,,
75790,0.091173805296421,1.013671875,0.2369287759065628,,,
75800,0.0915835097432136,1.034765625,0.2346637099981308,,,
75810,0.0872021071612834,1.025,0.1833148598670959,,,
75820,0.0927241198718547,0.987890625,0.4077596366405487,,,
75830,0.0843868851661682,0.962109375,0.3921850919723511,,,
75840,0.0926026649773121,1.0421875,0.2675082385540009,,,
75850,0.0896368332207202,1.011328125,0.4898184239864349,,,
75860,0.0917691454291343,0.99609375,0.280987560749054,,,
75870,0.0881806962192058,1.0125,0.3395883440971375,,,
75880,0.0890012271702289,0.9890625,0.275410532951355,,,
75890,0.091589143872261,1.001953125,0.2291466444730759,,,
75900,0.0892017602920532,1.0171875,0.2967160940170288,,,
75910,0.0915635965764522,0.975,0.3038463294506073,,,
75920,0.0891065269708633,1.020703125,0.2759105563163757,,,
75930,0.0930362790822982,1.090625,0.3606221973896027,,,
75940,0.0960186392068862,1.044140625,0.1872464120388031,,,
75950,0.0895561508834362,0.984375,0.277100145816803,,,
75960,0.0920413181185722,0.9921875,0.3050344288349152,,,
75970,0.0886299803853035,1.021484375,0.2602156698703766,,,
75980,0.0887889385223388,1.02734375,0.3968220949172974,,,
75990,0.0900605514645576,0.976171875,0.2476467788219452,,,
76000,0.0897941872477531,1.0265625,0.2626006901264191,0.6629180312156677,0.4466861871577962,0.5768598106010809
76010,0.0908994309604167,1.02265625,0.2402471899986267,,,
76020,0.0900362901389598,1.019140625,0.2040606439113617,,,
76030,0.091177824884653,0.977734375,0.2341948449611664,,,
76040,0.0885102868080139,0.98515625,0.3337097764015198,,,
76050,0.0893994741141796,1.040234375,0.2406873106956482,,,
76060,0.0933366850018501,0.998828125,0.3581397235393524,,,
76070,0.090807618945837,1.00703125,0.3034170567989349,,,
76080,0.092142666876316,1.051171875,0.4443075358867645,,,
76090,0.0908426277339458,0.9890625,0.2873586118221283,,,
76100,0.092470709234476,0.981640625,0.2780356407165527,,,
76110,0.0959425427019596,1.001171875,0.3392446339130402,,,
76120,0.0895826295018196,0.999609375,0.2622382938861847,,,
76130,0.0884989656507968,1.059765625,0.2153401672840118,,,
76140,0.0914759650826454,1.03125,0.3703617453575134,,,
76150,0.0902568042278289,1.0328125,0.3160123229026794,,,
76160,0.0871319331228733,1.037109375,0.360578328371048,,,
76170,0.0892495848238468,1.0109375,0.2254430055618286,,,
76180,0.0919691398739814,1.007421875,0.3669969439506531,,,
76190,0.0911877952516078,1.013671875,0.3145649135112762,,,
76200,0.0901093333959579,1.020703125,0.25884148478508,,,
76210,0.0856932714581489,0.9921875,0.2347276657819748,,,
76220,0.0905726864933967,1.00390625,0.3383190631866455,,,
76230,0.0942750170826911,1.0734375,0.2490155100822449,,,
76240,0.0924363404512405,0.98984375,0.3406613171100616,,,
76250,0.0905841700732708,1.0171875,0.405065506696701,,,
76260,0.0873854413628578,0.997265625,0.2858946919441223,,,
76270,0.0900334171950817,1.001953125,0.2389138340950012,,,
76280,0.0902799151837825,1.035546875,0.2067149877548218,,,
76290,0.0931520871818065,1.0453125,0.2934611737728119,,,
76300,0.0907734587788581,1.038671875,0.248033195734024,,,
76310,0.0901575200259685,1.037109375,0.2632017135620117,,,
76320,0.0957063443958759,1.019140625,0.2449886202812195,,,
76330,0.0905486300587654,1.008203125,0.4291743040084839,,,
76340,0.0888689145445823,1.012890625,0.3011546432971954,,,
76350,0.0880565710365772,1.0203125,0.2065019309520721,,,
76360,0.0906634822487831,1.0296875,0.2751686871051788,,,
76370,0.0896350674331188,1.02265625,0.2664859592914581,,,
76380,0.0905953206121921,0.986328125,0.2539957761764526,,,
76390,0.0899227455258369,1.03203125,0.4463394582271576,,,
76400,0.0879267558455467,1.04609375,0.2878236472606659,,,
76410,0.091318279504776,1.03828125,0.2670741379261017,,,
76420,0.0910051584243774,0.9984375,0.4050881266593933,,,
76430,0.0864038176834583,0.9921875,0.3125255107879639,,,
76440,0.0888881489634513,1.022265625,0.2706680297851562,,,
76450,0.088016277551651,0.98984375,0.2393288165330887,,,
76460,0.0904354333877563,1.01015625,0.4527724087238312,,,
76470,0.0927829824388027,1.006640625,0.4195757210254669,,,
76480,0.092965517193079,1.024609375,0.4749741852283478,,,
76490,0.0889577850699424,1.00390625,0.2606162428855896,,,
76500,0.0929014518857002,1.0328125,0.6170250177383423,,,
76510,0.0902991443872451,0.996875,0.2659267485141754,,,
76520,0.0897023350000381,1.008984375,0.1966201812028885,,,
76530,0.0920457676053047,1.066796875,0.206399992108345,,,
76540,0.0914638571441173,0.99921875,0.4107611179351807,,,
76550,0.0894535116851329,0.9859375,0.3462494909763336,,,
76560,0.0916349910199642,0.992578125,0.1884235590696335,,,
76570,0.0903007879853248,1.003515625,0.2845316827297211,,,
76580,0.0894007690250873,0.990234375,0.2549492120742798,,,
76590,0.0889851734042167,1.01328125,0.3579787909984589,,,
76600,0.0900121167302131,0.977734375,0.4411094784736633,,,
76610,0.0935032211244106,1.01640625,0.3486462235450745,,,
76620,0.091055428981781,1.044140625,0.6389452815055847,,,
76630,0.090852066874504,1.033203125,0.3168319463729858,,,
76640,0.0917721711099147,1.02265625,0.2911898791790009,,,
76650,0.0926554597914219,1.020703125,0.3342012763023376,,,
76660,0.092061062157154,1.0078125,0.2791620194911957,,,
76670,0.0917561911046505,0.981640625,0.3137819170951843,,,
76680,0.089470188319683,0.990625,0.2594819664955139,,,
76690,0.0889858305454254,0.962109375,0.3962201476097107,,,
76700,0.0903241641819477,1.03984375,0.4699453413486481,,,
76710,0.0906258963048458,1.028515625,0.2785691022872925,,,
76720,0.0896316610276699,0.989453125,0.686543881893158,,,
76730,0.0913000978529453,0.996484375,0.2597565054893494,,,
76740,0.0929615400731563,1.004296875,0.1768769919872284,,,
76750,0.0905851922929286,0.97734375,0.3070739209651947,,,
76760,0.0908509358763694,0.99375,0.3186574876308441,,,
76770,0.0892095051705837,1.02734375,0.25733682513237,,,
76780,0.0944134429097175,1.016015625,0.3254005312919617,,,
76790,0.0900577560067176,1.02890625,0.3336648344993591,,,
76800,0.0889701850712299,0.963671875,0.2475429475307465,,,
76810,0.0894711889326572,0.98671875,0.26689612865448,,,
76820,0.0892450034618377,1.022265625,0.3059713542461395,,,
76830,0.0881301127374172,0.97734375,0.2011237293481827,,,
76840,0.0904503867030143,0.98984375,0.2798194587230682,,,
76850,0.0899965040385723,1.040625,0.3633022010326385,,,
76860,0.0897448308765888,1.063671875,0.2334558963775635,,,
76870,0.0926998302340507,0.968359375,0.3908049166202545,,,
76880,0.094336163252592,1.0625,0.2610651850700378,,,
76890,0.0857406131923198,0.968359375,0.2826368510723114,,,
76900,0.0884749330580234,1.01484375,0.3225263655185699,,,
76910,0.0901089444756507,1.03046875,0.2603122293949127,,,
76920,0.0920818291604518,0.9984375,0.3983379602432251,,,
76930,0.0909785233438014,1.0328125,0.3824391663074493,,,
76940,0.0914023272693157,1.023046875,0.2459812760353088,,,
76950,0.0888642594218254,1.008984375,0.3573190569877625,,,
76960,0.0880912251770496,0.961328125,0.2354713976383209,,,
76970,0.0906316109001636,1.01484375,0.443620890378952,,,
76980,0.0933363869786262,1.0171875,0.2261150926351547,,,
76990,0.0895650625228881,0.951953125,0.2558606564998627,,,
77000,0.0922454200685024,0.993359375,0.3729724287986755,0.6602137684822083,0.4442152622635614,0.5690848914306743
77010,0.0901707731187343,1.0203125,0.343458890914917,,,
77020,0.0901911996304988,0.98515625,0.339253693819046,,,
77030,0.0902415588498115,1.020703125,0.2771989405155182,,,
77040,0.0922950990498066,1.0171875,0.2918587923049927,,,
77050,0.0901945136487483,0.970703125,0.3051329255104065,,,
77060,0.0881744168698787,1.027734375,0.4589442014694214,,,
77070,0.0914077751338482,1.002734375,0.1707713901996613,,,
77080,0.088477923721075,1.00390625,0.5687587261199951,,,
77090,0.0855576626956462,1.005859375,0.2271448522806168,,,
77100,0.0904268436133861,1.037890625,0.2814778983592987,,,
77110,0.0915010198950767,0.98359375,0.271880179643631,,,
77120,0.0904460199177265,0.99765625,0.3151120543479919,,,
77130,0.0917233198881149,1.00703125,0.3578850924968719,,,
77140,0.093998271971941,1.030078125,0.4612393975257874,,,
77150,0.0889150775969028,0.991796875,0.2588914334774017,,,
77160,0.0935152158141136,1.01640625,0.2564114034175873,,,
77170,0.0891979217529296,0.977734375,0.1744479686021805,,,
77180,0.09202581346035,1.03046875,0.2848792374134064,,,
77190,0.0925658218562603,0.99609375,0.2410921454429626,,,
77200,0.088484589010477,1.0046875,0.315696120262146,,,
77210,0.0891264960169792,0.991796875,0.3723267912864685,,,
77220,0.0903372816741466,1.0171875,0.2524763643741608,,,
77230,0.0909376122057437,1.01796875,0.3381567299365997,,,
77240,0.0924454778432846,1.030078125,0.4073393642902374,,,
77250,0.0884928829967975,1.016015625,0.2731371223926544,,,
77260,0.0911812163889408,1.0046875,0.4427325129508972,,,
77270,0.0927695751190185,1.01640625,0.3805458843708038,,,
77280,0.090993570536375,1.043359375,0.2389735132455826,,,
77290,0.0908401697874069,0.96484375,0.2263246476650238,,,
77300,0.0899795092642307,1.0125,0.3275347352027893,,,
77310,0.0894537203013896,1.005078125,0.3699787855148315,,,
77320,0.0928996324539184,0.997265625,0.3299428820610046,,,
77330,0.0946455180644989,1.04296875,0.3571210503578186,,,
77340,0.0898873619735241,0.984375,0.443436473608017,,,
77350,0.0939247943460941,0.99609375,0.2576793134212494,,,
77360,0.0892541632056236,1.032421875,0.2581325471401215,,,
77370,0.0880196347832679,1.012109375,0.2992836833000183,,,
77380,0.0899816319346427,0.9875,0.2129592448472977,,,
77390,0.0889144137501716,0.9734375,0.2556461095809937,,,
77400,0.0902094691991806,0.996875,0.3146296739578247,,,
77410,0.0899065621197223,0.975,0.3760396838188171,,,
77420,0.0917264930903911,1.015625,0.3829788565635681,,,
77430,0.0952023297548294,1.09765625,0.299326479434967,,,
77440,0.0908990532159805,0.991015625,0.2523906528949738,,,
77450,0.093290801346302,1.05234375,0.3611631095409393,,,
77460,0.0871657617390155,0.975390625,0.2178555727005005,,,
77470,0.0896994106471538,0.99765625,0.2560485303401947,,,
77480,0.0864481434226036,1.0421875,0.2831383645534515,,,
77490,0.0880329735577106,0.991796875,0.3373856842517853,,,
77500,0.0906583800911903,1.020703125,0.4462658166885376,,,
77510,0.0899370931088924,0.977734375,0.3090047538280487,,,
77520,0.092082654684782,1.021875,0.4366538226604462,,,
77530,0.0949013836681842,1.027734375,0.5081626772880554,,,
77540,0.0941050894558429,1.030078125,0.3948464095592499,,,
77550,0.0902476370334625,0.9890625,0.4185087978839874,,,
77560,0.090447074919939,1.00859375,0.3654038310050964,,,
77570,0.0967965006828308,1.048046875,0.333075612783432,,,
77580,0.0948680117726326,1.048828125,0.2092559188604355,,,
77590,0.0910188190639019,0.983203125,0.4625614881515503,,,
77600,0.0920268081128597,0.986328125,0.3029162585735321,,,
77610,0.0927876733243465,1.047265625,0.3268952071666718,,,
77620,0.0899308286607265,1.0,0.2427705973386765,,,
77630,0.091099364310503,1.0375,0.2175909876823425,,,
77640,0.0907645672559738,0.985546875,0.2995155155658722,,,
77650,0.0899123378098011,1.013671875,0.4040660262107849,,,
77660,0.0896188765764236,1.024609375,0.2353105396032333,,,
77670,0.0883312672376632,1.008984375,0.3609088659286499,,,
77680,0.0908745467662811,0.996875,0.3541033864021301,,,
77690,0.0934108115732669,1.040234375,0.3402167856693268,,,
77700,0.0884076796472072,0.978515625,0.2405140548944473,,,
77710,0.0879700742661953,0.986328125,0.2142729610204697,,,
77720,0.0911811180412769,1.01640625,0.2174263447523117,,,
77730,0.0921458803117275,0.98984375,0.2757572531700134,,,
77740,0.091995570063591,1.05,0.5049322843551636,,,
77750,0.0929051212966442,0.984765625,0.4604964554309845,,,
77760,0.0885581031441688,1.003125,0.3685448169708252,,,
77770,0.0894602850079536,0.99453125,0.2386582791805267,,,
77780,0.0884102292358875,1.06640625,0.2974554598331451,,,
77790,0.0907072074711322,0.9890625,0.3192069530487061,,,
77800,0.0917763650417327,1.05,0.3933307230472565,,,
77810,0.0898974351584911,1.005859375,0.3159356415271759,,,
77820,0.0919470429420471,0.97109375,0.3274376094341278,,,
77830,0.0903984270989894,1.009765625,0.4729503393173218,,,
77840,0.0917471297085285,0.973828125,0.2729357779026031,,,
77850,0.0883722752332687,1.028125,0.2270503640174866,,,
77860,0.0902103006839752,0.99453125,0.370670348405838,,,
77870,0.0941789500415325,1.030078125,0.2551478445529938,,,
77880,0.0892972789704799,1.008203125,0.3862480521202087,,,
77890,0.0916979134082794,1.015625,0.2706818282604218,,,
77900,0.0874704904854297,0.9890625,0.2526001632213593,,,
77910,0.0890691466629505,1.0015625,0.3191140592098236,,,
77920,0.0924619972705841,0.9625,0.3747018873691559,,,
77930,0.0922783344984054,1.003125,0.213878870010376,,,
77940,0.088655012845993,1.001953125,0.2431587427854538,,,
77950,0.0898962669074535,1.053125,0.4141069352626801,,,
77960,0.0909436084330082,0.980078125,0.3004354536533356,,,
77970,0.0899475403130054,1.0109375,0.2586831152439117,,,
77980,0.0910954512655735,1.055078125,0.3249225616455078,,,
77990,0.090326152741909,1.0109375,0.2716605067253113,,,
78000,0.0896403923630714,0.998828125,0.2593099772930145,0.6592499613761902,0.4515516904800302,0.563295844490767
78010,0.0912501089274883,1.016796875,0.3514142334461212,,,
78020,0.0895879656076431,0.996484375,0.2798683643341064,,,
78030,0.0935077503323555,1.02421875,0.2401060312986374,,,
78040,0.0926116436719894,1.055859375,0.3379031121730804,,,
78050,0.0890552513301372,1.037890625,0.2591557800769806,,,
78060,0.0901308566331863,1.029296875,0.1959624141454697,,,
78070,0.089726972579956,0.983203125,0.2683252990245819,,,
78080,0.0904180899262428,1.03125,0.3521939516067505,,,
78090,0.0897609524428844,1.001953125,0.2381494492292404,,,
78100,0.0905044436454773,1.003515625,0.3103340864181519,,,
78110,0.0861957430839538,0.9796875,0.4561485946178436,,,
78120,0.0913498617708683,0.9890625,0.4240520298480988,,,
78130,0.0928729355335235,1.027734375,0.2726278603076935,,,
78140,0.0904483050107956,1.037109375,0.4350987672805786,,,
78150,0.0927577957510948,1.009375,0.3096885979175568,,,
78160,0.0880295537412166,1.01796875,0.2708354294300079,,,
78170,0.0907430127263069,1.0140625,0.2941748201847076,,,
78180,0.0923466444015503,0.99375,0.2345712035894394,,,
78190,0.089529063552618,1.005078125,0.3716855943202972,,,
78200,0.0892146185040474,1.067578125,0.4441007077693939,,,
78210,0.0908881947398185,0.964453125,0.3960407078266144,,,
78220,0.0906517051160335,0.9734375,0.2112294286489487,,,
78230,0.09298976957798,0.98984375,0.527108371257782,,,
78240,0.0901520483195781,1.02109375,0.3005426526069641,,,
78250,0.0918547578155994,1.01640625,0.2591715455055237,,,
78260,0.0916880540549755,1.01171875,0.4271938502788544,,,
78270,0.0881162747740745,1.014453125,0.3383254706859589,,,
78280,0.0901247046887874,0.997265625,0.2799773812294006,,,
78290,0.0866668552160263,0.955078125,0.4231761395931244,,,
78300,0.0898139327764511,1.046484375,0.2473980486392975,,,
78310,0.0924240797758102,0.9984375,0.3678795993328094,,,
78320,0.0910391554236412,0.9984375,0.3211615383625031,,,
78330,0.0896603435277938,1.00625,0.1849719882011414,,,
78340,0.0889981053769588,1.01171875,0.3229129314422607,,,
78350,0.090071365237236,0.973828125,0.2353514134883881,,,
78360,0.0897896319627761,0.997265625,0.2447663694620132,,,
78370,0.0897498987615108,1.041015625,0.3085090219974518,,,
78380,0.0896732740104198,1.034375,0.3669558763504028,,,
78390,0.0927050456404686,1.0703125,0.2998539507389069,,,
78400,0.0877901531755924,1.01796875,0.2660268545150757,,,
78410,0.0889357551932334,0.972265625,0.2348625659942627,,,
78420,0.0921006828546524,0.97421875,0.453732967376709,,,
78430,0.0879985116422176,1.012109375,0.3901841640472412,,,
78440,0.0946608930826187,1.06875,0.2699238955974579,,,
78450,0.0887351840734481,0.969921875,0.2640898823738098,,,
78460,0.0906002387404441,0.99765625,0.2031892240047455,,,
78470,0.0876850321888923,1.01640625,0.2451933175325394,,,
78480,0.0918023280799388,0.994921875,0.2486125975847244,,,
78490,0.0912615649402141,1.030078125,0.2433098703622818,,,
78500,0.0884417213499546,1.078125,0.2588433921337128,,,
78510,0.0916769191622734,0.988671875,0.2421014904975891,,,
78520,0.0830139696598053,1.000390625,0.2336562871932983,,,
78530,0.0889804996550083,1.04921875,0.218599796295166,,,
78540,0.0926081649959087,1.017578125,0.5126045942306519,,,
78550,0.0903906591236591,1.00859375,0.2728330790996552,,,
78560,0.0906940698623657,1.008203125,0.2541044652462006,,,
78570,0.0928401879966259,0.96796875,0.4117213189601898,,,
78580,0.0936613656580448,1.032421875,0.3060809373855591,,,
78590,0.0889183677732944,1.028515625,0.2406102567911148,,,
78600,0.0896313913166522,1.007421875,0.3547921776771545,,,
78610,0.0924295134842395,1.028515625,0.2295861095190048,,,
78620,0.0921739846467971,0.97109375,0.3068068325519562,,,
78630,0.0853448823094367,0.960546875,0.3233655393123627,,,
78640,0.0872165419161319,0.9671875,0.4409853219985962,,,
78650,0.0883443936705589,1.001171875,0.2538318336009979,,,
78660,0.0912657581269741,1.012890625,0.2416190654039383,,,
78670,0.0919887296855449,1.0421875,0.3295110464096069,,,
78680,0.0879243500530719,0.975390625,0.1865254193544388,,,
78690,0.0892234317958355,1.007421875,0.1927932798862457,,,
78700,0.0850347325205802,0.991796875,0.2752193212509155,,,
78710,0.0893008574843406,0.978515625,0.2669468522071838,,,
78720,0.0898438282310962,1.009765625,0.3472362756729126,,,
78730,0.0897288896143436,1.00234375,0.2372761219739914,,,
78740,0.0924411050975322,1.000390625,0.2199132740497589,,,
78750,0.0911977887153625,1.012890625,0.2933126091957092,,,
78760,0.088751845061779,1.0328125,0.3645269274711609,,,
78770,0.0916331283748149,1.026171875,0.4184408783912659,,,
78780,0.0889899305999279,1.032421875,0.2196008563041687,,,
78790,0.0886295348405838,1.0078125,0.3320044875144958,,,
78800,0.0913437463343143,0.973828125,0.268141120672226,,,
78810,0.0928759381175041,1.023046875,0.3669677376747131,,,
78820,0.0898435249924659,0.967578125,0.290528416633606,,,
78830,0.0892200462520122,1.034765625,0.2803266942501068,,,
78840,0.091698694974184,0.97890625,0.2446607798337936,,,
78850,0.0881112858653068,1.01953125,0.4308831095695496,,,
78860,0.0899088613688945,1.0015625,0.2955211102962494,,,
78870,0.0874332398176193,1.010546875,0.2892730832099915,,,
78880,0.0894874863326549,1.0203125,0.4102522730827332,,,
78890,0.0882808655500412,1.031640625,0.2231308966875076,,,
78900,0.0894886814057827,1.0078125,0.2613286375999451,,,
78910,0.0916316077113151,1.0359375,0.2906906306743622,,,
78920,0.0892942570149898,0.994140625,0.269486278295517,,,
78930,0.0912483923137188,1.02265625,0.321736216545105,,,
78940,0.0896505050361156,1.031640625,0.2527934908866882,,,
78950,0.0911884732544422,1.001953125,0.2146035432815552,,,
78960,0.0932813450694084,0.994140625,0.2945027947425842,,,
78970,0.0921483635902404,0.9828125,0.2583360075950623,,,
78980,0.0888809636235237,1.0125,0.4769650399684906,,,
78990,0.0881427884101867,0.997265625,0.264829009771347,,,
79000,0.0911944717168808,1.021484375,0.244032695889473,0.66327965259552,0.4413693426508321,0.5782661389702408
79010,0.0870095558464527,0.969140625,0.2032844871282578,,,
79020,0.0891560390591621,1.033203125,0.2455070614814758,,,
79030,0.0894536942243576,1.003515625,0.2899038195610046,,,
79040,0.087606930732727,1.003125,0.4816927313804626,,,
79050,0.0849760681390762,0.984765625,0.2365357279777527,,,
79060,0.0891566708683967,0.990625,0.1922015398740768,,,
79070,0.0893855392932891,0.975,0.2944060266017914,,,
79080,0.0903291411697864,0.9953125,0.2513941824436188,,,
79090,0.089311920851469,1.03359375,0.2607018351554871,,,
79100,0.0939942128956317,0.999609375,0.305598646402359,,,
79110,0.089828722923994,1.0234375,0.1952408999204636,,,
79120,0.0876104213297367,0.98984375,0.2637355029582977,,,
79130,0.0884373962879181,0.98203125,0.2258170396089554,,,
79140,0.0879155717790126,1.0015625,0.3977888226509094,,,
79150,0.0914495088160038,1.044140625,0.334390252828598,,,
79160,0.0891546480357647,0.966015625,0.2120712995529175,,,
79170,0.0908669017255306,1.0390625,0.399894118309021,,,
79180,0.0885923124849796,1.005859375,0.4215629994869232,,,
79190,0.0889325596392154,1.009375,0.2417470514774323,,,
79200,0.0908839032053947,1.03046875,0.269234299659729,,,
79210,0.0893111959099769,0.981640625,0.3721829950809479,,,
79220,0.0876329042017459,1.006640625,0.2451237887144089,,,
79230,0.0906187690794468,0.980078125,0.272597461938858,,,
79240,0.0880163706839084,0.9796875,0.2893736958503723,,,
79250,0.0918278910219669,1.022265625,0.2604978084564209,,,
79260,0.0907833881676197,1.017578125,0.4186926782131195,,,
79270,0.0899837218225002,0.999609375,0.3462262153625488,,,
79280,0.0892518363893032,1.016015625,0.2608223259449005,,,
79290,0.0908889703452587,0.96875,0.2261144369840622,,,
79300,0.0915159821510314,1.054296875,0.3226430714130402,,,
79310,0.0901349075138568,1.0140625,0.3694064021110535,,,
79320,0.089022160321474,1.026171875,0.4024797379970551,,,
79330,0.0921097137033939,1.028515625,0.3614041209220886,,,
79340,0.0845363907516002,0.998828125,0.2401382327079773,,,
79350,0.0904200494289398,1.0125,0.2538151443004608,,,
79360,0.0894771121442317,0.971875,0.3398818075656891,,,
79370,0.0928319349884986,1.000390625,0.3378686010837555,,,
79380,0.0934116952121257,1.04140625,0.2155116647481918,,,
79390,0.0892721690237522,0.97890625,0.297738790512085,,,
79400,0.0940119430422782,0.996484375,0.5199955701828003,,,
79410,0.0871663525700569,1.008984375,0.3923563361167908,,,
79420,0.0895062610507011,0.998828125,0.3423761427402496,,,
79430,0.0905041389167308,0.99453125,0.2718665599822998,,,
79440,0.0922642558813095,0.973828125,0.3499324917793274,,,
79450,0.0868269197642803,1.0109375,0.2017208188772202,,,
79460,0.0916659653186798,1.037890625,0.3571105599403381,,,
79470,0.0912878908216953,1.015234375,0.2927923798561096,,,
79480,0.0905601724982261,1.018359375,0.2613344490528107,,,
79490,0.0875049084424972,0.975390625,0.4538039267063141,,,
79500,0.0894948601722717,1.033984375,0.4135524332523346,,,
79510,0.08983054459095,1.0203125,0.1957265734672546,,,
79520,0.0889826536178588,1.015234375,0.1941995322704315,,,
79530,0.0889132209122181,1.005859375,0.2256555408239365,,,
79540,0.0889904059469699,0.9625,0.2494009286165237,,,
79550,0.0891211800277233,1.0171875,0.3670265972614288,,,
79560,0.090935118496418,1.014453125,0.2527356147766113,,,
79570,0.0922071292996406,1.005078125,0.293633908033371,,,
79580,0.0911192759871482,0.9984375,0.2348468601703644,,,
79590,0.0906028896570205,0.9765625,0.2006330192089081,,,
79600,0.0910710848867893,1.043359375,0.1858852654695511,,,
79610,0.0890132442116737,0.99453125,0.3527023494243622,,,
79620,0.0910961367189884,1.000390625,0.2430036664009094,,,
79630,0.0895412817597389,1.016015625,0.5459884405136108,,,
79640,0.0910860747098922,0.984765625,0.3835567235946655,,,
79650,0.089057220518589,0.975390625,0.4462903738021851,,,
79660,0.0911999590694904,1.000390625,0.4395446479320526,,,
79670,0.0923014380037784,1.01640625,0.352681577205658,,,
79680,0.090348082780838,1.0140625,0.2655123174190521,,,
79690,0.0893159441649913,1.03515625,0.3377895951271057,,,
79700,0.0930415168404579,1.0140625,0.2927393019199371,,,
79710,0.0874860495328903,1.042578125,0.2894175350666046,,,
79720,0.0893555246293544,0.996484375,0.2165396064519882,,,
79730,0.0893521018326282,0.993359375,0.4314878880977631,,,
79740,0.0919989600777626,1.0453125,0.354151725769043,,,
79750,0.0900986477732658,1.001953125,0.2429380118846893,,,
79760,0.0925374075770378,1.04453125,0.1968700736761093,,,
79770,0.0899071313440799,0.99140625,0.1935546398162842,,,
79780,0.090946589410305,1.003125,0.3707369565963745,,,
79790,0.0886996276676654,0.9875,0.2768022418022156,,,
79800,0.0841300271451473,0.963671875,0.3580072820186615,,,
79810,0.090698542445898,1.014453125,0.3908976316452026,,,
79820,0.0913268491625785,1.001171875,0.5213937759399414,,,
79830,0.085945501178503,0.983984375,0.2633592784404755,,,
79840,0.0884153507649898,1.008203125,0.4758158326148987,,,
79850,0.0890088967978954,1.0,0.272223025560379,,,
79860,0.0887155212461948,0.9953125,0.2807198464870453,,,
79870,0.0908480688929557,0.9828125,0.40794837474823,,,
79880,0.0874569311738014,0.988671875,0.3569055795669556,,,
79890,0.0887478969991207,1.0359375,0.2433319240808487,,,
79900,0.0903474390506744,1.029296875,0.2847446799278259,,,
79910,0.0909856393933296,1.012109375,0.315733939409256,,,
79920,0.0869464069604873,0.984375,0.4400599002838135,,,
79930,0.0866802021861076,1.005078125,0.3249238729476929,,,
79940,0.0940884381532669,1.044921875,0.2116891592741013,,,
79950,0.0861520081758499,1.040234375,0.6187547445297241,,,
79960,0.0919651873409748,0.979296875,0.2297375947237015,,,
79970,0.0869267493486404,0.98671875,0.3476161062717438,,,
79980,0.0924525775015354,1.00390625,0.294926792383194,,,
79990,0.0922258585691452,0.958203125,0.3526058793067932,,,
80000,0.0889674663543701,1.000390625,0.2027222663164139,0.666525661945343,0.4385317213727178,0.5670101171004571
80010,0.0868135921657085,1.029296875,0.4302181303501129,,,
80020,0.0933396399021148,1.05,0.2656534314155579,,,
80030,0.0896558865904808,0.98671875,0.4224205315113068,,,
80040,0.0893991842865944,1.0,0.384713739156723,,,
80050,0.0908191300928592,0.96796875,0.2938864529132843,,,
80060,0.0890787914395332,1.04609375,0.2461091727018356,,,
80070,0.0888881474733352,0.996875,0.3528401553630829,,,
80080,0.0857587113976478,0.988671875,0.3143772780895233,,,
80090,0.0879190512001514,1.034375,0.4575929641723633,,,
80100,0.0870946183800697,0.975,0.2906419932842255,,,
80110,0.08848472610116,0.9890625,0.4060943126678467,,,
80120,0.0885894931852817,1.00703125,0.3061418533325195,,,
80130,0.0849888056516647,0.99296875,0.3215626776218414,,,
80140,0.0878356426954269,0.98828125,0.2337144613265991,,,
80150,0.0887703165411949,1.045703125,0.3842114806175232,,,
80160,0.0879778608679771,0.975390625,0.5133059024810791,,,
80170,0.0904588252305984,1.008984375,0.460308313369751,,,
80180,0.0872155532240867,0.970703125,0.2243236303329468,,,
80190,0.0888937011361122,1.003515625,0.2703199684619904,,,
80200,0.089216923713684,0.95625,0.3868167996406555,,,
80210,0.0906348057091236,0.98046875,0.2663108110427856,,,
80220,0.0879242047667503,0.973046875,0.2332409173250198,,,
80230,0.08782754316926,0.991015625,0.3048933148384094,,,
80240,0.0865571126341819,0.99609375,0.4320957660675049,,,
80250,0.0916431874036789,1.010546875,0.2699701189994812,,,
80260,0.0910302095115184,0.9734375,0.361524224281311,,,
80270,0.0914498463273048,0.974609375,0.2358307093381882,,,
80280,0.0887113034725189,1.005859375,0.199897363781929,,,
80290,0.0915707387030124,1.033984375,0.316118597984314,,,
80300,0.0906783439218998,1.014453125,0.3897349834442139,,,
80310,0.089257850497961,1.015234375,0.2569630742073059,,,
80320,0.0919312372803688,0.972265625,0.2825093269348145,,,
80330,0.090132500976324,1.013671875,0.3104033470153809,,,
80340,0.090897536277771,1.007421875,0.3990459144115448,,,
80350,0.0900350295007228,0.96640625,0.2685811221599579,,,
80360,0.0894629098474979,1.007421875,0.2668149471282959,,,
80370,0.0935956202447414,1.036328125,0.3021132946014404,,,
80380,0.0894412457942962,0.994921875,0.3122007548809052,,,
80390,0.0884256765246391,1.028125,0.4001779854297638,,,
80400,0.0890948809683322,1.014453125,0.3068444728851318,,,
80410,0.0869000993669033,0.965625,0.3431440591812134,,,
80420,0.0904197134077549,1.0,0.3830777108669281,,,
80430,0.0865385614335536,1.016015625,0.2330780178308487,,,
80440,0.092770405113697,0.994140625,0.2001684755086899,,,
80450,0.0905227400362491,0.937890625,0.2600582242012024,,,
80460,0.0855249732732772,1.009375,0.320038765668869,,,
80470,0.0875777445733547,1.032421875,0.2292181700468063,,,
80480,0.0905539631843566,0.996875,0.2710821330547333,,,
80490,0.0860556095838546,0.998828125,0.3739645183086395,,,
80500,0.0891660369932651,1.00390625,0.2528238892555237,,,
80510,0.0880569383502006,0.9734375,0.2750222086906433,,,
80520,0.0884191997349262,1.005078125,0.3847294747829437,,,
80530,0.0868720173835754,1.00859375,0.3156526982784271,,,
80540,0.0895058020949363,1.021484375,0.2338269650936127,,,
80550,0.0902804598212242,0.9828125,0.2837859094142914,,,
80560,0.0869581133127212,1.018359375,0.2857896685600281,,,
80570,0.0904806725680828,1.0078125,0.2248155176639557,,,
80580,0.0900456085801124,1.003515625,0.4745813310146332,,,
80590,0.0893541358411312,0.979296875,0.2458284497261047,,,
80600,0.0901668034493923,0.9765625,0.1992160975933075,,,
80610,0.0910832516849041,1.026171875,0.3090795576572418,,,
80620,0.0936817184090614,1.0546875,0.3967389166355133,,,
80630,0.0908091261982917,0.9875,0.3237021267414093,,,
80640,0.0874214105308055,0.9671875,0.3453142642974854,,,
80650,0.0872730672359466,1.003125,0.2822367250919342,,,
80660,0.0900662377476692,0.98046875,0.3556713461875916,,,
80670,0.0919790916144847,1.00390625,0.2430370301008224,,,
80680,0.0886095508933067,0.983984375,0.2351604551076889,,,
80690,0.0887461058795452,1.0140625,0.3196412026882172,,,
80700,0.0926414266228675,0.989453125,0.3008229434490204,,,
80710,0.0882245250046253,0.982421875,0.4478541016578674,,,
80720,0.0910438701510429,0.987109375,0.2975417375564575,,,
80730,0.0858729414641857,1.009375,0.3388181030750275,,,
80740,0.090443866699934,0.971875,0.444102019071579,,,
80750,0.0906296789646148,1.036328125,0.3802470564842224,,,
80760,0.0903118975460529,1.00546875,0.3951526582241058,,,
80770,0.0863283306360244,1.0328125,0.2128498256206512,,,
80780,0.0906719632446765,0.9890625,0.2745996415615082,,,
80790,0.0871548809111118,0.98515625,0.3869904279708862,,,
80800,0.0900759205222129,1.04921875,0.461261123418808,,,
80810,0.0903220228850841,1.045703125,0.3370713591575623,,,
80820,0.0921045921742916,1.03359375,0.2957747876644135,,,
80830,0.0921296872198581,1.010546875,0.4085549414157867,,,
80840,0.0934941224753856,1.00078125,0.3647175431251526,,,
80850,0.0889032110571861,0.986328125,0.243482768535614,,,
80860,0.0869202069938182,1.00390625,0.2809735238552094,,,
80870,0.092666820436716,0.998046875,0.4593477845191956,,,
80880,0.0899724163115024,1.035546875,0.5071921348571777,,,
80890,0.0927197307348251,0.976953125,0.2907723486423492,,,
80900,0.0883496440947055,1.015234375,0.2984023988246918,,,
80910,0.0875629432499408,0.980859375,0.2695103287696838,,,
80920,0.0899741277098655,1.019140625,0.2238538563251495,,,
80930,0.086734963953495,0.95546875,0.4622057378292084,,,
80940,0.0890262156724929,0.98359375,0.2965542376041412,,,
80950,0.0891707576811313,1.01171875,0.2787660658359528,,,
80960,0.092131532728672,1.010546875,0.1955290138721466,,,
80970,0.0892133206129074,0.990625,0.371928483247757,,,
80980,0.0901327244937419,1.002734375,0.4004111289978027,,,
80990,0.0877834044396877,0.99921875,0.4797226190567017,,,
81000,0.0928383477032184,1.003515625,0.2962644398212433,0.665444552898407,0.4462686788879296,0.5780546945256249
81010,0.089438246935606,1.0203125,0.6175147294998169,,,
81020,0.0884491227567196,0.971484375,0.4186480045318604,,,
81030,0.0877731755375862,1.0234375,0.2227933704853058,,,
81040,0.0892079718410968,1.019921875,0.3137685656547546,,,
81050,0.087911707162857,0.993359375,0.2853749394416809,,,
81060,0.0869373552501201,0.985546875,0.3387193083763123,,,
81070,0.0909298367798328,0.98984375,0.3731168210506439,,,
81080,0.0885185122489929,1.006640625,0.2968737185001373,,,
81090,0.0866274714469909,0.99609375,0.2740481495857239,,,
81100,0.0896581709384918,1.001171875,0.3379806876182556,,,
81110,0.0892628423869609,1.025,0.4083517491817474,,,
81120,0.0918698549270629,1.0171875,0.2884491086006165,,,
81130,0.0886174760758876,0.985546875,0.2542269825935364,,,
81140,0.0902391552925109,0.999609375,0.3859942853450775,,,
81150,0.0898769475519657,1.006640625,0.3541523218154907,,,
81160,0.0897435702383518,0.99609375,0.2278637588024139,,,
81170,0.0902595743536949,1.05,0.2509542107582092,,,
81180,0.0883651740849018,1.039453125,0.2779320776462555,,,
81190,0.0871545225381851,0.969921875,0.3659274280071259,,,
81200,0.0894842281937599,0.96796875,0.2273913025856018,,,
81210,0.0895494885742664,0.995703125,0.3868696689605713,,,
81220,0.0909198947250843,1.05546875,0.2610468566417694,,,
81230,0.0869283266365528,0.980859375,0.3555440008640289,,,
81240,0.0934937991201877,1.0234375,0.4273578226566315,,,
81250,0.0876569606363773,0.99921875,0.2804282009601593,,,
81260,0.0870528243482113,0.971484375,0.2605646848678589,,,
81270,0.0878906823694705,0.9734375,0.2653684020042419,,,
81280,0.0926390759646892,0.9765625,0.2693463563919067,,,
81290,0.0896658018231391,1.00078125,0.3342793583869934,,,
81300,0.0897505089640617,0.958984375,0.3021924793720245,,,
81310,0.0917602695524692,1.053125,0.3661215007305145,,,
81320,0.0909797303378582,0.976953125,0.3137187659740448,,,
81330,0.0903899110853672,1.0171875,0.3118713796138763,,,
81340,0.0919992439448833,1.01015625,0.2011211663484573,,,
81350,0.0841926679015159,0.95,0.2945305705070496,,,
81360,0.088436321914196,0.999609375,0.36543008685112,,,
81370,0.0897919207811355,1.0,0.5665028691291809,,,
81380,0.0909857124090194,1.035546875,0.3254132270812988,,,
81390,0.0885031446814537,0.999609375,0.3338556289672852,,,
81400,0.0898244157433509,1.01328125,0.2684789001941681,,,
81410,0.0882265113294124,0.977734375,0.2804012894630432,,,
81420,0.0886424377560615,1.032421875,0.2691834270954132,,,
81430,0.0885671861469745,0.976953125,0.3137482106685638,,,
81440,0.086779835820198,0.994921875,0.2159827798604965,,,
81450,0.0879280388355255,0.99765625,0.2902489304542542,,,
81460,0.0914616614580154,1.028125,0.2812376916408539,,,
81470,0.0904404819011688,0.979296875,0.262743353843689,,,
81480,0.0890819787979126,0.982421875,0.2810631394386292,,,
81490,0.0903100252151489,0.96796875,0.2681981325149536,,,
81500,0.0863327898085117,0.954296875,0.2754127979278564,,,
81510,0.0924063377082347,1.02734375,0.2959623634815216,,,
81520,0.0915006689727306,0.998046875,0.3706305027008057,,,
81530,0.0863627955317497,0.9765625,0.2427317947149277,,,
81540,0.0887313731014728,1.002734375,0.2621390819549561,,,
81550,0.0879018701612949,1.023046875,0.3670198917388916,,,
81560,0.089844612032175,1.026171875,0.2985988557338715,,,
81570,0.0911824405193328,1.021484375,0.3206405937671661,,,
81580,0.0945909656584262,0.998828125,0.2565408647060394,,,
81590,0.0898646168410778,0.969921875,0.2900904715061188,,,
81600,0.0916769072413444,1.069140625,0.3835091590881348,,,
81610,0.0894812703132629,0.9921875,0.4501805305480957,,,
81620,0.0891495279967784,1.00703125,0.2686403393745422,,,
81630,0.0885853216052055,1.01171875,0.2900570333003998,,,
81640,0.0892012491822242,0.9984375,0.2896477282047272,,,
81650,0.0893709644675254,0.991015625,0.3873666226863861,,,
81660,0.0866389006376266,1.005859375,0.3197663426399231,,,
81670,0.0851414658129215,1.01171875,0.3019140362739563,,,
81680,0.0885310553014278,1.012890625,0.2558073699474335,,,
81690,0.0903232604265213,1.02578125,0.562177300453186,,,
81700,0.0907045423984527,1.012109375,0.5526171922683716,,,
81710,0.0872226022183895,0.995703125,0.4365176558494568,,,
81720,0.0884485132992267,1.0125,0.3257263004779816,,,
81730,0.087511458992958,0.965625,0.4071373641490936,,,
81740,0.0916418246924877,1.01015625,0.2728724777698517,,,
81750,0.0902063630521297,1.030078125,0.2551455795764923,,,
81760,0.0856197126209735,0.99921875,0.3309012055397034,,,
81770,0.0902278259396553,1.034375,0.2255862355232239,,,
81780,0.0901710301637649,0.98359375,0.2569136619567871,,,
81790,0.0886599823832511,0.9921875,0.2824944257736206,,,
81800,0.0894479431211948,1.012109375,0.4276983737945557,,,
81810,0.0927007675170898,1.034765625,0.3468731641769409,,,
81820,0.0910725072026252,0.996875,0.3244892060756683,,,
81830,0.0894637569785118,0.956640625,0.4159148633480072,,,
81840,0.0862058073282241,1.049609375,0.2981359958648682,,,
81850,0.088956844061613,0.976171875,0.2656550109386444,,,
81860,0.0897573210299015,1.03046875,0.3096523284912109,,,
81870,0.0922202855348587,0.980078125,0.2818292379379272,,,
81880,0.0883314326405525,0.95390625,0.2850401997566223,,,
81890,0.0898348711431026,0.96484375,0.340846061706543,,,
81900,0.0914660885930061,1.01171875,0.2831797301769257,,,
81910,0.0872376777231693,1.01796875,0.1993299573659897,,,
81920,0.084558829665184,0.996875,0.1737012565135956,,,
81930,0.0878332138061523,1.008984375,0.3912789225578308,,,
81940,0.0922914125025272,0.984765625,0.3110961616039276,,,
81950,0.0886175952851772,0.99140625,0.2529852986335754,,,
81960,0.09124720916152,1.020703125,0.3388674855232239,,,
81970,0.0910291746258735,1.016796875,0.3207618594169617,,,
81980,0.0910196870565414,0.98828125,0.2727530598640442,,,
81990,0.0858701594173908,0.93984375,0.2227127254009247,,,
82000,0.0839240469038486,1.00625,0.1696542799472809,0.6607844233512878,0.4466689619947483,0.5721456467338503
82010,0.0865985013544559,1.019921875,0.2347997575998306,,,
82020,0.0911585107445716,1.001171875,0.4481024146080017,,,
82030,0.0912643708288669,1.013671875,0.1715533435344696,,,
82040,0.0875229723751545,0.995703125,0.3432279527187347,,,
82050,0.088296739757061,0.9890625,0.3656351566314697,,,
82060,0.090589602291584,1.005859375,0.2756124138832092,,,
82070,0.0859014652669429,0.990234375,0.3120617568492889,,,
82080,0.0900121062994003,1.0203125,0.3465140461921692,,,
82090,0.0872018076479435,1.01953125,0.2589331865310669,,,
82100,0.0921256117522716,0.9984375,0.2945741415023804,,,
82110,0.0879750557243824,0.99765625,0.206755056977272,,,
82120,0.0918943539261818,1.028125,0.2271582037210464,,,
82130,0.0893396012485027,0.99921875,0.4473192691802979,,,
82140,0.0925470970571041,1.045703125,0.3503609895706177,,,
82150,0.0903633452951908,0.9734375,0.3698913156986237,,,
82160,0.0918561197817325,1.00625,0.3009390830993652,,,
82170,0.0908849850296974,1.015234375,0.3901163041591644,,,
82180,0.0921578608453273,1.02421875,0.3162231743335724,,,
82190,0.0877847805619239,0.973046875,0.3098679184913635,,,
82200,0.0873739093542099,0.993359375,0.256009966135025,,,
82210,0.0915441386401653,1.021484375,0.38864466547966,,,
82220,0.0901077337563037,1.014453125,0.2892386317253113,,,
82230,0.0877335682511329,0.969140625,0.2990176975727081,,,
82240,0.0867193780839443,0.996484375,0.3036243319511414,,,
82250,0.0871425382792949,0.994140625,0.4461256265640259,,,
82260,0.0836906135082244,0.97734375,0.2209057509899139,,,
82270,0.0885770037770271,1.01328125,0.2621263861656189,,,
82280,0.0884018249809742,1.012890625,0.6504828333854675,,,
82290,0.0891763195395469,1.034765625,0.2644420564174652,,,
82300,0.0870798744261264,0.987109375,0.2735139429569244,,,
82310,0.0882226958870887,0.99375,0.4026651978492737,,,
82320,0.0901977330446243,1.0203125,0.3485563099384308,,,
82330,0.0963139966130256,0.992578125,0.2155173420906067,,,
82340,0.0903096549212932,1.016015625,0.2239067554473877,,,
82350,0.0913522660732269,0.9640625,0.3864372372627258,,,
82360,0.0849557362496852,1.011328125,0.4032424986362457,,,
82370,0.087190568447113,1.026953125,0.4876936376094818,,,
82380,0.0896118760108947,0.9734375,0.2877375185489655,,,
82390,0.0892951115965843,1.038671875,0.2885999381542206,,,
82400,0.0915270507335662,1.019140625,0.4066703319549561,,,
82410,0.0903020776808261,1.0171875,0.2079996466636658,,,
82420,0.0857102014124393,0.990234375,0.2633600533008575,,,
82430,0.0866540230810642,1.0453125,0.2584043741226196,,,
82440,0.0890723712742328,0.98046875,0.2513797581195831,,,
82450,0.0913357235491275,1.032421875,0.4809583723545074,,,
82460,0.0916389405727386,1.014453125,0.3733908236026764,,,
82470,0.0874165050685405,0.960546875,0.2549920678138733,,,
82480,0.0851269200444221,1.009765625,0.2507619559764862,,,
82490,0.0877451658248901,1.034765625,0.288212388753891,,,
82500,0.0883858434855937,0.951171875,0.2504673600196838,,,
82510,0.0903946749866008,0.996484375,0.4963564574718475,,,
82520,0.0886088036000728,1.008984375,0.2769975662231445,,,
82530,0.0905094929039478,1.026953125,0.3508541285991669,,,
82540,0.0909954391419887,1.03125,0.1946243196725845,,,
82550,0.0888293229043483,0.99921875,0.2856827676296234,,,
82560,0.0906186774373054,0.992578125,0.2459632605314255,,,
82570,0.0904975570738315,0.993359375,0.358521044254303,,,
82580,0.0846207223832607,1.00234375,0.2209905087947845,,,
82590,0.0897180460393428,0.981640625,0.4085676074028015,,,
82600,0.0887195169925689,1.01015625,0.2552300095558167,,,
82610,0.0888678811490535,0.991015625,0.3121360540390015,,,
82620,0.0900180004537105,1.005078125,0.4016538858413696,,,
82630,0.0885849237442016,1.00625,0.2766565680503845,,,
82640,0.089249625056982,1.027734375,0.2678244709968567,,,
82650,0.08717597797513,0.99296875,0.2845213711261749,,,
82660,0.091369193047285,0.999609375,0.2262699007987976,,,
82670,0.0934238001704216,1.028515625,0.3815830051898956,,,
82680,0.0907605744898319,0.9984375,0.2405824065208435,,,
82690,0.090641488879919,0.99921875,0.2716813087463379,,,
82700,0.0857251837849617,0.9640625,0.2610079348087311,,,
82710,0.087210314720869,1.00859375,0.2472948133945465,,,
82720,0.091349758952856,1.0078125,0.2084180414676666,,,
82730,0.0916381083428859,0.94921875,0.1922504305839539,,,
82740,0.0870145678520202,0.97578125,0.3240473568439484,,,
82750,0.0906398050487041,1.005078125,0.2707929611206055,,,
82760,0.0883882246911525,0.996875,0.3305550813674927,,,
82770,0.0884084112942218,0.957421875,0.2353579849004745,,,
82780,0.0897033467888832,0.99375,0.2464302033185959,,,
82790,0.0867102220654487,1.00625,0.3300972878932953,,,
82800,0.0887609206140041,1.049609375,0.2752110660076141,,,
82810,0.0927406467497348,1.033203125,0.4219985604286194,,,
82820,0.0916083618998527,1.025,0.2353313118219376,,,
82830,0.088982193917036,0.962109375,0.2632323801517487,,,
82840,0.0885837458074092,1.005859375,0.2518562078475952,,,
82850,0.0912676498293876,0.992578125,0.2474484145641327,,,
82860,0.0885449804365634,1.028125,0.3189744055271149,,,
82870,0.0908833160996437,0.97890625,0.3558541536331177,,,
82880,0.0915197767317295,1.018359375,0.1975793391466141,,,
82890,0.0904719732701778,0.993359375,0.3160856068134308,,,
82900,0.0924994677305221,0.974609375,0.3577477931976318,,,
82910,0.0887671619653701,1.028125,0.3172739148139954,,,
82920,0.0908097393810749,0.9625,0.4005797803401947,,,
82930,0.0883623674511909,1.034375,0.2187552154064178,,,
82940,0.0888477303087711,0.973046875,0.2825608849525452,,,
82950,0.0913548231124878,1.032421875,0.2504478096961975,,,
82960,0.0871811516582965,0.99375,0.3419825434684753,,,
82970,0.0923180945217609,1.05625,0.3242184221744537,,,
82980,0.0878141894936561,0.980859375,0.4400912523269653,,,
82990,0.0893201850354671,0.983203125,0.4149231910705566,,,
83000,0.0873769901692867,0.9734375,0.436143696308136,0.6643350720405579,0.4446585540084712,0.5701529541770095
83010,0.0852128908038139,0.97265625,0.4509703814983368,,,
83020,0.0865284733474254,1.00546875,0.3312857747077942,,,
83030,0.0876408278942108,1.040625,0.4919731914997101,,,
83040,0.0898800536990165,1.0203125,0.3528130054473877,,,
83050,0.0896774068474769,1.011328125,0.2202442139387131,,,
83060,0.0894164450466632,1.00625,0.2231835424900055,,,
83070,0.0884959764778614,0.99609375,0.4080830216407776,,,
83080,0.0915658138692379,1.0140625,0.2193289995193481,,,
83090,0.0900624766945838,0.976171875,0.3092004358768463,,,
83100,0.0872000560164451,1.034375,0.3324361741542816,,,
83110,0.087802018225193,1.02578125,0.2344090938568115,,,
83120,0.0892503462731838,0.959375,0.3055330514907837,,,
83130,0.0898673065006732,0.991796875,0.305144727230072,,,
83140,0.0901421651244163,0.9828125,0.3120555579662323,,,
83150,0.0857819065451622,1.02578125,0.2592167258262634,,,
83160,0.0928351387381553,1.00078125,0.1928502917289734,,,
83170,0.0894240736961364,0.9828125,0.4037308394908905,,,
83180,0.0887796849012374,1.019921875,0.2791778147220612,,,
83190,0.0922093451023101,0.994921875,0.2342944890260696,,,
83200,0.0900805085897445,0.976953125,0.3432764708995819,,,
83210,0.0887415207922458,0.990234375,0.4188262522220612,,,
83220,0.0882440380752086,1.0359375,0.3391828238964081,,,
83230,0.0885419704020023,0.99296875,0.188300833106041,,,
83240,0.0877167075872421,1.014453125,0.3113181889057159,,,
83250,0.0906102359294891,1.005078125,0.2565438747406006,,,
83260,0.0894867099821567,0.99609375,0.4153087735176086,,,
83270,0.0850883774459362,1.015234375,0.2761156260967255,,,
83280,0.0905067004263401,1.0125,0.313867449760437,,,
83290,0.0879215396940708,0.9875,0.3093453347682953,,,
83300,0.0887273356318473,0.999609375,0.3646273612976074,,,
83310,0.086213281750679,0.93125,0.3478914499282837,,,
83320,0.0869329877197742,1.037109375,0.2724067270755768,,,
83330,0.0863866448402404,0.93828125,0.2315134108066559,,,
83340,0.0866639718413353,1.010546875,0.2016840577125549,,,
83350,0.0904472537338733,1.04140625,0.2433572113513947,,,
83360,0.0898089535534381,1.025,0.2377021014690399,,,
83370,0.087884847074747,1.02578125,0.2454369068145752,,,
83380,0.089922583848238,1.01328125,0.4376598596572876,,,
83390,0.0883404128253459,0.9953125,0.2143497467041016,,,
83400,0.0875041216611862,0.991015625,0.2326789945363998,,,
83410,0.090037851780653,0.946484375,0.2172998189926147,,,
83420,0.0899790555238723,1.013671875,0.2637419998645782,,,
83430,0.0870920412242412,1.002734375,0.2530080080032349,,,
83440,0.0880268283188343,1.05234375,0.2696883678436279,,,
83450,0.0899002991616726,0.985546875,0.2800349295139313,,,
83460,0.086542010307312,1.058984375,0.3190531730651855,,,
83470,0.0918076090514659,0.995703125,0.277762234210968,,,
83480,0.0929191634058952,0.994921875,0.2989813387393951,,,
83490,0.0878296732902526,1.0546875,0.5170745849609375,,,
83500,0.086622891575098,1.005078125,0.4511690735816956,,,
83510,0.0875801786780357,0.976953125,0.2899360656738281,,,
83520,0.0860547259449958,0.98984375,0.4994490146636963,,,
83530,0.0911170288920402,1.006640625,0.362980842590332,,,
83540,0.0885920010507106,0.985546875,0.2048765122890472,,,
83550,0.0914169110357761,1.036328125,0.3192180991172791,,,
83560,0.0880050919950008,1.025,0.2423070818185806,,,
83570,0.0921207800507545,1.001953125,0.1946856677532196,,,
83580,0.0920964054763317,1.0109375,0.2877739667892456,,,
83590,0.0903995141386985,1.037890625,0.2634779810905457,,,
83600,0.0873793102800846,0.978125,0.3807067275047302,,,
83610,0.0911923423409462,0.996484375,0.3369080722332001,,,
83620,0.0894428193569183,0.998828125,0.2892920672893524,,,
83630,0.0868107073009014,0.96484375,0.187178447842598,,,
83640,0.0925996743142604,1.016796875,0.3325876891613007,,,
83650,0.0887975499033928,0.975,0.2485133558511734,,,
83660,0.0906622573733329,1.0265625,0.3996611535549164,,,
83670,0.084501826763153,0.9828125,0.3063454926013947,,,
83680,0.0887616708874702,0.991015625,0.2574945688247681,,,
83690,0.0880524449050426,1.026171875,0.4761151969432831,,,
83700,0.0880464345216751,1.0125,0.2060655057430267,,,
83710,0.0869710803031921,0.966015625,0.2341275364160538,,,
83720,0.0888380877673626,1.023046875,0.2243159413337708,,,
83730,0.086974261701107,0.975390625,0.246090903878212,,,
83740,0.0874513581395149,0.96640625,0.2555852830410004,,,
83750,0.088185129314661,0.98828125,0.4254923462867737,,,
83760,0.0905911102890968,0.998828125,0.4873873591423035,,,
83770,0.0919196791946888,0.96640625,0.2941069006919861,,,
83780,0.0853354156017303,0.991796875,0.3351459503173828,,,
83790,0.0884662516415119,1.02421875,0.2464805841445923,,,
83800,0.0886076852679252,0.978515625,0.2693904042243958,,,
83810,0.0885857455432415,0.965234375,0.2820115387439728,,,
83820,0.0868360958993434,1.04453125,0.3918537497520447,,,
83830,0.0883587226271629,0.993359375,0.3038458228111267,,,
83840,0.0876594223082065,0.991015625,0.3934368491172791,,,
83850,0.0908482193946838,1.0671875,0.3173626959323883,,,
83860,0.0888220809400081,0.996484375,0.368082582950592,,,
83870,0.0897291719913482,1.001953125,0.2784803211688995,,,
83880,0.0880430862307548,1.005859375,0.2408517301082611,,,
83890,0.0887752726674079,0.985546875,0.2688286304473877,,,
83900,0.0909558668732643,1.021484375,0.2630473971366882,,,
83910,0.0866480857133865,1.005078125,0.179370254278183,,,
83920,0.0917231678962707,1.002734375,0.3946255743503571,,,
83930,0.0899331226944923,1.010546875,0.3053701519966125,,,
83940,0.0903400011360645,0.98359375,0.3021148145198822,,,
83950,0.0891464821994304,1.02109375,0.2497969567775726,,,
83960,0.0872566826641559,0.983984375,0.3728708922863007,,,
83970,0.0924644067883491,0.98515625,0.4801954030990601,,,
83980,0.0910683438181877,0.976171875,0.2583431601524353,,,
83990,0.0904576510190963,1.011328125,0.2475312650203705,,,
84000,0.0828538477420806,0.96328125,0.3036428391933441,0.6628128886222839,0.4454379064251502,0.5795580700426666
84010,0.0896260164678096,1.017578125,0.3744288384914398,,,
84020,0.0918154299259185,1.0234375,0.7539772987365723,,,
84030,0.0877812877297401,0.964453125,0.4308060705661774,,,
84040,0.0860689081251621,1.020703125,0.3234323263168335,,,
84050,0.0881250627338886,1.028125,0.3524850308895111,,,
84060,0.0869887478649616,1.034375,0.3164517879486084,,,
84070,0.0923251956701278,1.012890625,0.4736986756324768,,,
84080,0.0909886918962001,0.993359375,0.3057782649993896,,,
84090,0.0874232359230518,0.996484375,0.2771465480327606,,,
84100,0.0907735459506511,1.01015625,0.5000246167182922,,,
84110,0.0907355822622776,0.9828125,0.2503886222839355,,,
84120,0.0860306315124034,0.9828125,0.5594103932380676,,,
84130,0.0882237523794174,1.00078125,0.3287233710289001,,,
84140,0.086861252784729,1.017578125,0.3845345377922058,,,
84150,0.0863728448748588,1.0,0.2744041681289673,,,
84160,0.0857804588973522,0.986328125,0.3801758587360382,,,
84170,0.0857185587286949,0.961328125,0.208633691072464,,,
84180,0.0884545281529426,1.01015625,0.3146071434020996,,,
84190,0.08885153606534,1.000390625,0.289842426776886,,,
84200,0.092533940076828,1.041015625,0.2455266714096069,,,
84210,0.0908229850232601,1.0171875,0.678922176361084,,,
84220,0.0891258113086223,0.955078125,0.3257369995117188,,,
84230,0.0884389191865921,0.99296875,0.4259006679058075,,,
84240,0.084527388960123,0.96328125,0.4037611186504364,,,
84250,0.0903028860688209,1.003125,0.3170463740825653,,,
84260,0.0883205227553844,0.990234375,0.3833536207675934,,,
84270,0.0912224173545837,1.026953125,0.2226155996322632,,,
84280,0.0905427545309066,1.076171875,0.3479695916175842,,,
84290,0.0911438561975956,1.01875,0.3964648246765137,,,
84300,0.0865078151226043,0.963671875,0.2419164627790451,,,
84310,0.0864309206604957,0.970703125,0.2786539196968079,,,
84320,0.0855935722589492,1.02578125,0.3780871629714966,,,
84330,0.0915321566164493,0.97421875,0.2728733122348785,,,
84340,0.0875884197652339,1.016015625,0.2839381396770477,,,
84350,0.0884131960570812,0.985546875,0.2387763559818268,,,
84360,0.0885968655347824,0.998828125,0.4624004364013672,,,
84370,0.0905674189329147,1.000390625,0.6334320306777954,,,
84380,0.0850026927888393,0.944921875,0.2859305143356323,,,
84390,0.0849400758743286,1.01875,0.2231810539960861,,,
84400,0.0916174888610839,1.0234375,0.3980710208415985,,,
84410,0.08973373696208,0.965234375,0.2142733484506607,,,
84420,0.0917729876935482,0.98125,0.2348614484071732,,,
84430,0.087894669920206,1.02578125,0.3224043250083923,,,
84440,0.0908253252506256,1.018359375,0.3051992654800415,,,
84450,0.09101083278656,0.9953125,0.3248048424720764,,,
84460,0.0906564325094223,1.026953125,0.3125507235527039,,,
84470,0.0897367380559444,1.001171875,0.2561081051826477,,,
84480,0.090431959182024,1.030078125,0.242219552397728,,,
84490,0.0877230070531368,0.954296875,0.3928208947181702,,,
84500,0.0902176655828952,0.992578125,0.2254789173603058,,,
84510,0.0856521859765052,1.005859375,0.2418398559093475,,,
84520,0.0847106255590915,0.968359375,0.2672171592712402,,,
84530,0.0891417734324932,1.001171875,0.2885281145572662,,,
84540,0.0888922177255153,0.9953125,0.4398586750030518,,,
84550,0.0857944257557392,1.029296875,0.2643758654594421,,,
84560,0.0865165419876575,0.994921875,0.3089456856250763,,,
84570,0.0922353863716125,1.03125,0.3224679827690125,,,
84580,0.0909880340099334,0.959765625,0.2367907613515854,,,
84590,0.0890373796224594,1.02109375,0.2482527643442154,,,
84600,0.0885254144668579,0.97578125,0.3323602974414825,,,
84610,0.0859530754387378,0.958203125,0.3155465722084045,,,
84620,0.0892540663480758,0.95234375,0.3495011329650879,,,
84630,0.0892562501132488,1.028125,0.3677662014961243,,,
84640,0.0915264293551445,0.99375,0.2587572336196899,,,
84650,0.0892022140324115,1.026953125,0.4250931143760681,,,
84660,0.0900126799941063,1.030078125,0.3388463854789734,,,
84670,0.0886934779584407,0.97890625,0.3032421767711639,,,
84680,0.0875533014535903,1.0234375,0.2527135908603668,,,
84690,0.0910640574991703,0.97265625,0.3148624002933502,,,
84700,0.0900304540991783,0.968359375,0.3673673570156097,,,
84710,0.0866443015635013,0.97109375,0.4741738140583038,,,
84720,0.0904734805226326,1.00625,0.4535411298274994,,,
84730,0.0868381135165691,1.012890625,0.4479106962680817,,,
84740,0.087006153166294,1.0046875,0.2440711110830307,,,
84750,0.0904142931103706,1.014453125,0.3682908117771149,,,
84760,0.090854450315237,1.0515625,0.318476676940918,,,
84770,0.0875188052654266,1.0078125,0.3526740670204163,,,
84780,0.0866044290363788,0.95078125,0.277405858039856,,,
84790,0.0892505958676338,1.03671875,0.3833456039428711,,,
84800,0.0894378490746021,0.991015625,0.2245743721723557,,,
84810,0.0852935165166854,1.001953125,0.270351767539978,,,
84820,0.0923042729496955,0.9890625,0.3184085786342621,,,
84830,0.0886470384895801,0.9578125,0.2723039984703064,,,
84840,0.091707357764244,1.0203125,0.3529558479785919,,,
84850,0.086877816170454,0.95703125,0.2369816601276398,,,
84860,0.089752147346735,1.0125,0.264068603515625,,,
84870,0.0859581813216209,0.998046875,0.2855483293533325,,,
84880,0.0911901116371154,1.0125,0.2041902095079422,,,
84890,0.0907605722546577,1.026171875,0.4356862902641296,,,
84900,0.0855833053588867,0.99921875,0.2761623859405518,,,
84910,0.0882406905293464,1.004296875,0.3719748556613922,,,
84920,0.0849102340638637,1.019140625,0.2549005150794983,,,
84930,0.0883406102657318,0.99609375,0.2577320635318756,,,
84940,0.0875991784036159,1.03515625,0.2760507464408875,,,
84950,0.0898851826786995,0.990234375,0.2635585367679596,,,
84960,0.0934862412512302,0.9625,0.3072613179683685,,,
84970,0.0847692064940929,0.94453125,0.5202236175537109,,,
84980,0.0852438546717166,1.0125,0.3209026455879211,,,
84990,0.0882054083049297,0.980078125,0.2948059737682343,,,
85000,0.0893362380564212,0.9875,0.3921322226524353,0.6623311638832092,0.4491192780550398,0.5717118105878244
85010,0.0886322565376758,0.9625,0.3387832939624786,,,
85020,0.0871611505746841,0.973828125,0.3017562329769135,,,
85030,0.0899918869137764,1.0109375,0.3175842761993408,,,
85040,0.0905129179358482,0.996484375,0.4487884938716888,,,
85050,0.0902786836028099,1.019921875,0.2327102571725845,,,
85060,0.0910859137773513,1.001171875,0.3939914107322693,,,
85070,0.0924008041620254,1.011328125,0.3859239220619202,,,
85080,0.0854938700795173,0.98984375,0.4490403234958649,,,
85090,0.087127860635519,1.00390625,0.3185289204120636,,,
85100,0.0868250079452991,1.006640625,0.437134861946106,,,
85110,0.0894165657460689,1.005859375,0.4747562408447266,,,
85120,0.0863721989095211,1.0,0.2868672311306,,,
85130,0.0909264378249645,1.01328125,0.24313023686409,,,
85140,0.088305876404047,1.005859375,0.2610946893692017,,,
85150,0.0914076797664165,1.01875,0.2731293737888336,,,
85160,0.0906466871500015,1.012109375,0.3129435479640961,,,
85170,0.0872654877603054,0.965625,0.5074349641799927,,,
85180,0.0901669606566429,1.0,0.208800882101059,,,
85190,0.0890375755727291,0.979296875,0.3649505078792572,,,
85200,0.088586089760065,1.005078125,0.3337673842906952,,,
85210,0.0859386309981346,1.051953125,0.4542360901832581,,,
85220,0.0912154033780097,1.008984375,0.2486108243465424,,,
85230,0.0853509709239006,0.9953125,0.2198769599199295,,,
85240,0.0870573066174984,0.976953125,0.3180797398090363,,,
85250,0.0867423899471759,1.00234375,0.2476715445518494,,,
85260,0.0878243148326873,1.0046875,0.3826864063739777,,,
85270,0.0890482254326343,0.983203125,0.5167315006256104,,,
85280,0.0893726930022239,1.019140625,0.3693473041057587,,,
85290,0.0880872204899787,0.9765625,0.2890923023223877,,,
85300,0.0901153646409511,0.9859375,0.2670601308345795,,,
85310,0.0869882032275199,0.99375,0.1971174627542496,,,
85320,0.0892367854714393,0.993359375,0.3812201619148254,,,
85330,0.0918057054281234,1.011328125,0.2817198932170868,,,
85340,0.088623184710741,0.96640625,0.4667268395423889,,,
85350,0.0873551003634929,0.9890625,0.3031745553016663,,,
85360,0.091127036511898,1.01875,0.2662260234355927,,,
85370,0.0852819554507732,0.93671875,0.2056364864110947,,,
85380,0.0837250888347625,1.005859375,0.4055837392807007,,,
85390,0.0836220398545265,0.99453125,0.2164702713489532,,,
85400,0.086619172245264,0.987109375,0.2760750353336334,,,
85410,0.0905900433659553,1.04296875,0.253887265920639,,,
85420,0.0901717901229858,0.955078125,0.319817453622818,,,
85430,0.0860166803002357,0.98359375,0.5236800312995911,,,
85440,0.0861200176179409,1.00234375,0.3063198626041412,,,
85450,0.0891793176531791,0.983203125,0.2590965926647186,,,
85460,0.0882149741053581,0.975,0.4671247005462646,,,
85470,0.0894613645970821,0.992578125,0.4283082783222198,,,
85480,0.0888303235173225,0.984375,0.2971970438957214,,,
85490,0.0914394572377204,1.005859375,0.2396696358919144,,,
85500,0.0885412834584713,1.0453125,0.2634296417236328,,,
85510,0.0871979586780071,1.021484375,0.3058774769306183,,,
85520,0.0886352412402629,1.032421875,0.3760431706905365,,,
85530,0.0884502984583377,0.990234375,0.3508664965629578,,,
85540,0.0868474334478378,1.057421875,0.3864900171756744,,,
85550,0.0902689479291439,1.01875,0.2369215339422226,,,
85560,0.0874214313924312,0.976953125,0.3515379130840302,,,
85570,0.0859924919903278,0.98515625,0.3924705684185028,,,
85580,0.0879212334752082,1.034375,0.397032618522644,,,
85590,0.0860372096300125,1.002734375,0.3811631500720978,,,
85600,0.0883233167231083,0.984765625,0.3301479816436768,,,
85610,0.086644772440195,0.964453125,0.2678136229515076,,,
85620,0.0889350235462188,0.976171875,0.3282634913921356,,,
85630,0.0905749455094337,1.0234375,0.4908939599990845,,,
85640,0.0877684488892555,1.026171875,0.5688077807426453,,,
85650,0.0904680803418159,1.041796875,0.2915632128715515,,,
85660,0.089533993601799,1.026171875,0.212879866361618,,,
85670,0.0890520632266998,1.028515625,0.3259479999542236,,,
85680,0.0858416460454463,1.01640625,0.2852179110050201,,,
85690,0.0886459179222583,1.02890625,0.4202847182750702,,,
85700,0.0927395582199096,0.996484375,0.2116970717906952,,,
85710,0.0934232734143734,0.97734375,0.1936060786247253,,,
85720,0.0875003740191459,0.987890625,0.2694762051105499,,,
85730,0.088731949031353,0.992578125,0.4364582896232605,,,
85740,0.0875026196241378,0.990625,0.2244365215301514,,,
85750,0.0901612475514412,0.9875,0.3275309503078461,,,
85760,0.0928495571017265,0.976953125,0.5344568490982056,,,
85770,0.0855842269957065,0.957421875,0.332385390996933,,,
85780,0.0896010510623455,1.0046875,0.4607329964637756,,,
85790,0.0851120360195636,0.994140625,0.2421224117279053,,,
85800,0.0881523482501506,0.97890625,0.495504230260849,,,
85810,0.085062388330698,0.976171875,0.3536849319934845,,,
85820,0.0862226009368896,0.999609375,0.3976007103919983,,,
85830,0.0859069019556045,1.002734375,0.2196892499923706,,,
85840,0.0862769305706024,1.008984375,0.2379957139492035,,,
85850,0.088281238079071,0.973046875,0.3402654826641083,,,
85860,0.0850329160690307,0.996875,0.4669350683689117,,,
85870,0.0910460174083709,1.00234375,0.2321359664201736,,,
85880,0.0878029435873031,1.00234375,0.2275731414556503,,,
85890,0.085788545012474,0.96796875,0.235356941819191,,,
85900,0.08853130787611,1.002734375,0.4131209254264832,,,
85910,0.0891609922051429,1.012890625,0.4387275576591492,,,
85920,0.0866303771734237,0.96640625,0.3151092529296875,,,
85930,0.0890485875308513,0.97421875,0.2787971198558807,,,
85940,0.086907859891653,0.986328125,0.1978449523448944,,,
85950,0.0888971805572509,1.0046875,0.3477228581905365,,,
85960,0.0881986521184444,0.998828125,0.2585012316703796,,,
85970,0.0909556224942207,1.016796875,0.4280538558959961,,,
85980,0.0900428086519241,0.978515625,0.3187296390533447,,,
85990,0.0879435263574123,1.01875,0.2785453498363495,,,
86000,0.0895334139466285,1.004296875,0.2561430633068085,0.6674962043762207,0.4621205783534749,0.5763774790056875
86010,0.0870625004172325,0.96875,0.3239621818065643,,,
86020,0.0867446079850196,0.99375,0.4289654493331909,,,
86030,0.0905035071074962,1.01640625,0.2136580049991608,,,
86040,0.0850806459784507,1.006640625,0.4414417147636414,,,
86050,0.091127685457468,1.0453125,0.3320457339286804,,,
86060,0.0841069042682647,1.020703125,0.3759618103504181,,,
86070,0.0923416815698146,1.03359375,0.2651963829994202,,,
86080,0.0868920229375362,0.9953125,0.2597262561321259,,,
86090,0.0870113484561443,0.995703125,0.3979901671409607,,,
86100,0.0880388781428337,1.00859375,0.2945265769958496,,,
86110,0.0894287668168544,1.00078125,0.4278329610824585,,,
86120,0.0913558430969715,0.96875,0.3827922940254211,,,
86130,0.0859524488449096,1.009375,0.2319721132516861,,,
86140,0.0869256094098091,1.01328125,0.2924010157585144,,,
86150,0.0877333842217922,0.988671875,0.3012595772743225,,,
86160,0.0867941431701183,0.973046875,0.2996758222579956,,,
86170,0.08920608907938,1.033984375,0.5596266388893127,,,
86180,0.0868310153484344,1.028515625,0.344799131155014,,,
86190,0.0928627572953701,1.00546875,0.4726332724094391,,,
86200,0.0882853768765926,1.012890625,0.3151385188102722,,,
86210,0.0885985814034938,0.9515625,0.3928954005241394,,,
86220,0.0882724992930889,0.990625,0.3244293928146362,,,
86230,0.0880203187465667,0.999609375,0.2308167517185211,,,
86240,0.0887232258915901,0.979296875,0.6124776601791382,,,
86250,0.0878405295312404,1.01640625,0.2878542840480804,,,
86260,0.0909945033490657,0.965625,0.2065305709838867,,,
86270,0.090775216370821,0.986328125,0.2874754965305328,,,
86280,0.0875236816704273,0.991796875,0.284384161233902,,,
86290,0.0869313396513462,0.977734375,0.224639892578125,,,
86300,0.0901584059000015,1.01171875,0.297419548034668,,,
86310,0.0878250814974308,0.979296875,0.4358430504798889,,,
86320,0.0865676932036876,1.003515625,0.2530427575111389,,,
86330,0.0867979496717453,0.993359375,0.2267224937677383,,,
86340,0.0859002895653247,1.037109375,0.3057351112365723,,,
86350,0.0912847869098186,1.003515625,0.2630441188812256,,,
86360,0.0893299087882042,0.966015625,0.2424739152193069,,,
86370,0.0884802244603633,0.998828125,0.2060047686100006,,,
86380,0.084300672262907,0.99765625,0.4175801575183868,,,
86390,0.087691556662321,0.98046875,0.27121901512146,,,
86400,0.0894233785569667,1.016796875,0.3599043488502502,,,
86410,0.0912270538508892,0.981640625,0.2512736022472382,,,
86420,0.0896725185215473,1.03359375,0.4945046901702881,,,
86430,0.0893461517989635,1.00078125,0.3172571659088135,,,
86440,0.0880565233528614,0.9609375,0.3414398729801178,,,
86450,0.0925288714468479,1.0046875,0.3080466687679291,,,
86460,0.0863731980323791,1.008984375,0.2541673481464386,,,
86470,0.0870780527591705,1.004296875,0.3467059135437012,,,
86480,0.0914020530879497,0.997265625,0.2455356270074844,,,
86490,0.0869711458683013,0.98515625,0.3727474808692932,,,
86500,0.0873631536960601,1.001171875,0.3004161417484283,,,
86510,0.0906574673950672,1.020703125,0.2786385416984558,,,
86520,0.0866526290774345,0.96171875,0.2087178528308868,,,
86530,0.0885860174894332,0.970703125,0.2498756349086761,,,
86540,0.0862950205802917,1.0015625,0.2677083313465118,,,
86550,0.0869085073471069,0.982421875,0.1852987706661224,,,
86560,0.0881767518818378,1.0234375,0.248577669262886,,,
86570,0.0879941813647747,1.025390625,0.3327846229076385,,,
86580,0.087168963253498,0.994140625,0.3699068129062653,,,
86590,0.0865379251539707,1.016015625,0.2194144427776337,,,
86600,0.0934133544564247,0.99921875,0.2333700954914093,,,
86610,0.0844389118254184,1.009375,0.3581478595733643,,,
86620,0.092482092231512,1.001171875,0.2745261490345001,,,
86630,0.0883655130863189,0.9796875,0.2915444374084473,,,
86640,0.0895739458501339,0.99921875,0.3012301921844482,,,
86650,0.0890990070998668,0.966796875,0.4036264419555664,,,
86660,0.0905145570635795,1.030859375,0.3552629947662354,,,
86670,0.0895942933857441,1.017578125,0.2402238696813583,,,
86680,0.0913236714899539,0.97890625,0.2986221313476562,,,
86690,0.0934134811162948,0.9609375,0.2465940862894058,,,
86700,0.0866592787206173,0.968359375,0.2415897101163864,,,
86710,0.0836427815258503,0.98046875,0.2643203735351562,,,
86720,0.0859797708690166,0.970703125,0.3480813205242157,,,
86730,0.0888379648327827,1.00390625,0.3155352175235748,,,
86740,0.0863175965845584,1.015625,0.2877187430858612,,,
86750,0.0913630090653896,0.9640625,0.3611083626747131,,,
86760,0.0893389828503131,1.007421875,0.1875692903995514,,,
86770,0.0865909598767757,0.973046875,0.5000368356704712,,,
86780,0.0898523457348346,0.986328125,0.3348669111728668,,,
86790,0.0884555518627166,0.95703125,0.2718591392040253,,,
86800,0.0884428188204765,1.01171875,0.3230165839195251,,,
86810,0.0906429633498191,1.006640625,0.2731764614582062,,,
86820,0.0868696965277195,1.00390625,0.3512062728404999,,,
86830,0.0876307673752307,1.004296875,0.4238859713077545,,,
86840,0.0893071450293064,0.99609375,0.2679588496685028,,,
86850,0.0889195002615451,0.95703125,0.2771343588829041,,,
86860,0.0891477711498737,0.99921875,0.3282108306884766,,,
86870,0.0846724927425384,0.9765625,0.1978985369205475,,,
86880,0.0862573944032192,0.972265625,0.2874074280261993,,,
86890,0.0904588818550109,1.014453125,0.2781681418418884,,,
86900,0.0874969705939292,0.9984375,0.3942815661430359,,,
86910,0.0898063525557518,0.99375,0.4073706865310669,,,
86920,0.0868833325803279,1.029296875,0.2388925850391388,,,
86930,0.0895970754325389,0.977734375,0.2504788637161255,,,
86940,0.0891482174396514,0.995703125,0.2787380218505859,,,
86950,0.0884767532348632,1.032421875,0.4042342603206635,,,
86960,0.0874168492853641,0.98203125,0.3178475201129913,,,
86970,0.0886586152017116,1.019140625,0.2223086357116699,,,
86980,0.0869737856090068,1.0,0.3906925916671753,,,
86990,0.0861634314060211,0.977734375,0.2609750032424927,,,
87000,0.0879550822079181,0.9828125,0.6029394268989563,0.6632207036018372,0.4450726830519599,0.5793753774529986
87010,0.0898223660886287,1.009375,0.3503915369510651,,,
87020,0.0871955700218677,1.013671875,0.2840814292430878,,,
87030,0.0922602720558643,1.02265625,0.3101672828197479,,,
87040,0.087583015859127,1.016796875,0.3260083496570587,,,
87050,0.0867716409265995,1.038671875,0.469097912311554,,,
87060,0.0906668953597545,1.023828125,0.2155646830797195,,,
87070,0.0912283159792423,1.04921875,0.2436211705207825,,,
87080,0.0876053877174854,0.996875,0.3296192288398743,,,
87090,0.0890464216470718,0.995703125,0.4777401387691498,,,
87100,0.088808062672615,1.015234375,0.3895647525787354,,,
87110,0.0911930195987224,1.016796875,0.3157419562339783,,,
87120,0.0893874384462833,0.994140625,0.3306494355201721,,,
87130,0.0867572508752346,0.990234375,0.3506563901901245,,,
87140,0.0893594928085804,1.02421875,0.4768562018871307,,,
87150,0.0933084778487682,1.028125,0.3483523428440094,,,
87160,0.0888499595224857,1.00859375,0.30384561419487,,,
87170,0.0853770039975643,1.01796875,0.5259307026863098,,,
87180,0.0894561991095543,0.98046875,0.3018252551555634,,,
87190,0.0906083106994628,1.008203125,0.319296807050705,,,
87200,0.0875122472643852,0.997265625,0.212482824921608,,,
87210,0.0909343168139457,1.022265625,0.3848975300788879,,,
87220,0.0924423046410083,0.98125,0.366425633430481,,,
87230,0.0868632793426513,0.948828125,0.3956016004085541,,,
87240,0.0865371912717819,0.9453125,0.2302739471197128,,,
87250,0.0900691986083984,0.984765625,0.2400628477334976,,,
87260,0.0890118308365345,0.98359375,0.2855449318885803,,,
87270,0.0863315656781196,1.008984375,0.2619812488555908,,,
87280,0.087698308378458,1.005078125,0.22999407351017,,,
87290,0.0887003906071186,0.994921875,0.3529258072376251,,,
87300,0.0915948741137981,0.99375,0.3331933617591858,,,
87310,0.0882724843919277,1.03828125,0.3897087872028351,,,
87320,0.0875901028513908,0.977734375,0.3598430752754211,,,
87330,0.090381084382534,0.984765625,0.3049251735210419,,,
87340,0.0889851614832878,1.023828125,0.2124049961566925,,,
87350,0.0894235901534557,0.98515625,0.3288744688034058,,,
87360,0.0822908580303192,1.006640625,0.1794244945049286,,,
87370,0.0877683341503143,0.980859375,0.3508402109146118,,,
87380,0.0906977966427803,0.997265625,0.5131154656410217,,,
87390,0.0912146277725696,0.989453125,0.2981619536876678,,,
87400,0.0863391689956188,0.98046875,0.4044801890850067,,,
87410,0.0881925649940967,0.995703125,0.2161943763494492,,,
87420,0.088046858459711,0.985546875,0.2999143004417419,,,
87430,0.0915306612849235,0.975,0.3132180273532867,,,
87440,0.0902773529291152,1.007421875,0.4684246480464935,,,
87450,0.0867186874151229,1.02578125,0.2653648257255554,,,
87460,0.089554738253355,1.026171875,0.2587944269180298,,,
87470,0.0885501228272915,0.97421875,0.3825199604034424,,,
87480,0.089322967082262,1.00703125,0.3305063545703888,,,
87490,0.0917774707078933,0.971875,0.2096924930810928,,,
87500,0.0869078822433948,0.96171875,0.3185109198093414,,,
87510,0.0898453265428543,0.953515625,0.2752862274646759,,,
87520,0.0868584223091602,1.015625,0.2865525782108307,,,
87530,0.0881584979593753,1.0,0.320195734500885,,,
87540,0.0874406434595584,1.0,0.3573010861873627,,,
87550,0.0925132676959037,1.0,0.4623835980892181,,,
87560,0.0875072494149208,0.9625,0.2940947711467743,,,
87570,0.0861320078372955,0.975390625,0.4460939466953278,,,
87580,0.0878603212535381,1.00859375,0.2618036568164825,,,
87590,0.0877313368022441,0.995703125,0.2810253500938416,,,
87600,0.0896000437438488,1.035546875,0.2538207173347473,,,
87610,0.0899978943169117,1.01328125,0.3954766094684601,,,
87620,0.0879081569612026,0.98203125,0.4372128844261169,,,
87630,0.0902141995728015,1.048828125,0.4551170170307159,,,
87640,0.0887638688087463,0.97578125,0.3480996787548065,,,
87650,0.086243636906147,0.93984375,0.2604467570781708,,,
87660,0.0880663424730301,0.93984375,0.223758265376091,,,
87670,0.0881292730569839,1.011328125,0.2404798716306686,,,
87680,0.0838118150830268,0.978515625,0.2951215207576752,,,
87690,0.0890811964869499,1.01171875,0.2888990342617035,,,
87700,0.090268800407648,0.962109375,0.2360723167657852,,,
87710,0.0890513241291046,1.023046875,0.3187038600444794,,,
87720,0.091032525897026,1.02890625,0.3454165160655975,,,
87730,0.0901802077889442,0.989453125,0.3156998455524445,,,
87740,0.0864425241947174,0.970703125,0.253300279378891,,,
87750,0.0848203659057617,1.0234375,0.2483711689710617,,,
87760,0.087057439237833,1.00390625,0.5841427445411682,,,
87770,0.0862300351262092,0.9828125,0.2187445461750031,,,
87780,0.0860242404043674,0.96484375,0.2689778506755829,,,
87790,0.0849001415073871,0.994140625,0.4069451689720154,,,
87800,0.0865723013877868,0.981640625,0.284997433423996,,,
87810,0.0861957624554634,0.9875,0.2878285646438599,,,
87820,0.0860451065003871,0.9765625,0.2536152899265289,,,
87830,0.0843860924243927,1.008984375,0.4043071866035461,,,
87840,0.0883388265967369,0.983203125,0.3636617660522461,,,
87850,0.0842773541808128,0.960546875,0.3742474317550659,,,
87860,0.088521621376276,1.02578125,0.4176983833312988,,,
87870,0.0867576368153095,0.96953125,0.3042420744895935,,,
87880,0.0898743040859699,0.965234375,0.437377542257309,,,
87890,0.0884666331112384,1.056640625,0.244340792298317,,,
87900,0.0862230606377124,0.959375,0.3172820210456848,,,
87910,0.0859895274043083,1.012890625,0.3469650745391846,,,
87920,0.0864987313747406,0.977734375,0.2597018182277679,,,
87930,0.0876460552215576,0.98984375,0.3535535931587219,,,
87940,0.0913689292967319,0.975390625,0.5901772379875183,,,
87950,0.0890122033655643,0.95,0.3645935952663422,,,
87960,0.0874647662043571,1.008203125,0.2451294809579849,,,
87970,0.0895944006741047,0.98359375,0.2582763135433197,,,
87980,0.0869578413665294,0.9625,0.2174699753522873,,,
87990,0.0890915386378765,1.0,0.4313320815563202,,,
88000,0.0931164175271987,0.974609375,0.4002554416656494,0.6646929979324341,0.4368972444117736,0.579187400141661
88010,0.0895596787333488,1.02578125,0.3977920413017273,,,
88020,0.0867234222590923,0.958203125,0.2221924960613251,,,
88030,0.0886548072099685,0.97578125,0.3239481747150421,,,
88040,0.0881554245948791,1.0078125,0.3219591379165649,,,
88050,0.0924919009208679,1.0640625,0.2223368436098099,,,
88060,0.0899171814322471,1.009375,0.4743549823760986,,,
88070,0.089749738574028,1.03828125,0.2806704342365265,,,
88080,0.0890572167932987,0.99609375,0.2291213274002075,,,
88090,0.0910647116601467,1.001953125,0.2514910399913788,,,
88100,0.0878376126289367,1.019140625,0.3286302089691162,,,
88110,0.0860750906169414,0.994921875,0.249237596988678,,,
88120,0.090109633654356,0.976953125,0.2685273289680481,,,
88130,0.0878912821412086,0.973046875,0.4690716862678528,,,
88140,0.0882609404623508,0.998828125,0.2774857580661774,,,
88150,0.0846548929810524,0.969921875,0.2502430975437164,,,
88160,0.0871585339307785,1.073046875,0.3492527604103088,,,
88170,0.0899529807269573,1.022265625,0.3091569840908051,,,
88180,0.0891634993255138,0.997265625,0.2635333240032196,,,
88190,0.0855476893484592,0.98984375,0.2667346596717834,,,
88200,0.087001097202301,1.013671875,0.3399225473403931,,,
88210,0.0881545968353748,1.01484375,0.3033790588378906,,,
88220,0.0913676545023918,1.022265625,0.3586195707321167,,,
88230,0.0876714684069156,0.990234375,0.259287029504776,,,
88240,0.0921282432973384,1.026171875,0.3092056810855865,,,
88250,0.0895034924149513,1.0015625,0.4737243950366974,,,
88260,0.0865775935351848,0.98984375,0.2659408152103424,,,
88270,0.0907030560076236,1.0203125,0.1987357288599014,,,
88280,0.0894966892898082,0.97578125,0.4160243272781372,,,
88290,0.0899050302803516,0.987890625,0.3556965887546539,,,
88300,0.0857996225357055,0.9578125,0.326542854309082,,,
88310,0.0850477136671543,0.97109375,0.2947798371315002,,,
88320,0.0921781010925769,0.9921875,0.2804186642169952,,,
88330,0.0889004491269588,0.92890625,0.3603479862213135,,,
88340,0.086225052922964,0.991015625,0.3024273812770844,,,
88350,0.0891309879720211,0.96015625,0.3886542916297913,,,
88360,0.0897242806851863,1.03984375,0.2933184802532196,,,
88370,0.0901954725384712,0.958984375,0.3202392756938934,,,
88380,0.0870127089321613,1.02734375,0.3101703822612762,,,
88390,0.0875483758747577,1.02578125,0.2240874916315079,,,
88400,0.0875162184238433,0.97265625,0.2599159777164459,,,
88410,0.0848967865109443,0.971875,0.2698405385017395,,,
88420,0.0920155569911003,0.991796875,0.2123154401779175,,,
88430,0.0873784847557544,0.996484375,0.3037984371185303,,,
88440,0.0897770315408706,0.983203125,0.3087431192398071,,,
88450,0.0861206866800785,1.00625,0.3752963840961456,,,
88460,0.0890869356691837,1.003515625,0.3033324480056763,,,
88470,0.0897623941302299,1.031640625,0.526857316493988,,,
88480,0.0872384302318096,0.96640625,0.5060767531394958,,,
88490,0.0884523034095764,1.056640625,0.4910645186901093,,,
88500,0.0860752642154693,0.971484375,0.3671671152114868,,,
88510,0.089783688634634,1.00078125,0.3231259882450104,,,
88520,0.0851201653480529,0.9765625,0.2525971531867981,,,
88530,0.0920006431639194,0.9734375,0.2289542555809021,,,
88540,0.0915637381374836,1.03125,0.3475057184696198,,,
88550,0.0888710722327232,1.01875,0.2904632687568665,,,
88560,0.0933917090296745,1.02109375,0.2727246880531311,,,
88570,0.093383177369833,0.981640625,0.3364290595054626,,,
88580,0.0900294132530689,0.948828125,0.2933884263038635,,,
88590,0.0871042050421238,0.97890625,0.231895312666893,,,
88600,0.0902059905230999,1.031640625,0.3178985714912415,,,
88610,0.0891535133123397,1.0015625,0.3032537996768951,,,
88620,0.0872015170753002,0.97578125,0.3577567338943481,,,
88630,0.0911542393267154,0.999609375,0.4090754687786102,,,
88640,0.0884315840899944,0.974609375,0.2412154078483582,,,
88650,0.0849933221936225,0.94375,0.2284482568502426,,,
88660,0.0879623457789421,1.028125,0.2441846579313278,,,
88670,0.0874641962349414,0.945703125,0.2665725648403168,,,
88680,0.0862010359764099,0.991796875,0.3165031373500824,,,
88690,0.0886684536933899,0.975390625,0.2748521864414215,,,
88700,0.08717892318964,1.009375,0.4905277192592621,,,
88710,0.0871840521693229,0.97421875,0.2187228202819824,,,
88720,0.0840251967310905,0.989453125,0.2506416440010071,,,
88730,0.0896848648786544,0.949609375,0.2692237794399261,,,
88740,0.0914508268237113,1.000390625,0.3442192673683167,,,
88750,0.085102704912424,0.96796875,0.2879433631896973,,,
88760,0.0886944703757763,1.022265625,0.3293288350105286,,,
88770,0.0909943029284477,1.044921875,0.361554741859436,,,
88780,0.0879839368164539,1.012890625,0.4465223550796509,,,
88790,0.08693388402462,1.013671875,0.3149514496326447,,,
88800,0.091193138808012,1.010546875,0.2822598814964294,,,
88810,0.0869919016957283,0.969921875,0.2833741903305054,,,
88820,0.0900844007730484,1.01328125,0.3981480002403259,,,
88830,0.0869905740022659,0.959765625,0.2310173362493515,,,
88840,0.0913217321038246,0.98125,0.3368377387523651,,,
88850,0.0903210148215293,1.015234375,0.2674429714679718,,,
88860,0.0883854642510414,0.965234375,0.2979555428028107,,,
88870,0.0845427259802818,0.978125,0.3283770978450775,,,
88880,0.0877669297158718,0.999609375,0.3216480612754822,,,
88890,0.0846106939017772,0.987109375,0.3608522415161133,,,
88900,0.0847069159150123,1.008203125,0.4173082709312439,,,
88910,0.0867699921131134,0.975390625,0.3012179136276245,,,
88920,0.0876947194337844,0.97109375,0.2115073055028915,,,
88930,0.0860402218997478,1.0484375,0.2712109386920929,,,
88940,0.0882119759917259,0.999609375,0.3726159930229187,,,
88950,0.0916072443127632,1.0203125,0.3809402287006378,,,
88960,0.0891544818878173,0.997265625,0.2654159665107727,,,
88970,0.0876872256398201,0.979296875,0.5325224995613098,,,
88980,0.0875208519399166,1.019921875,0.3418219387531281,,,
88990,0.0902673557400703,1.009765625,0.2747314870357513,,,
89000,0.0855831854045391,0.995703125,0.3430978059768677,0.6637837290763855,0.4409642404341395,0.575836930367406
89010,0.0841101504862308,1.01796875,0.2851309478282928,,,
89020,0.0893350526690483,0.98671875,0.2998305261135101,,,
89030,0.088837794214487,0.99453125,0.2787429392337799,,,
89040,0.0883143909275531,0.991796875,0.2372578084468842,,,
89050,0.0881477318704128,0.98515625,0.1899442374706268,,,
89060,0.0901260890066623,1.005859375,0.2610787153244019,,,
89070,0.0885178543627262,1.015625,0.2450334578752518,,,
89080,0.0865525610744953,0.9875,0.3114933371543884,,,
89090,0.0903652109205722,1.009765625,0.2694137990474701,,,
89100,0.089454760402441,1.0046875,0.2609109580516815,,,
89110,0.0903435848653316,0.99765625,0.2892199754714966,,,
89120,0.0823686599731445,0.978515625,0.5059998035430908,,,
89130,0.0919087655842304,0.96953125,0.2250394076108932,,,
89140,0.087098392099142,0.969140625,0.2725564241409302,,,
89150,0.0868793524801731,0.98203125,0.2934697866439819,,,
89160,0.0879878342151641,1.01640625,0.2640832364559174,,,
89170,0.08796356767416,0.9765625,0.2563114762306213,,,
89180,0.0871629700064659,0.96875,0.3723070025444031,,,
89190,0.0865387544035911,0.975390625,0.4413550198078156,,,
89200,0.0868829146027565,1.01484375,0.2799651920795441,,,
89210,0.0876314833760261,0.975390625,0.2302325963973999,,,
89220,0.0840621270239353,0.9640625,0.4281721413135529,,,
89230,0.0856268614530563,0.985546875,0.2699909508228302,,,
89240,0.0893280707299709,1.027734375,0.3607999980449677,,,
89250,0.0909799888730049,1.0140625,0.2982819378376007,,,
89260,0.0872623704373836,0.976953125,0.373826652765274,,,
89270,0.0908431820571422,1.01875,0.2389548718929291,,,
89280,0.0871611982583999,0.950390625,0.3274868130683899,,,
89290,0.0882175803184509,0.969921875,0.3887381553649902,,,
89300,0.0883516080677509,0.988671875,0.2557458877563477,,,
89310,0.0880218736827373,0.98671875,0.2521865367889404,,,
89320,0.0847355768084526,1.009765625,0.2960549890995026,,,
89330,0.0875717550516128,0.98359375,0.2606617212295532,,,
89340,0.0863418996334075,1.03671875,0.2861889004707336,,,
89350,0.0870143823325634,0.995703125,0.4283846318721771,,,
89360,0.0889619745314121,1.01796875,0.305473655462265,,,
89370,0.0888501144945621,0.9875,0.3386251628398895,,,
89380,0.0875990778207778,1.002734375,0.2568373382091522,,,
89390,0.0865580670535564,0.98046875,0.1884651184082031,,,
89400,0.0887010939419269,1.015234375,0.2910459339618683,,,
89410,0.0921336553990841,1.001171875,0.3899886608123779,,,
89420,0.0868553943932056,0.95234375,0.3347312808036804,,,
89430,0.0895449429750442,1.055859375,0.4123237729072571,,,
89440,0.0864126436412334,0.984375,0.4230641722679138,,,
89450,0.0863601475954055,0.9609375,0.3203619122505188,,,
89460,0.0907189823687076,0.973828125,0.2562814056873322,,,
89470,0.0875791445374488,0.99765625,0.2967618107795715,,,
89480,0.0911791242659092,0.99296875,0.3871550858020782,,,
89490,0.088386508077383,1.014453125,0.3443078994750977,,,
89500,0.087080331146717,1.031640625,0.4992600679397583,,,
89510,0.0852578982710838,0.980859375,0.4771867692470551,,,
89520,0.0857560649514198,0.986328125,0.4542762339115143,,,
89530,0.0831369422376155,0.934375,0.2198081612586975,,,
89540,0.0867594897747039,1.02734375,0.2494934797286987,,,
89550,0.0883588217198848,0.98359375,0.5706726908683777,,,
89560,0.0900619253516197,1.005078125,0.222070723772049,,,
89570,0.0892369076609611,0.991015625,0.2588949203491211,,,
89580,0.0867984004318714,1.040625,0.3291787207126617,,,
89590,0.0887418083846569,1.02421875,0.2038469910621643,,,
89600,0.0874325931072235,1.017578125,0.2382658869028091,,,
89610,0.0844671621918678,0.9609375,0.4027257859706879,,,
89620,0.0860233843326568,0.9671875,0.2247343808412552,,,
89630,0.0877369292080402,1.001171875,0.2406646758317947,,,
89640,0.0878580830991268,1.028125,0.3260075151920319,,,
89650,0.0876233279705047,0.9875,0.3429296612739563,,,
89660,0.086668886989355,0.9625,0.3125863075256348,,,
89670,0.0909267157316207,1.00390625,0.2592222690582275,,,
89680,0.08770582228899,0.9984375,0.3440247178077698,,,
89690,0.0890442267060279,1.020703125,0.3375038504600525,,,
89700,0.0849398493766784,1.0125,0.2646233737468719,,,
89710,0.0890577472746372,1.04765625,0.2364529967308044,,,
89720,0.089419962465763,1.00625,0.3995421230792999,,,
89730,0.0877776838839054,1.005078125,0.255377858877182,,,
89740,0.0854981020092964,0.967578125,0.2111151218414307,,,
89750,0.0870301440358161,1.0296875,0.3581060171127319,,,
89760,0.0900259017944336,0.966015625,0.4702174067497253,,,
89770,0.0932749353349208,1.01640625,0.2672443687915802,,,
89780,0.0889552742242813,1.001953125,0.2590121924877167,,,
89790,0.0891202203929424,0.948828125,0.2128410637378693,,,
89800,0.0848959319293499,0.996875,0.318271815776825,,,
89810,0.0854868918657302,0.97578125,0.2632655501365662,,,
89820,0.0901599414646625,1.0125,0.2459631264209747,,,
89830,0.0888545490801334,0.9546875,0.2949686050415039,,,
89840,0.0856000483036041,1.00859375,0.2105196267366409,,,
89850,0.0872992344200611,0.99921875,0.3716462850570679,,,
89860,0.0878648392856121,1.014453125,0.288150817155838,,,
89870,0.090753373503685,0.9859375,0.3672124147415161,,,
89880,0.0889247678220272,0.96875,0.2005182802677155,,,
89890,0.0904695928096771,1.01875,0.3017734587192535,,,
89900,0.0924154281616211,1.049609375,0.2627257406711578,,,
89910,0.0848649680614471,1.006640625,0.2966660261154175,,,
89920,0.0912814386188984,0.9828125,0.369037538766861,,,
89930,0.0891646161675453,1.004296875,0.2754991948604584,,,
89940,0.0817772828042507,1.003515625,0.3669552505016327,,,
89950,0.0867118015885353,0.9734375,0.2698417007923126,,,
89960,0.0851805135607719,0.978515625,0.4803237617015839,,,
89970,0.0868448235094547,1.00546875,0.2370514720678329,,,
89980,0.0852422893047332,0.980078125,0.373747855424881,,,
89990,0.0904663287103176,1.008984375,0.2422240525484085,,,
90000,0.0885531827807426,0.990625,0.2691684365272522,0.6636617183685303,0.4393483499446827,0.5722200494700526
90010,0.0858931384980678,0.975390625,0.3930158615112305,,,
90020,0.0851443991065025,1.05703125,0.287485271692276,,,
90030,0.0878316096961498,0.987890625,0.2132949531078339,,,
90040,0.0866880342364311,0.96796875,0.2804036736488342,,,
90050,0.0892693243920803,1.03671875,0.3491162061691284,,,
90060,0.0903924949467182,0.975390625,0.3370743095874786,,,
90070,0.0877526745200157,1.032421875,0.2202818840742111,,,
90080,0.0877277843654155,0.9796875,0.399804562330246,,,
90090,0.0871370881795883,0.992578125,0.2931821048259735,,,
90100,0.0858756735920906,1.01953125,0.2572382688522339,,,
90110,0.0898116990923881,1.004296875,0.2496107965707779,,,
90120,0.0889418564736843,0.999609375,0.2358209788799286,,,
90130,0.0884422160685062,1.01328125,0.3524893522262573,,,
90140,0.085891169309616,0.955078125,0.241475909948349,,,
90150,0.0901975110173225,0.980078125,0.3030394017696381,,,
90160,0.0889313012361526,0.976171875,0.345016747713089,,,
90170,0.0856489337980747,0.932421875,0.4315421879291534,,,
90180,0.0901618480682373,0.996875,0.3674863576889038,,,
90190,0.0906490057706832,1.011328125,0.2635855376720428,,,
90200,0.0866005904972553,1.001953125,0.3642493784427643,,,
90210,0.0874971620738506,1.0,0.3113304078578949,,,
90220,0.089774514734745,0.984765625,0.3052634298801422,,,
90230,0.0883784085512161,0.97265625,0.2781515717506409,,,
90240,0.0873400948941707,0.969140625,0.3033400774002075,,,
90250,0.0868901938199997,0.9828125,0.2942504286766052,,,
90260,0.0895662784576416,0.99765625,0.3214860260486603,,,
90270,0.090384205430746,1.034765625,0.309741884469986,,,
90280,0.086763147264719,1.00078125,0.3233615756034851,,,
90290,0.0913496665656566,1.011328125,0.2515797317028046,,,
90300,0.0884732484817504,0.9734375,0.3019543588161469,,,
90310,0.0912195421755313,0.978515625,0.2710004448890686,,,
90320,0.0854256704449653,0.977734375,0.2956401109695435,,,
90330,0.0853551097214222,0.977734375,0.3215061724185944,,,
90340,0.0874939881265163,0.99296875,0.3004156351089478,,,
90350,0.0891871273517608,1.0140625,0.2582582235336304,,,
90360,0.0871962271630764,0.96484375,0.3445124924182892,,,
90370,0.0890240147709846,0.976953125,0.4912089705467224,,,
90380,0.083460733294487,0.971875,0.2926881909370422,,,
90390,0.087596271932125,1.008984375,0.3310590088367462,,,
90400,0.0887333251535892,1.016015625,0.3133888244628906,,,
90410,0.0868855439126491,0.971484375,0.326425164937973,,,
90420,0.0882567033171653,0.937109375,0.4970981180667877,,,
90430,0.0838426813483238,1.0203125,0.2511419951915741,,,
90440,0.0890400856733322,0.96171875,0.3670746386051178,,,
90450,0.0872846506536006,1.024609375,0.2641017436981201,,,
90460,0.0922070734202861,0.98046875,0.304598331451416,,,
90470,0.0914740338921547,0.97890625,0.3797992467880249,,,
90480,0.0865393854677677,0.989453125,0.2479787468910217,,,
90490,0.0867508120834827,1.019921875,0.3360030055046082,,,
90500,0.0883774533867836,1.021484375,0.2207814157009125,,,
90510,0.0885104477405548,0.988671875,0.352273166179657,,,
90520,0.0878990441560745,0.984375,0.4335341155529022,,,
90530,0.0852019816637039,0.976953125,0.2848584055900574,,,
90540,0.0837757937610149,0.942578125,0.2921823859214783,,,
90550,0.0876846596598625,0.996875,0.2565937638282776,,,
90560,0.0862689241766929,0.9828125,0.4181697368621826,,,
90570,0.0869765780866146,1.010546875,0.3736342787742615,,,
90580,0.0848299741744995,0.9890625,0.2674546241760254,,,
90590,0.0877481326460838,0.970703125,0.3252339065074921,,,
90600,0.0909711427986621,0.978125,0.2689744234085083,,,
90610,0.0887144789099693,0.990234375,0.3418618142604828,,,
90620,0.0903537698090076,1.023046875,0.1720792353153229,,,
90630,0.0878592334687709,0.98515625,0.263803631067276,,,
90640,0.0870615266263485,0.982421875,0.3291469514369965,,,
90650,0.0872472763061523,1.00546875,0.1878172159194946,,,
90660,0.0875395037233829,0.975390625,0.2877911031246185,,,
90670,0.0895921312272548,1.008203125,0.3237267732620239,,,
90680,0.0858300104737281,1.007421875,0.5035133361816406,,,
90690,0.0895441889762878,0.977734375,0.384732723236084,,,
90700,0.0849566727876663,0.978125,0.214830070734024,,,
90710,0.0853160746395587,0.99765625,0.2405701875686646,,,
90720,0.0855947099626064,1.035546875,0.291615754365921,,,
90730,0.0846975624561309,0.981640625,0.2494903206825256,,,
90740,0.0871662482619285,0.9890625,0.3462475836277008,,,
90750,0.0881576649844646,1.016796875,0.2220714092254639,,,
90760,0.086294362694025,1.04453125,0.2906221151351929,,,
90770,0.0883806064724922,0.965625,0.3068671524524689,,,
90780,0.0864607788622379,0.9796875,0.3359363377094269,,,
90790,0.0875819869339466,0.995703125,0.2892981767654419,,,
90800,0.0878862746059894,0.9890625,0.2573217749595642,,,
90810,0.0904101133346557,0.986328125,0.2366757541894913,,,
90820,0.0898155033588409,1.01640625,0.2370875924825668,,,
90830,0.0854410104453563,0.977734375,0.2442532479763031,,,
90840,0.0855650141835212,1.01015625,0.2927126288414001,,,
90850,0.0889414779841899,1.020703125,0.3890959322452545,,,
90860,0.0870696164667606,0.983984375,0.546073317527771,,,
90870,0.0890492558479309,0.98984375,0.4203370213508606,,,
90880,0.0914187312126159,1.009765625,0.2349066883325577,,,
90890,0.0888404175639152,1.0,0.2281384319067001,,,
90900,0.0884886242449283,0.96953125,0.2390976548194885,,,
90910,0.0881026193499565,1.0125,0.3308355808258057,,,
90920,0.0890138104557991,0.965234375,0.3059517741203308,,,
90930,0.0885160133242607,1.01796875,0.2680729925632477,,,
90940,0.0843603879213333,1.005859375,0.385919600725174,,,
90950,0.0843874022364616,1.004296875,0.2756812274456024,,,
90960,0.0873386301100254,1.031640625,0.357835590839386,,,
90970,0.0861975118517875,1.008984375,0.2517313957214355,,,
90980,0.0849687457084655,0.948828125,0.2944477796554565,,,
90990,0.084839079529047,0.939453125,0.4595377147197723,,,
91000,0.0881948582828044,0.99765625,0.3564135432243347,0.6644280552864075,0.4478819254937198,0.572581871126633
91010,0.0886397115886211,0.9921875,0.4281273782253265,,,
91020,0.087650292366743,0.984375,0.4519138038158417,,,
91030,0.0861548818647861,0.99140625,0.3170496821403503,,,
91040,0.0876953177154064,0.981640625,0.3308773040771484,,,
91050,0.0895091198384761,1.013671875,0.4030418694019318,,,
91060,0.0908441931009292,1.00703125,0.259306937456131,,,
91070,0.0937846459448337,0.966015625,0.273051917552948,,,
91080,0.0897428058087825,0.971484375,0.3584893345832825,,,
91090,0.0886367835104465,0.9625,0.5315929651260376,,,
91100,0.0871767811477184,1.002734375,0.3465135097503662,,,
91110,0.0863048821687698,0.951953125,0.337965190410614,,,
91120,0.085498159378767,1.050390625,0.3753905594348907,,,
91130,0.0880283661186695,0.985546875,0.2006386965513229,,,
91140,0.0879665225744247,1.008203125,0.2304754704236984,,,
91150,0.0873755164444446,0.99140625,0.5038979649543762,,,
91160,0.0878725878894329,0.958984375,0.4473597705364227,,,
91170,0.0883947566151619,1.018359375,0.2178407460451126,,,
91180,0.0886090733110904,1.024609375,0.2939088046550751,,,
91190,0.0888085596263408,1.04296875,0.3981731832027435,,,
91200,0.0873140200972557,0.994140625,0.5671221017837524,,,
91210,0.0895604990422725,1.009765625,0.389560729265213,,,
91220,0.0885302178561687,0.9875,0.4363881647586823,,,
91230,0.0875996865332126,0.986328125,0.3206758499145508,,,
91240,0.0903173498809337,1.04609375,0.5027356147766113,,,
91250,0.0874289192259311,0.955078125,0.3614208996295929,,,
91260,0.088571248203516,1.00390625,0.2363381832838058,,,
91270,0.0869722463190555,0.9734375,0.2795918583869934,,,
91280,0.0878804497420787,1.02890625,0.3191627264022827,,,
91290,0.0884549252688884,0.98984375,0.2311117947101593,,,
91300,0.0892041265964508,0.97734375,0.3285029232501984,,,
91310,0.0865349344909191,0.971484375,0.331948310136795,,,
91320,0.0868654228746891,0.969140625,0.3282470703125,,,
91330,0.0867609053850173,0.99375,0.3079601228237152,,,
91340,0.085561728477478,1.011328125,0.3005763590335846,,,
91350,0.0891943491995334,0.99296875,0.2980678975582123,,,
91360,0.0883571542799472,1.0015625,0.2634648084640503,,,
91370,0.0871079094707965,0.98828125,0.240370512008667,,,
91380,0.0873104453086853,0.997265625,0.23790642619133,,,
91390,0.0860961936414241,0.9515625,0.2887520492076874,,,
91400,0.0846445217728614,0.98671875,0.4169526398181915,,,
91410,0.0891589656472206,1.023828125,0.2881470322608948,,,
91420,0.088303904235363,0.977734375,0.2479286789894104,,,
91430,0.0881447561085224,1.003515625,0.2812107503414154,,,
91440,0.0876817293465137,1.03984375,0.2983650863170624,,,
91450,0.0897218912839889,0.99140625,0.2359867691993713,,,
91460,0.0921076223254203,1.05,0.2740672826766968,,,
91470,0.0850128643214702,0.966796875,0.3623238801956177,,,
91480,0.0869645431637764,1.008984375,0.4316547811031342,,,
91490,0.0909065648913383,1.038671875,0.3273129463195801,,,
91500,0.0866265945136547,0.9484375,0.2223587930202484,,,
91510,0.0850382082164287,0.9734375,0.3332776725292206,,,
91520,0.0847062960267066,0.968359375,0.3100891709327698,,,
91530,0.0908246763050556,0.992578125,0.2813136279582977,,,
91540,0.0866524338722229,0.96328125,0.3122944533824921,,,
91550,0.0913769200444221,0.9921875,0.2487371563911438,,,
91560,0.0873601779341697,0.98359375,0.2937272489070892,,,
91570,0.0878533847630023,0.98359375,0.1988323926925659,,,
91580,0.0868751525878906,0.982421875,0.307415097951889,,,
91590,0.0890799075365066,1.00390625,0.3163658976554871,,,
91600,0.0890303798019886,0.9796875,0.3477095365524292,,,
91610,0.0910377994179725,1.025390625,0.4407406449317932,,,
91620,0.0880664326250553,1.00078125,0.1970095634460449,,,
91630,0.0882247872650623,0.97265625,0.2291553169488907,,,
91640,0.0858791902661323,1.026953125,0.3048530519008636,,,
91650,0.0891019761562347,1.012890625,0.4090369343757629,,,
91660,0.0885680451989174,0.97734375,0.3820875585079193,,,
91670,0.0869794316589832,1.009375,0.4880013465881348,,,
91680,0.0881133571267128,0.974609375,0.2943632006645203,,,
91690,0.0896177172660827,1.010546875,0.3283355534076691,,,
91700,0.0871701374650001,1.014453125,0.505428671836853,,,
91710,0.0896555297076702,0.960546875,0.2624219954013824,,,
91720,0.0900489255785942,0.990234375,0.3672751188278198,,,
91730,0.090492296218872,0.982421875,0.3855209946632385,,,
91740,0.090548601001501,0.982421875,0.2610174119472504,,,
91750,0.0880942597985267,0.98984375,0.330038994550705,,,
91760,0.0862902894616127,0.97890625,0.3018435537815094,,,
91770,0.0852593556046485,1.0046875,0.2463470697402954,,,
91780,0.0875724904239177,1.001171875,0.3349912464618683,,,
91790,0.0878495417535305,1.00078125,0.4257229864597321,,,
91800,0.0910058975219726,1.0359375,0.3276980817317963,,,
91810,0.0900384753942489,0.981640625,0.3472146391868591,,,
91820,0.0895579166710376,1.01953125,0.2438828498125076,,,
91830,0.0888691410422325,0.989453125,0.3190852105617523,,,
91840,0.0867892816662788,0.9765625,0.2533958256244659,,,
91850,0.0902502238750457,0.999609375,0.2687071561813354,,,
91860,0.089289116859436,0.992578125,0.3287203013896942,,,
91870,0.08742555975914,0.96015625,0.2959101498126984,,,
91880,0.0908485360443592,0.999609375,0.3976080417633057,,,
91890,0.0861196830868721,0.9859375,0.4179126918315887,,,
91900,0.0859507255256176,0.961328125,0.3910047113895416,,,
91910,0.0871440611779689,0.99375,0.4260556697845459,,,
91920,0.09087665528059,1.025,0.2702694833278656,,,
91930,0.0855124808847904,0.934765625,0.2135321795940399,,,
91940,0.0848277784883975,0.98515625,0.3269343674182892,,,
91950,0.0903937175869941,1.0015625,0.2546366751194,,,
91960,0.0901475302875041,0.986328125,0.3158222436904907,,,
91970,0.0877400048077106,0.981640625,0.3213988244533539,,,
91980,0.0875169306993484,0.996484375,0.2611851990222931,,,
91990,0.08898995667696,0.96796875,0.4699178338050842,,,
92000,0.0864564836025238,0.971484375,0.4628551602363586,0.6643200516700745,0.4328340723981223,0.5746614471656324
92010,0.0873091429471969,0.982421875,0.3317179083824158,,,
92020,0.0904077537357807,1.0125,0.3624314665794373,,,
92030,0.0880179867148399,0.975390625,0.31386798620224,,,
92040,0.0903733342885971,1.033984375,0.2718363106250763,,,
92050,0.0880472257733345,0.974609375,0.2540403604507446,,,
92060,0.0839446082711219,0.973046875,0.2279100716114044,,,
92070,0.0838390089571476,1.00390625,0.3481946587562561,,,
92080,0.0850996360182762,0.950390625,0.5318768620491028,,,
92090,0.0816576354205608,0.98671875,0.4906708896160126,,,
92100,0.0921743266284465,1.037109375,0.4462397992610931,,,
92110,0.0888888031244277,0.9390625,0.4274728298187256,,,
92120,0.089489459991455,1.027734375,0.5175179839134216,,,
92130,0.0889373160898685,1.013671875,0.30914506316185,,,
92140,0.0868892259895801,0.980078125,0.3168505132198334,,,
92150,0.0881364412605762,0.97890625,0.4342221915721893,,,
92160,0.0865527898073196,0.97109375,0.3924812972545624,,,
92170,0.0867142885923385,0.97890625,0.3663557767868042,,,
92180,0.086036429554224,1.026953125,0.2830520570278168,,,
92190,0.0883090786635875,0.991015625,0.3921159505844116,,,
92200,0.090711136907339,1.030078125,0.552687406539917,,,
92210,0.0890599712729454,0.96875,0.275269478559494,,,
92220,0.0871511712670326,0.98359375,0.3718003332614899,,,
92230,0.089590822905302,1.004296875,0.2309900671243668,,,
92240,0.0870808064937591,1.01484375,0.2801597714424133,,,
92250,0.0895534954965114,0.987109375,0.3164328634738922,,,
92260,0.0868570037186145,0.9671875,0.3290168642997742,,,
92270,0.0873984865844249,0.994921875,0.2536039352416992,,,
92280,0.0871870167553424,0.975390625,0.3890604674816132,,,
92290,0.0877454817295074,1.00234375,0.2704768478870392,,,
92300,0.0927669711410999,1.028515625,0.3089241087436676,,,
92310,0.0888331845402717,0.960546875,0.4226593375205994,,,
92320,0.0883946031332016,0.984765625,0.2544395625591278,,,
92330,0.0878446355462074,1.0078125,0.2673881351947784,,,
92340,0.0894834868609905,1.037109375,0.3682990968227386,,,
92350,0.0910310238599777,1.014453125,0.422807365655899,,,
92360,0.0878263607621192,0.952734375,0.3049942255020142,,,
92370,0.0845776043832302,1.01640625,0.4385935962200165,,,
92380,0.0879987016320228,0.984765625,0.2506390810012817,,,
92390,0.0873380854725837,0.972265625,0.3250937163829803,,,
92400,0.0886690869927406,0.980859375,0.4440345466136932,,,
92410,0.0861340314149856,1.011328125,0.4414615035057068,,,
92420,0.0898908920586109,1.0171875,0.4007132351398468,,,
92430,0.0879635721445083,0.9765625,0.3699403703212738,,,
92440,0.0894984439015388,1.00234375,0.3608887791633606,,,
92450,0.0860963732004165,0.96328125,0.2398445010185242,,,
92460,0.0882932558655738,1.041015625,0.3141031563282013,,,
92470,0.0879205808043479,0.969921875,0.3075079917907715,,,
92480,0.088224958628416,0.9625,0.2908275127410889,,,
92490,0.0856043942272663,1.0078125,0.2508184015750885,,,
92500,0.0908301137387752,1.03515625,0.5336905121803284,,,
92510,0.0892855174839496,1.006640625,0.2120135426521301,,,
92520,0.0876129709184169,1.002734375,0.2600014209747314,,,
92530,0.0877457529306411,0.962109375,0.3579582273960114,,,
92540,0.0888819150626659,1.016796875,0.2980634570121765,,,
92550,0.0894600473344326,0.9859375,0.2908012568950653,,,
92560,0.087372601032257,1.01015625,0.3725133240222931,,,
92570,0.0900855347514152,0.998828125,0.4234918057918549,,,
92580,0.0929142966866493,0.966796875,0.3745773732662201,,,
92590,0.0866983585059642,0.9765625,0.3316367566585541,,,
92600,0.0918214716017246,1.018359375,0.4593716561794281,,,
92610,0.0884943000972271,0.979296875,0.4243086576461792,,,
92620,0.0924586914479732,1.01171875,0.3253243267536163,,,
92630,0.0893980950117111,0.999609375,0.3854570984840393,,,
92640,0.088226693123579,0.993359375,0.3080616295337677,,,
92650,0.0839317478239536,1.010546875,0.4021782279014587,,,
92660,0.0856460258364677,1.01171875,0.2683587074279785,,,
92670,0.0911750227212905,1.024609375,0.4072012007236481,,,
92680,0.0894514419138431,0.993359375,0.4337451457977295,,,
92690,0.0877162061631679,0.978125,0.3485979437828064,,,
92700,0.0890982992947101,1.00234375,0.362270325422287,,,
92710,0.08938919454813,0.990234375,0.2470807135105133,,,
92720,0.0866788357496261,1.009375,0.4397198557853699,,,
92730,0.0873759768903255,0.96796875,0.2810849845409393,,,
92740,0.0873853005468845,0.972265625,0.2227370738983154,,,
92750,0.0846240110695362,0.9734375,0.2652485370635986,,,
92760,0.0879346594214439,0.987109375,0.2942138612270355,,,
92770,0.0878552347421646,0.979296875,0.2797493934631348,,,
92780,0.0821536421775817,0.935546875,0.5150874257087708,,,
92790,0.0876550756394863,1.03046875,0.2953873872756958,,,
92800,0.090476319938898,0.955859375,0.2357071936130524,,,
92810,0.0887588508427143,0.98515625,0.388327032327652,,,
92820,0.0881100587546825,0.975390625,0.2500808835029602,,,
92830,0.089647652208805,0.966796875,0.2948616445064545,,,
92840,0.0874798871576786,0.962109375,0.2979545891284943,,,
92850,0.0869040101766586,0.975,0.332508385181427,,,
92860,0.0864808790385723,1.0359375,0.2078971862792969,,,
92870,0.0842055678367614,0.989453125,0.3542605340480804,,,
92880,0.0888451769948005,1.012890625,0.2361901551485062,,,
92890,0.0892038524150848,1.023046875,0.2912687659263611,,,
92900,0.0862982995808124,0.998828125,0.2180608063936234,,,
92910,0.084700820595026,0.960546875,0.3704127967357635,,,
92920,0.0914483100175857,0.976171875,0.3461542427539825,,,
92930,0.086805210262537,1.02109375,0.4232514202594757,,,
92940,0.0856095388531685,0.921484375,0.2603417038917542,,,
92950,0.0865429386496543,1.00234375,0.4398297071456909,,,
92960,0.0866645634174347,1.004296875,0.4363637566566467,,,
92970,0.087041637301445,0.996875,0.2380309849977493,,,
92980,0.0878791220486164,0.973828125,0.2680269479751587,,,
92990,0.0930064141750335,1.015625,0.3264250755310059,,,
93000,0.0884543508291244,0.9625,0.250270277261734,0.6678903698921204,0.4491051972341346,0.5789215843550649
93010,0.0920525975525379,1.034765625,0.3243350088596344,,,
93020,0.0877130299806594,0.965625,0.3333881199359894,,,
93030,0.0907171666622161,0.99921875,0.298969566822052,,,
93040,0.0906638644635677,0.969140625,0.2954718768596649,,,
93050,0.0884508281946182,0.984375,0.4311928749084473,,,
93060,0.0899926416575908,1.023828125,0.2495396733283997,,,
93070,0.0850733429193496,0.998046875,0.322338193655014,,,
93080,0.0848777465522289,0.975390625,0.2329161465167999,,,
93090,0.0872487299144268,0.984765625,0.2505413591861725,,,
93100,0.0888344384729862,1.00546875,0.3378758430480957,,,
93110,0.0858970135450363,0.963671875,0.3751899003982544,,,
93120,0.0862750582396984,1.016796875,0.3192672431468964,,,
93130,0.0847130991518497,0.94765625,0.3220095038414001,,,
93140,0.0851234197616577,0.9640625,0.2530141770839691,,,
93150,0.0850484065711498,0.998828125,0.4026541709899902,,,
93160,0.0850812785327434,0.983984375,0.2554484307765961,,,
93170,0.0928710028529167,1.0203125,0.3395574986934662,,,
93180,0.0870423503220081,0.987109375,0.310585081577301,,,
93190,0.0869191423058509,0.98515625,0.3325166702270508,,,
93200,0.0879781454801559,1.00390625,0.3115328252315521,,,
93210,0.0864602193236351,0.98828125,0.2230511605739594,,,
93220,0.084366038441658,0.970703125,0.1791795343160629,,,
93230,0.089685346186161,0.987109375,0.2956982553005219,,,
93240,0.0890945434570312,0.99296875,0.4792257249355316,,,
93250,0.0874787658452987,1.01484375,0.3032086491584778,,,
93260,0.0896533161401748,1.024609375,0.2633486986160278,,,
93270,0.085158398002386,0.95234375,0.3072069585323334,,,
93280,0.0875521086156368,1.019921875,0.2382958084344864,,,
93290,0.0880574144423008,1.050390625,0.2441892027854919,,,
93300,0.0872975595295429,1.016796875,0.2951968312263489,,,
93310,0.0859334528446197,0.998828125,0.2878204584121704,,,
93320,0.0881954163312912,0.9828125,0.3703691065311432,,,
93330,0.0902225874364376,1.0375,0.2421006411314011,,,
93340,0.0862240388989448,1.00234375,0.3484034836292267,,,
93350,0.0845514930784702,0.973046875,0.3160527944564819,,,
93360,0.0855069763958454,0.998046875,0.2686790823936462,,,
93370,0.0824093110859394,0.977734375,0.4061393141746521,,,
93380,0.0906963847577571,1.007421875,0.427098423242569,,,
93390,0.0838757060468196,0.960546875,0.2627786993980408,,,
93400,0.0887318231165409,0.998828125,0.2615212202072144,,,
93410,0.0909458957612514,1.003125,0.3729433715343475,,,
93420,0.0869516991078853,1.005078125,0.3531018793582916,,,
93430,0.0865825168788433,0.988671875,0.287809282541275,,,
93440,0.0859767705202102,1.011328125,0.2941834628582001,,,
93450,0.0925056912004947,1.006640625,0.3591034412384033,,,
93460,0.0873389728367328,0.993359375,0.2963912785053253,,,
93470,0.0903848074376583,1.0015625,0.4617779850959778,,,
93480,0.0859476685523986,1.0375,0.2913602888584137,,,
93490,0.0886035218834877,1.019921875,0.2723373472690582,,,
93500,0.0890822380781173,0.9890625,0.3924858570098877,,,
93510,0.0858380734920501,0.981640625,0.2823825776576996,,,
93520,0.0845482744276523,0.972265625,0.3727764785289764,,,
93530,0.0891551293432712,0.989453125,0.3826035261154175,,,
93540,0.0858605355024337,1.01171875,0.2976661622524261,,,
93550,0.0843644417822361,0.979296875,0.3305591940879822,,,
93560,0.0875931225717067,0.9984375,0.3336948454380035,,,
93570,0.0897264145314693,1.013671875,0.2538582384586334,,,
93580,0.0877931855618953,0.96484375,0.2862110435962677,,,
93590,0.0860287837684154,0.994921875,0.2709705829620361,,,
93600,0.0867596015334129,0.9703125,0.2505294680595398,,,
93610,0.0863794475793838,1.0046875,0.2529734671115875,,,
93620,0.0862623982131481,1.01484375,0.2158089578151703,,,
93630,0.0899885483086109,0.9984375,0.2594383955001831,,,
93640,0.088286929577589,1.01015625,0.2604896426200867,,,
93650,0.0874247610569,0.962109375,0.2054686397314072,,,
93660,0.0870134480297565,0.97734375,0.4203205704689026,,,
93670,0.0854008480906486,0.955078125,0.3766967952251434,,,
93680,0.0839522041380405,0.988671875,0.4551145136356354,,,
93690,0.0850607477128505,0.990625,0.3731601536273956,,,
93700,0.0868896447122097,0.959375,0.2425605058670044,,,
93710,0.0893200546503067,0.971484375,0.2593218088150024,,,
93720,0.0864134423434734,0.98515625,0.2749733030796051,,,
93730,0.0866883680224418,1.00546875,0.2662659883499146,,,
93740,0.0858755469322204,0.985546875,0.5058718919754028,,,
93750,0.0827873237431049,1.023046875,0.2107129096984863,,,
93760,0.0895894736051559,0.987109375,0.252175897359848,,,
93770,0.0848843157291412,0.998828125,0.3709602057933807,,,
93780,0.0902402527630329,1.0125,0.2812804281711578,,,
93790,0.087237549573183,0.969140625,0.3476122319698334,,,
93800,0.0868621967732906,1.007421875,0.2200179845094681,,,
93810,0.0853861026465892,0.973828125,0.2252512723207474,,,
93820,0.0854963198304176,1.01328125,0.3497754633426666,,,
93830,0.0846999086439609,0.953515625,0.4800660312175751,,,
93840,0.088527650386095,0.983984375,0.3409059345722198,,,
93850,0.0874053806066513,0.971875,0.2851861715316772,,,
93860,0.0858381599187851,0.966015625,0.2942531704902649,,,
93870,0.0870337337255477,0.96953125,0.2791626751422882,,,
93880,0.0838685311377048,0.97109375,0.2359753400087357,,,
93890,0.0888109311461448,0.998828125,0.2195789963006973,,,
93900,0.0899092301726341,1.0640625,0.3073722720146179,,,
93910,0.0910190232098102,1.02734375,0.535509467124939,,,
93920,0.0874130867421627,0.972265625,0.6013326644897461,,,
93930,0.0856835454702377,0.987890625,0.3963721692562103,,,
93940,0.0906462542712688,0.9890625,0.2455787509679794,,,
93950,0.086380623281002,0.98984375,0.3692664802074432,,,
93960,0.0888796634972095,0.996875,0.3946509957313538,,,
93970,0.0848953314125537,0.97265625,0.2289857864379883,,,
93980,0.0896548748016357,1.0046875,0.2528155744075775,,,
93990,0.0857458375394344,0.991796875,0.5342972278594971,,,
94000,0.0893141567707061,1.0109375,0.5042123198509216,0.6663013100624084,0.4462544292814307,0.5784702379880721
94010,0.0921854101121425,1.000390625,0.2548946440219879,,,
94020,0.0876905776560306,0.974609375,0.2467623800039291,,,
94030,0.0862881533801555,0.951953125,0.3136971592903137,,,
94040,0.0869597680866718,0.99609375,0.3401340544223785,,,
94050,0.0856812380254268,0.97890625,0.4486316442489624,,,
94060,0.0869126185774803,1.023828125,0.1908396482467651,,,
94070,0.0857350289821624,0.965625,0.3570204675197601,,,
94080,0.0858369462192058,0.972265625,0.3800435066223145,,,
94090,0.0883009240031242,0.9828125,0.2602745592594147,,,
94100,0.0872024931013584,1.017578125,0.3538466989994049,,,
94110,0.0869606047868728,0.991015625,0.2740767002105713,,,
94120,0.0885497376322746,0.976171875,0.3378979563713074,,,
94130,0.090412113815546,1.033203125,0.2192381471395493,,,
94140,0.0895143240690231,0.928125,0.5752195119857788,,,
94150,0.0875128984451294,0.96171875,0.24213807284832,,,
94160,0.0842839457094669,0.9859375,0.3084559440612793,,,
94170,0.0882906578481197,0.97734375,0.3032730221748352,,,
94180,0.0883866876363754,1.012109375,0.3898988664150238,,,
94190,0.0868888832628727,1.006640625,0.4559366106987,,,
94200,0.0871905639767646,1.044921875,0.4455489218235016,,,
94210,0.0885350137948989,0.996875,0.2793382108211517,,,
94220,0.086544930934906,0.978125,0.3635252416133881,,,
94230,0.0897341132164001,1.012890625,0.3547029197216034,,,
94240,0.0881520025432109,1.0046875,0.2139825373888016,,,
94250,0.0874438904225826,0.9953125,0.3142706751823425,,,
94260,0.0938756860792636,0.9875,0.4403137564659119,,,
94270,0.0872289463877677,0.983984375,0.4093016088008881,,,
94280,0.0859698012471199,0.969140625,0.4112396538257599,,,
94290,0.0870537206530571,0.95703125,0.221707284450531,,,
94300,0.0895879007875919,0.989453125,0.4059786200523376,,,
94310,0.0849900983273983,0.997265625,0.3142640888690948,,,
94320,0.0851069487631321,1.002734375,0.2335041165351868,,,
94330,0.0890645369887352,0.996484375,0.3860005736351013,,,
94340,0.0897495545446872,0.933203125,0.3128807544708252,,,
94350,0.0878340572118759,1.044140625,0.3343007564544678,,,
94360,0.0896953776478767,1.028125,0.3927072584629059,,,
94370,0.0890943869948387,1.03046875,0.5051616430282593,,,
94380,0.0911931559443473,0.99921875,0.3746842443943024,,,
94390,0.084351585060358,0.9875,0.5752621293067932,,,
94400,0.0852237410843372,1.002734375,0.4008549451828003,,,
94410,0.0859123185276985,1.005859375,0.3512820899486542,,,
94420,0.0885428391396999,1.00546875,0.349330335855484,,,
94430,0.0877096742391586,0.98984375,0.3635532855987549,,,
94440,0.0886662431061267,0.9984375,0.3206263482570648,,,
94450,0.0872168965637683,1.015234375,0.4082491993904114,,,
94460,0.0859522722661495,1.005859375,0.2407057285308838,,,
94470,0.0856026686728,0.9859375,0.2934951484203339,,,
94480,0.0883258782327175,0.992578125,0.3028078675270081,,,
94490,0.0883912183344364,0.971484375,0.2439256608486176,,,
94500,0.0881293147802353,1.019140625,0.2330874353647232,,,
94510,0.087871117144823,0.97421875,0.5475493669509888,,,
94520,0.0873680517077446,0.97265625,0.2829605042934418,,,
94530,0.0873480349779129,0.98984375,0.3388359248638153,,,
94540,0.0847347155213356,1.009375,0.1907240301370621,,,
94550,0.0881594777107238,1.03203125,0.1994974911212921,,,
94560,0.0885945536196231,0.9875,0.4512451887130737,,,
94570,0.0866758733987808,0.978125,0.242164745926857,,,
94580,0.0869083225727081,0.968359375,0.3865198194980621,,,
94590,0.0845633514225483,0.980859375,0.304217666387558,,,
94600,0.0826033681631088,0.977734375,0.5247015357017517,,,
94610,0.086545392870903,0.96953125,0.2330824285745621,,,
94620,0.0887123070657253,0.9265625,0.3265295624732971,,,
94630,0.0840810008347034,0.9890625,0.250216543674469,,,
94640,0.0842722944915294,0.975,0.2166527658700943,,,
94650,0.0848916292190551,1.01484375,0.3802873492240906,,,
94660,0.085461863130331,0.971484375,0.2173125892877579,,,
94670,0.0907331511378288,1.045703125,0.3674673140048981,,,
94680,0.0881019040942192,0.96953125,0.3005236089229584,,,
94690,0.0858678124845027,0.9921875,0.2413046658039093,,,
94700,0.0892186611890792,0.975390625,0.4151129722595215,,,
94710,0.089032719284296,0.968359375,0.6654486060142517,,,
94720,0.0886491417884826,1.002734375,0.3044895827770233,,,
94730,0.0876283906400203,1.016796875,0.4085742831230164,,,
94740,0.0842679433524608,0.96640625,0.3197814524173737,,,
94750,0.0886187992990017,1.011328125,0.3460877537727356,,,
94760,0.091310803592205,0.988671875,0.3458008468151093,,,
94770,0.0868946753442287,0.9375,0.2963307201862335,,,
94780,0.0893671177327632,1.03359375,0.2092484682798386,,,
94790,0.0881490238010883,1.025390625,0.263382226228714,,,
94800,0.0915009967982769,0.9984375,0.2455254346132278,,,
94810,0.0834352068603038,1.00546875,0.3204145133495331,,,
94820,0.0886423543095588,1.01171875,0.3375521600246429,,,
94830,0.0895869426429271,0.961328125,0.3497695028781891,,,
94840,0.0869901925325393,1.02421875,0.2924483120441437,,,
94850,0.0879556514322757,0.974609375,0.3454490602016449,,,
94860,0.0877870231866836,1.006640625,0.4183261692523956,,,
94870,0.0840923741459846,0.978125,0.2165242582559586,,,
94880,0.0876250259578228,0.983984375,0.261479914188385,,,
94890,0.0843941681087017,0.985546875,0.3063088655471802,,,
94900,0.0857606589794159,0.9953125,0.3186847269535065,,,
94910,0.0841064929962158,0.980859375,0.2088414132595062,,,
94920,0.087035646289587,1.00625,0.5022464990615845,,,
94930,0.0871743224561214,0.986328125,0.2850717008113861,,,
94940,0.0862990751862526,0.9765625,0.2771560549736023,,,
94950,0.0879597522318363,1.000390625,0.3867582678794861,,,
94960,0.0893144585192203,1.002734375,0.3434928059577942,,,
94970,0.091420841962099,1.008203125,0.2841947376728058,,,
94980,0.0844488233327865,0.98359375,0.3497341871261597,,,
94990,0.0906221888959407,1.001171875,0.3384544849395752,,,
95000,0.088077076524496,1.008203125,0.2739255726337433,0.6647921204566956,0.4263395340207545,0.5770281123361678
95010,0.0908542662858963,1.04296875,0.3269020318984985,,,
95020,0.0927287526428699,0.980078125,0.2868799567222595,,,
95030,0.0894739605486392,0.9640625,0.2193326950073242,,,
95040,0.089336360245943,0.975,0.2279515415430069,,,
95050,0.0890701651573181,1.009375,0.3490673303604126,,,
95060,0.0850749343633651,0.99765625,0.2632143795490265,,,
95070,0.0875114232301712,1.034375,0.3693741858005524,,,
95080,0.0873347893357276,0.958203125,0.2286229431629181,,,
95090,0.088276932388544,1.016796875,0.3295262455940247,,,
95100,0.0875795923173427,1.0015625,0.252635270357132,,,
95110,0.0884281054139137,1.00703125,0.3332383334636688,,,
95120,0.0894219264388084,1.0265625,0.5400548577308655,,,
95130,0.0896353706717491,0.9984375,0.2825767993927002,,,
95140,0.0860232472419738,0.965625,0.7683145999908447,,,
95150,0.0881682880222797,1.01015625,0.344349592924118,,,
95160,0.0897293753921985,0.962890625,0.2882369458675385,,,
95170,0.0846290148794651,0.9546875,0.2517473995685577,,,
95180,0.0856599450111389,0.99375,0.2899363934993744,,,
95190,0.0867540344595909,0.95,0.2256062924861908,,,
95200,0.0881666272878646,1.005078125,0.3273018300533295,,,
95210,0.0846669346094131,1.02109375,0.4645258188247681,,,
95220,0.0898392930626869,0.980078125,0.2342869490385056,,,
95230,0.0933405578136444,1.016015625,0.2832441627979279,,,
95240,0.0890843234956264,1.0,0.2407988160848618,,,
95250,0.0858297951519489,1.015234375,0.3436869382858276,,,
95260,0.0891818836331367,0.97578125,0.3708151578903198,,,
95270,0.0854049667716026,0.951171875,0.6152799129486084,,,
95280,0.0896796755492687,0.996875,0.3915089964866638,,,
95290,0.0842473581433296,0.9953125,0.3510363698005676,,,
95300,0.0862180195748806,0.993359375,0.2167279720306396,,,
95310,0.0880608588457107,0.94140625,0.374162882566452,,,
95320,0.0872586533427238,0.986328125,0.2674115002155304,,,
95330,0.0839222371578216,1.002734375,0.4733947217464447,,,
95340,0.0881474420428276,1.014453125,0.2570221722126007,,,
95350,0.0867763899266719,0.98515625,0.4965620338916779,,,
95360,0.0894080251455307,0.95,0.3420039415359497,,,
95370,0.0857168480753898,0.972265625,0.2799142599105835,,,
95380,0.0883617110550403,1.01875,0.5523189902305603,,,
95390,0.0868440225720405,1.025,0.3990253210067749,,,
95400,0.0873642481863498,0.988671875,0.2048912793397903,,,
95410,0.0862063512206077,0.969140625,0.2492019832134247,,,
95420,0.0873070828616619,0.984765625,0.2348416596651077,,,
95430,0.0897884346544742,1.027734375,0.3219989240169525,,,
95440,0.0859532549977302,0.998046875,0.3410586714744568,,,
95450,0.0873203016817569,0.95,0.3811134994029999,,,
95460,0.0895288631319999,0.9796875,0.3914231359958649,,,
95470,0.092402146756649,1.034765625,0.3563715219497681,,,
95480,0.0897808909416198,0.977734375,0.4067445695400238,,,
95490,0.0867893986403942,0.99140625,0.2173259556293488,,,
95500,0.085907831788063,0.9671875,0.2160190492868423,,,
95510,0.0909830711781978,1.00859375,0.2574088573455811,,,
95520,0.087839263677597,1.011328125,0.2094716429710388,,,
95530,0.0866150647401809,0.972265625,0.475751131772995,,,
95540,0.0869439765810966,1.000390625,0.3780099451541901,,,
95550,0.0893538117408752,1.01484375,0.2245223075151443,,,
95560,0.0851493179798126,0.987890625,0.3103106319904327,,,
95570,0.0903206378221511,0.986328125,0.2491168528795242,,,
95580,0.0847426377236843,1.0078125,0.3000291287899017,,,
95590,0.0877571783959865,1.010546875,0.2812240123748779,,,
95600,0.0887242913246154,1.001953125,0.2591548264026642,,,
95610,0.0874502994120121,1.029296875,0.2501497566699982,,,
95620,0.0872461192309856,0.989453125,0.2702744603157043,,,
95630,0.0893468871712684,0.969921875,0.4152834415435791,,,
95640,0.0843790553510189,0.981640625,0.2955069243907928,,,
95650,0.0879360474646091,1.021875,0.6039904356002808,,,
95660,0.0890942268073558,0.94765625,0.4330137372016907,,,
95670,0.0860178664326667,0.990234375,0.3243823349475861,,,
95680,0.0869753330945968,1.00703125,0.2991499602794647,,,
95690,0.0838435754179954,0.9484375,0.3761317431926727,,,
95700,0.0895052656531334,0.95078125,0.429589182138443,,,
95710,0.0890570439398288,1.0171875,0.2835823595523834,,,
95720,0.08883011713624,1.0296875,0.3623325824737549,,,
95730,0.0857589930295944,1.038671875,0.3204155266284943,,,
95740,0.0864820770919323,0.9546875,0.3009097576141357,,,
95750,0.0889480754733085,0.98671875,0.4472433924674988,,,
95760,0.0849239811301231,0.9609375,0.2200803160667419,,,
95770,0.0877147018909454,0.948046875,0.3695429563522339,,,
95780,0.0886394396424293,1.04609375,0.4657213091850281,,,
95790,0.0881481900811195,0.971875,0.3374295830726624,,,
95800,0.0863927625119686,0.975,0.3014614284038544,,,
95810,0.0847288854420185,0.973828125,0.2333475351333618,,,
95820,0.0868992500007152,1.027734375,0.3274090588092804,,,
95830,0.0883304595947265,1.001953125,0.4484952092170715,,,
95840,0.0877387270331382,1.04140625,0.3821238875389099,,,
95850,0.0883419379591941,1.010546875,0.4410147964954376,,,
95860,0.0884996928274631,0.98828125,0.281622588634491,,,
95870,0.0915926717221737,1.019140625,0.4850209653377533,,,
95880,0.0862639889121055,0.9828125,0.407046377658844,,,
95890,0.0842955879867076,0.957421875,0.3118515312671661,,,
95900,0.0852127708494663,1.01328125,0.3094128370285034,,,
95910,0.0884324572980403,0.97890625,0.2873921096324921,,,
95920,0.0868396185338497,0.9890625,0.2788973450660706,,,
95930,0.0867238633334636,0.958203125,0.3746874332427979,,,
95940,0.0863538682460784,1.017578125,0.3387635350227356,,,
95950,0.08572493866086,1.0125,0.3302642107009888,,,
95960,0.089328333735466,1.001953125,0.2583759129047394,,,
95970,0.0866515398025512,0.9859375,0.3314368426799774,,,
95980,0.0888844117522239,0.975390625,0.2701187133789062,,,
95990,0.0851295657455921,0.98828125,0.2432315051555634,,,
96000,0.0890112645924091,1.012890625,0.3343423306941986,0.6664842963218689,0.4385188746049026,0.5788686126165383
96010,0.0896609812974929,1.026953125,0.3417233526706696,,,
96020,0.0884061627089977,0.980078125,0.3426283597946167,,,
96030,0.0881993517279624,0.978515625,0.3074759244918823,,,
96040,0.0869621701538562,0.971484375,0.3408637642860413,,,
96050,0.0889500841498374,1.01015625,0.2938125729560852,,,
96060,0.0893892996013164,1.023828125,0.3480746150016785,,,
96070,0.088894347846508,0.977734375,0.2661868333816528,,,
96080,0.0900654628872871,0.9625,0.5104016065597534,,,
96090,0.0862048588693142,0.972265625,0.2566188275814056,,,
96100,0.0849361807107925,0.98828125,0.452257364988327,,,
96110,0.086969868093729,1.000390625,0.2331477105617523,,,
96120,0.088261691480875,0.990234375,0.4533691704273224,,,
96130,0.0884518630802631,0.96328125,0.3429940342903137,,,
96140,0.0878395393490791,0.9640625,0.3020638227462769,,,
96150,0.0844965681433677,1.012109375,0.2807072997093201,,,
96160,0.0845505855977535,0.99609375,0.3405427634716034,,,
96170,0.0865711152553558,0.99375,0.353832870721817,,,
96180,0.0878038302063941,1.0125,0.2919861972332001,,,
96190,0.0837497055530548,0.9296875,0.2936550378799438,,,
96200,0.0874263271689415,1.035546875,0.3206086158752441,,,
96210,0.0913943782448768,1.02734375,0.2249797582626343,,,
96220,0.084844309091568,1.030859375,0.557300865650177,,,
96230,0.0855815961956977,0.989453125,0.2352980375289917,,,
96240,0.0862599693238735,0.9671875,0.292709082365036,,,
96250,0.0885121785104274,0.959375,0.2974720895290375,,,
96260,0.0875437691807747,0.95390625,0.4087092280387878,,,
96270,0.0853478208184242,1.033984375,0.3654638826847076,,,
96280,0.0877196595072746,0.98515625,0.3687252700328827,,,
96290,0.0884578868746757,0.976953125,0.2362668067216873,,,
96300,0.0874456867575645,1.001953125,0.3062562942504883,,,
96310,0.0886379614472389,1.025390625,0.2872825264930725,,,
96320,0.084774363040924,1.010546875,0.352611780166626,,,
96330,0.0817744545638561,1.0,0.4858207106590271,,,
96340,0.0847734272480011,0.98359375,0.2694428265094757,,,
96350,0.0893579818308353,0.961328125,0.3671498596668243,,,
96360,0.0885235592722892,1.030859375,0.2166122943162918,,,
96370,0.0827441334724426,1.005859375,0.2364718466997147,,,
96380,0.0877460576593875,0.99453125,0.3004977703094482,,,
96390,0.0893374383449554,0.9734375,0.3419233858585358,,,
96400,0.0896077074110508,0.973828125,0.3142958283424377,,,
96410,0.0876090370118618,0.9875,0.2766287922859192,,,
96420,0.0858584076166153,0.981640625,0.2595228552818298,,,
96430,0.0848134234547615,0.996484375,0.3236046135425568,,,
96440,0.088432003557682,0.969921875,0.2794559299945831,,,
96450,0.0846760183572769,0.96328125,0.2822715044021606,,,
96460,0.0891230076551437,0.973828125,0.3999870717525482,,,
96470,0.0877535946667194,1.02421875,0.2705893814563751,,,
96480,0.0886809207499027,1.027734375,0.3128983676433563,,,
96490,0.0851567313075065,0.901953125,0.2109439074993134,,,
96500,0.0868037387728691,1.01796875,0.2876995801925659,,,
96510,0.0917138464748859,1.009375,0.3205232918262482,,,
96520,0.0901993602514266,0.9953125,0.2538541853427887,,,
96530,0.0897780135273933,0.99765625,0.3960101306438446,,,
96540,0.0890924163162708,1.01953125,0.321123331785202,,,
96550,0.0883108653128147,0.9734375,0.2367133796215057,,,
96560,0.0878703080117702,1.0453125,0.2405101507902145,,,
96570,0.0899474270641803,0.964453125,0.3226530253887177,,,
96580,0.0928755842149257,1.026953125,0.2425063848495483,,,
96590,0.0893183961510658,1.007421875,0.2290909737348557,,,
96600,0.0907481431961059,1.026953125,0.3861063420772552,,,
96610,0.0902278155088424,0.99765625,0.3063147664070129,,,
96620,0.090466845780611,0.95859375,0.2225450724363327,,,
96630,0.0872144259512424,1.015234375,0.3021690845489502,,,
96640,0.0885730393230915,0.971484375,0.2379438728094101,,,
96650,0.0887861065566539,0.971484375,0.3320803940296173,,,
96660,0.0835421174764633,0.96484375,0.4636174440383911,,,
96670,0.0873771376907825,1.00703125,0.3078592419624329,,,
96680,0.0874016292393207,0.941015625,0.2518198788166046,,,
96690,0.0872554369270801,1.01171875,0.269623339176178,,,
96700,0.0826396033167839,0.948046875,0.2837507724761963,,,
96710,0.0861206889152526,0.985546875,0.2621759176254272,,,
96720,0.0865143485367298,0.94921875,0.2312416881322861,,,
96730,0.0874963603913784,1.0046875,0.3200010359287262,,,
96740,0.0857368282973766,0.970703125,0.2452969998121262,,,
96750,0.0849689722061157,1.029296875,0.3340546488761902,,,
96760,0.0875866413116455,0.98515625,0.4712973535060883,,,
96770,0.0871336072683334,0.991015625,0.2563038468360901,,,
96780,0.0878488756716251,0.9984375,0.2507314682006836,,,
96790,0.0874197326600551,0.9640625,0.3723207116127014,,,
96800,0.0840254083275795,1.0265625,0.2965376675128937,,,
96810,0.0859957657754421,0.996484375,0.245273619890213,,,
96820,0.089696892350912,1.030859375,0.3129469156265259,,,
96830,0.0834334358572959,0.940625,0.2934064865112305,,,
96840,0.0836462512612342,0.997265625,0.2572015523910522,,,
96850,0.0868957720696926,1.00703125,0.2788018584251404,,,
96860,0.088571136444807,0.984375,0.4244159758090973,,,
96870,0.0899173401296138,0.966015625,0.2285914719104767,,,
96880,0.0854154907166957,0.9875,0.2254321277141571,,,
96890,0.0850286178290844,0.99296875,0.4095934927463531,,,
96900,0.0859600991010665,1.022265625,0.324429839849472,,,
96910,0.086178620904684,0.992578125,0.4438365697860718,,,
96920,0.0889729969203472,1.014453125,0.3678106665611267,,,
96930,0.0904646433889865,1.027734375,0.3593425452709198,,,
96940,0.0867505364120006,0.9953125,0.2730960249900818,,,
96950,0.086480339616537,0.96953125,0.2113326340913773,,,
96960,0.0903588131070137,0.984375,0.2823401391506195,,,
96970,0.0848948642611503,0.996484375,0.2910534739494324,,,
96980,0.085667461156845,0.977734375,0.3509662747383118,,,
96990,0.0898941561579704,1.0390625,0.3289814293384552,,,
97000,0.082833969593048,0.99921875,0.3379759192466736,0.6696787476539612,0.4401652586138404,0.5784042505261691
97010,0.0922187313437461,1.008203125,0.2858475744724274,,,
97020,0.0896629266440868,0.9828125,0.221282035112381,,,
97030,0.0899238497018814,1.001171875,0.2306047827005386,,,
97040,0.0861715778708458,0.980078125,0.22088623046875,,,
97050,0.0898713544011116,0.97890625,0.3143799006938934,,,
97060,0.0890513561666011,1.0171875,0.5205606818199158,,,
97070,0.0904228955507278,0.994140625,0.3107220232486725,,,
97080,0.0911274880170822,1.028515625,0.1837612092494965,,,
97090,0.0893334053456783,0.969921875,0.2485829889774323,,,
97100,0.0876183398067951,0.991796875,0.5320441722869873,,,
97110,0.0873570717871189,1.005078125,0.6702069044113159,,,
97120,0.0890475086867809,0.99609375,0.2709860801696777,,,
97130,0.0877669595181942,1.0171875,0.419565349817276,,,
97140,0.0857476383447647,0.990234375,0.3308079242706299,,,
97150,0.0843887157738208,1.030859375,0.360817939043045,,,
97160,0.0865560248494148,0.996484375,0.2496345490217209,,,
97170,0.0876659773290157,1.006640625,0.5151327252388,,,
97180,0.0867363706231117,1.00078125,0.3631430864334106,,,
97190,0.0867647252976894,0.98828125,0.3359111845493317,,,
97200,0.0892726123332977,0.98515625,0.4818788468837738,,,
97210,0.0879002563655376,0.95546875,0.3145345151424408,,,
97220,0.0870227210223674,1.024609375,0.292335033416748,,,
97230,0.08567865639925,0.98359375,0.3375720679759979,,,
97240,0.0871113643050193,1.011328125,0.2612097263336182,,,
97250,0.08784219622612,0.94921875,0.3103437423706055,,,
97260,0.0906426191329956,1.036328125,0.2874571979045868,,,
97270,0.0888655744493007,1.018359375,0.4082175195217133,,,
97280,0.0922405704855919,0.98984375,0.2501332759857178,,,
97290,0.0884021922945976,1.001953125,0.3303369581699371,,,
97300,0.086485306918621,1.003125,0.3814648687839508,,,
97310,0.0885309986770153,1.003515625,0.3307782113552094,,,
97320,0.0871002122759819,0.98828125,0.39017254114151,,,
97330,0.0898280523717403,0.97578125,0.2750534415245056,,,
97340,0.0832186251878738,0.97734375,0.2377077639102936,,,
97350,0.0849516063928604,0.97265625,0.1946052461862564,,,
97360,0.088070198893547,0.984765625,0.2229940444231033,,,
97370,0.0882425375282764,1.00625,0.4397834837436676,,,
97380,0.0860489398241043,0.973828125,0.3126108348369598,,,
97390,0.089540384709835,1.016015625,0.3167173564434052,,,
97400,0.090328924357891,1.02265625,0.4320140182971954,,,
97410,0.0875762596726417,0.994921875,0.4708204567432404,,,
97420,0.085753946006298,0.998046875,0.3001179993152618,,,
97430,0.0909502118825912,0.9765625,0.2864025831222534,,,
97440,0.0887762248516082,0.97109375,0.3905079364776611,,,
97450,0.0868037946522235,0.982421875,0.3143246471881866,,,
97460,0.0884459525346756,0.994140625,0.2982335984706879,,,
97470,0.0845849230885505,0.98984375,0.4234488308429718,,,
97480,0.0890920460224151,1.01953125,0.5138562917709351,,,
97490,0.0880453765392303,0.980859375,0.4128980934619904,,,
97500,0.0869159035384655,0.958984375,0.2561823427677155,,,
97510,0.0868709079921245,1.01640625,0.2838445603847504,,,
97520,0.0877161875367164,0.984375,0.2352105528116226,,,
97530,0.0889884106814861,0.994921875,0.3049100339412689,,,
97540,0.0894246876239776,1.0015625,0.4267241060733795,,,
97550,0.0882209978997707,0.98828125,0.4415570795536041,,,
97560,0.088351996243,0.971484375,0.2861350178718567,,,
97570,0.0835930742323398,0.944921875,0.2430907934904099,,,
97580,0.0846658006310463,0.95546875,0.2201544493436813,,,
97590,0.0882987529039383,0.98359375,0.339857816696167,,,
97600,0.0893066979944706,0.940625,0.2939425110816956,,,
97610,0.0894001826643943,0.9828125,0.2592801749706268,,,
97620,0.0853880420327186,0.958984375,0.3324483633041382,,,
97630,0.0873472146689891,0.9390625,0.2404744923114777,,,
97640,0.090396873652935,0.9828125,0.2502148449420929,,,
97650,0.0876567296683788,1.00625,0.2979417443275452,,,
97660,0.0857162371277809,0.966796875,0.3565120995044708,,,
97670,0.0856905579566955,0.9578125,0.3535783886909485,,,
97680,0.085194981098175,0.990625,0.2218409925699234,,,
97690,0.0824214421212673,0.9453125,0.6977997422218323,,,
97700,0.0869471207261085,0.94609375,0.3212671875953674,,,
97710,0.0828316815197467,0.9828125,0.2907513082027435,,,
97720,0.0871538937091827,1.021875,0.4180887341499329,,,
97730,0.0850380197167396,0.9765625,0.2667504549026489,,,
97740,0.0876018695533275,0.99140625,0.3015391826629639,,,
97750,0.0905632890760898,1.016015625,0.325775533914566,,,
97760,0.0884356759488582,0.98984375,0.2731201350688934,,,
97770,0.0874585807323455,0.949609375,0.3048039674758911,,,
97780,0.0871567323803901,0.984765625,0.4094245433807373,,,
97790,0.0879560627043247,1.005078125,0.2847894728183746,,,
97800,0.0827586695551872,0.95,0.2738847434520721,,,
97810,0.0856813393533229,0.976171875,0.3486359119415283,,,
97820,0.088583368808031,0.962109375,0.2519642412662506,,,
97830,0.0836163721978664,0.99921875,0.2405867278575897,,,
97840,0.0861240103840828,0.998828125,0.3308061361312866,,,
97850,0.0906779170036315,1.018359375,0.2217609286308289,,,
97860,0.085065034776926,1.019140625,0.2941256165504456,,,
97870,0.0879538178443908,0.94140625,0.4372405111789703,,,
97880,0.0883154369890689,1.00078125,0.3453421592712402,,,
97890,0.0838788397610187,0.952734375,0.2315203845500946,,,
97900,0.084898505359888,0.99609375,0.3018745481967926,,,
97910,0.086381410062313,1.009375,0.2477119266986847,,,
97920,0.0843949876725673,0.97890625,0.3998084962368011,,,
97930,0.0897605419158935,1.009375,0.2985454797744751,,,
97940,0.0819254755973815,0.987109375,0.3250435590744019,,,
97950,0.0883677057921886,1.0109375,0.3563309013843536,,,
97960,0.0883793845772743,1.061328125,0.5315863490104675,,,
97970,0.0873534239828586,1.011328125,0.3943421542644501,,,
97980,0.0888531163334846,0.99453125,0.306434839963913,,,
97990,0.0847739055752754,0.9734375,0.2550119459629059,,,
98000,0.0864566154778003,1.016796875,0.2446971535682678,0.6681845784187317,0.4348814973671952,0.5739049320099984
98010,0.0890185117721557,0.9921875,0.2467165142297745,,,
98020,0.0853548660874366,0.971484375,0.2888690531253815,,,
98030,0.0845649622380733,1.000390625,0.3676407337188721,,,
98040,0.0879503726959228,0.964453125,0.2640669643878937,,,
98050,0.0850903391838073,0.985546875,0.304349422454834,,,
98060,0.0858242578804493,0.97890625,0.2808448672294617,,,
98070,0.0880858317017555,0.948046875,0.2006969898939133,,,
98080,0.0846529737114906,1.03203125,0.3188373446464539,,,
98090,0.0873549617826938,1.004296875,0.4495038986206055,,,
98100,0.086842855811119,0.986328125,0.2785394191741943,,,
98110,0.0916047878563404,0.98828125,0.3206248879432678,,,
98120,0.0867729566991329,0.98046875,0.3588264882564545,,,
98130,0.087233567237854,1.00078125,0.2789143025875092,,,
98140,0.0889127254486084,0.970703125,0.2690353095531464,,,
98150,0.0923290930688381,0.998046875,0.483824759721756,,,
98160,0.0886390022933483,1.015234375,0.3045462667942047,,,
98170,0.0835823491215705,1.001953125,0.3731956481933594,,,
98180,0.0930774219334125,1.007421875,0.2978026568889618,,,
98190,0.0896375745534896,0.984375,0.3058620393276215,,,
98200,0.0857821129262447,1.030859375,0.2653393447399139,,,
98210,0.0873207762837409,0.96171875,0.3491019606590271,,,
98220,0.0873851217329502,0.994140625,0.266893595457077,,,
98230,0.085870061814785,1.011328125,0.2800775468349457,,,
98240,0.0897204957902431,1.023828125,0.3781270384788513,,,
98250,0.0849497690796852,1.001953125,0.3972938358783722,,,
98260,0.0857997573912143,0.976171875,0.4272668361663818,,,
98270,0.0877693332731723,0.991796875,0.273973286151886,,,
98280,0.0907689489424228,1.02265625,0.2751854062080383,,,
98290,0.0882950998842716,1.00703125,0.2699052393436432,,,
98300,0.0849765628576278,0.95390625,0.301924467086792,,,
98310,0.0846519730985164,0.979296875,0.285047173500061,,,
98320,0.0845364354550838,0.98828125,0.2916970252990723,,,
98330,0.0879159353673458,1.009765625,0.256494551897049,,,
98340,0.0866061978042125,0.98359375,0.4992607235908508,,,
98350,0.0845919303596019,0.976953125,0.449365645647049,,,
98360,0.0876419365406036,1.002734375,0.2160297185182571,,,
98370,0.0858700715005397,1.006640625,0.3284620940685272,,,
98380,0.0854699894785881,0.9421875,0.1965318471193314,,,
98390,0.0908923089504241,1.016015625,0.3333621025085449,,,
98400,0.0853957779705524,0.970703125,0.3320633471012115,,,
98410,0.0904735438525676,0.969140625,0.4309045672416687,,,
98420,0.0880172856152057,1.06328125,0.3281481862068176,,,
98430,0.0871097303926944,0.9796875,0.3735496699810028,,,
98440,0.090591163188219,0.95078125,0.29830601811409,,,
98450,0.0869026459753513,0.990234375,0.2432551980018616,,,
98460,0.0846193619072437,0.97265625,0.5312473177909851,,,
98470,0.0844201557338237,1.040234375,0.6425212621688843,,,
98480,0.088600392639637,0.976171875,0.2506647706031799,,,
98490,0.0884722188115119,0.993359375,0.3817015886306763,,,
98500,0.0870940268039703,0.94921875,0.5199194550514221,,,
98510,0.0859219588339328,0.98203125,0.2357639372348785,,,
98520,0.0871467888355255,0.987890625,0.2726604044437408,,,
98530,0.0891538485884666,0.997265625,0.2778866291046143,,,
98540,0.0854662597179412,0.966015625,0.3556241691112518,,,
98550,0.0888786561787128,1.0296875,0.3271743953227997,,,
98560,0.0834166139364242,0.9671875,0.4854081571102142,,,
98570,0.0834456369280815,0.94375,0.277271568775177,,,
98580,0.0835813596844673,0.985546875,0.2518518567085266,,,
98590,0.086949586123228,1.0171875,0.3126633167266846,,,
98600,0.0868830144405365,0.982421875,0.2711309194564819,,,
98610,0.084866015613079,1.016796875,0.398328572511673,,,
98620,0.0892593324184417,1.017578125,0.3464648127555847,,,
98630,0.0843769207596778,0.973828125,0.3182365298271179,,,
98640,0.0887317523360252,1.00078125,0.3476724028587341,,,
98650,0.0867012985050678,0.969921875,0.2432239651679993,,,
98660,0.0886097617447376,1.02890625,0.3312862515449524,,,
98670,0.0887628763914108,1.003515625,0.323032945394516,,,
98680,0.0873746663331985,0.987890625,0.3018839657306671,,,
98690,0.0871592797338962,1.03828125,0.7411488890647888,,,
98700,0.0882434077560901,0.962890625,0.225241094827652,,,
98710,0.0862913869321346,0.996484375,0.3101533055305481,,,
98720,0.0850870288908481,0.91484375,0.2010170817375183,,,
98730,0.0861809641122818,1.02578125,0.3172416687011719,,,
98740,0.0881715551018715,0.990625,0.3449401259422302,,,
98750,0.0871434405446052,0.95234375,0.5479520559310913,,,
98760,0.0878668703138828,0.983203125,0.4159699082374573,,,
98770,0.0850277431309223,1.036328125,0.2938273251056671,,,
98780,0.0880578026175498,0.98515625,0.509304940700531,,,
98790,0.0904711082577705,0.98984375,0.4374615550041199,,,
98800,0.0884367167949676,1.030859375,0.420422375202179,,,
98810,0.0849367395043373,0.961328125,0.2347038388252258,,,
98820,0.0837589733302593,0.98671875,0.2905696928501129,,,
98830,0.0848929695785045,0.99453125,0.3292915523052216,,,
98840,0.0884437412023544,0.996875,0.31070676445961,,,
98850,0.0882437318563461,0.978515625,0.209941029548645,,,
98860,0.0894927911460399,1.059765625,0.4497972428798676,,,
98870,0.0900157652795314,1.02109375,0.2755719125270844,,,
98880,0.0908277675509452,0.966015625,0.4296906292438507,,,
98890,0.0899521693587303,1.00390625,0.2313850671052933,,,
98900,0.0844199456274509,0.96875,0.4918507039546967,,,
98910,0.0877363801002502,1.021875,0.2621498703956604,,,
98920,0.0866263590753078,0.996875,0.3185373842716217,,,
98930,0.0871157452464103,1.034375,0.2868608832359314,,,
98940,0.0884232394397258,0.950390625,0.2871673107147217,,,
98950,0.0847176015377044,0.996484375,0.3423958122730255,,,
98960,0.0852389022707939,1.007421875,0.2527541816234589,,,
98970,0.0856569461524486,0.987890625,0.2384601682424545,,,
98980,0.0881046302616596,0.97421875,0.4235036373138428,,,
98990,0.0859298720955848,0.987890625,0.4883241355419159,,,
99000,0.0882987022399902,1.0,0.3621067404747009,0.6689114570617676,0.4381210337331642,0.5730762060639287
99010,0.0865124113857746,0.955078125,0.4900196492671967,,,
99020,0.0834549061954021,0.94296875,0.3793396353721619,,,
99030,0.08760941401124,0.9953125,0.358350545167923,,,
99040,0.0860285311937332,0.99296875,0.2219625115394592,,,
99050,0.0867614723742008,0.949609375,0.4324451088905334,,,
99060,0.0830696314573287,0.971484375,0.2415846139192581,,,
99070,0.0843310743570327,1.00546875,0.3939420878887177,,,
99080,0.0893828719854354,0.96640625,0.4776721000671387,,,
99090,0.0869797512888908,0.99921875,0.3883476257324219,,,
99100,0.0850237764418125,0.955078125,0.2082385867834091,,,
99110,0.0864054597914218,0.959765625,0.3220333158969879,,,
99120,0.0863714203238487,0.999609375,0.244084432721138,,,
99130,0.0849799633026123,0.978515625,0.2987549006938934,,,
99140,0.084600032120943,0.95234375,0.2364774644374847,,,
99150,0.0838975578546524,0.98046875,0.3637228608131409,,,
99160,0.0862716510891914,1.015625,0.2133594453334808,,,
99170,0.0865891672670841,0.97265625,0.3533710837364197,,,
99180,0.0821011587977409,1.00390625,0.2281909286975861,,,
99190,0.0831607140600681,0.9671875,0.2010454088449478,,,
99200,0.0901829153299331,1.01875,0.2034170031547546,,,
99210,0.0857310332357883,0.9734375,0.2406045794487,,,
99220,0.0879852995276451,1.001171875,0.3950318694114685,,,
99230,0.0889505982398986,0.98828125,0.285734087228775,,,
99240,0.0850886017084121,1.007421875,0.257192999124527,,,
99250,0.0842626832425594,1.006640625,0.4065139591693878,,,
99260,0.0873792968690395,0.950390625,0.6485990285873413,,,
99270,0.0870123662054538,0.995703125,0.2825640738010406,,,
99280,0.0849799498915672,0.9765625,0.3567213714122772,,,
99290,0.0838638514280319,0.977734375,0.3533232510089874,,,
99300,0.0833434477448463,0.99765625,0.296702116727829,,,
99310,0.0841289013624191,0.95859375,0.2934334874153137,,,
99320,0.0868426859378814,0.9890625,0.268146812915802,,,
99330,0.0836711950600147,0.976171875,0.3229590952396393,,,
99340,0.0916889823973178,1.015625,0.3091011941432953,,,
99350,0.0858583934605121,0.98046875,0.3176310062408447,,,
99360,0.0827732682228088,0.954296875,0.3615681529045105,,,
99370,0.086163330078125,0.989453125,0.2137247771024704,,,
99380,0.0914449125528335,1.049609375,0.6961892247200012,,,
99390,0.0868864245712757,0.979296875,0.2609618604183197,,,
99400,0.0894759148359298,0.996484375,0.379693329334259,,,
99410,0.0888712093234062,0.98125,0.2752219438552856,,,
99420,0.0859075367450714,0.95703125,0.3427397310733795,,,
99430,0.0857703544199466,1.023046875,0.3848015964031219,,,
99440,0.0905839890241622,0.982421875,0.2835224568843842,,,
99450,0.0862971849739551,0.9640625,0.3077379465103149,,,
99460,0.089455210417509,0.993359375,0.3017207384109497,,,
99470,0.0872572764754295,0.94296875,0.3698576390743256,,,
99480,0.0891272149980068,1.012109375,0.2243019044399261,,,
99490,0.0863208785653114,1.0140625,0.2432344853878021,,,
99500,0.0865126654505729,1.01953125,0.3610538840293884,,,
99510,0.0900394491851329,1.047265625,0.5036011338233948,,,
99520,0.0841023132205009,1.004296875,0.3221220076084137,,,
99530,0.0863970048725605,0.96015625,0.3832697868347168,,,
99540,0.0869889266788959,0.980859375,0.4890913963317871,,,
99550,0.0879675962030887,1.0421875,0.6445615291595459,,,
99560,0.0862430535256862,0.975390625,0.2873050570487976,,,
99570,0.0895240075886249,1.02890625,0.2810703814029694,,,
99580,0.0842695996165275,0.975,0.4922459423542023,,,
99590,0.0871823318302631,0.99140625,0.386135995388031,,,
99600,0.0896301202476024,1.0203125,0.2676237523555756,,,
99610,0.0871100679039955,0.974609375,0.3372307121753693,,,
99620,0.0865622714161872,1.03671875,0.2805282473564148,,,
99630,0.087600765377283,0.996875,0.3241948187351227,,,
99640,0.0849123381078243,0.971484375,0.2663509249687195,,,
99650,0.088590233027935,0.98984375,0.4075610041618347,,,
99660,0.0870243214070796,0.983984375,0.371796727180481,,,
99670,0.0897244170308113,0.965625,0.377572774887085,,,
99680,0.0892862237989902,0.9921875,0.3829300999641418,,,
99690,0.0879142649471759,0.9765625,0.3564653694629669,,,
99700,0.0858511164784431,0.9484375,0.3677911758422852,,,
99710,0.086714519560337,1.01640625,0.3613255023956299,,,
99720,0.0886979646980762,0.976171875,0.2736206650733948,,,
99730,0.0877657368779182,1.014453125,0.456090122461319,,,
99740,0.087384757399559,0.9984375,0.2649894058704376,,,
99750,0.088452810794115,0.985546875,0.2564567625522614,,,
99760,0.0861448064446449,0.997265625,0.2542547285556793,,,
99770,0.0898209832608699,0.98203125,0.5550804734230042,,,
99780,0.0854808174073696,0.982421875,0.3306517601013184,,,
99790,0.0888915099203586,1.001171875,0.3628020584583282,,,
99800,0.0851915806531906,0.9796875,0.4684845507144928,,,
99810,0.0873215831816196,0.973046875,0.4034831523895264,,,
99820,0.0850734233856201,1.028125,0.4551254212856293,,,
99830,0.0882065325975418,0.976953125,0.2586038708686829,,,
99840,0.0825917541980743,0.92890625,0.3053356409072876,,,
99850,0.0865562856197357,0.97265625,0.2235669642686844,,,
99860,0.0849880784749984,1.019140625,0.3205123245716095,,,
99870,0.0892368182539939,1.001953125,0.341130405664444,,,
99880,0.0879380233585834,0.99453125,0.2937054336071014,,,
99890,0.085820447653532,0.983984375,0.4498887062072754,,,
99900,0.0874337747693061,1.02578125,0.2905678451061249,,,
99910,0.0860196597874164,0.984375,0.4602630436420441,,,
99920,0.0890210479497909,1.0484375,0.3303206562995911,,,
99930,0.0856598757207393,0.945703125,0.4829620718955994,,,
99940,0.0865614667534828,0.997265625,0.3401431143283844,,,
99950,0.0841469429433345,1.029296875,0.375061959028244,,,
99960,0.0887746714055538,1.0140625,0.3580242991447449,,,
99970,0.0886306911706924,0.990625,0.4569594860076904,,,
99980,0.0847923979163169,0.991015625,0.271400511264801,,,
99990,0.0890934586524963,1.005078125,0.2222718447446823,,,
100000,0.0837868995964527,0.959765625,0.275009959936142,0.6669915318489075,0.4425907701021151,0.5731380046051578
